data,regiao,categoria,produto,canal,unidades,preco_unitario,receita,custo,lucro,satisfacao
2024-01-01,Centro-Oeste,Casa e Decoração,Vaso Raiz,Loja física,4,597.52,2390.08,1489.75,900.33,4.0
2024-01-01,Sudeste,Casa e Decoração,Cadeira Foco,Loja física,1,382.37,382.37,209.29,173.08,4.0
2024-01-01,Norte,Eletrônicos,Notebook Aura,E-commerce,7,1590.6,11134.2,8738.1,2396.1,3.0
2024-01-01,Sul,Eletrônicos,Tablet Nimbus,E-commerce,5,2068.77,10343.85,8800.13,1543.72,4.6
2024-01-01,Nordeste,Casa e Decoração,Vaso Raiz,E-commerce,2,144.39,288.78,177.4,111.38,4.5
2024-01-02,Nordeste,Eletrônicos,Notebook Aura,Marketplace,5,1857.73,9288.65,8208.69,1079.96,2.3
2024-01-02,Nordeste,Casa e Decoração,Vaso Raiz,E-commerce,2,312.74,625.48,335.16,290.32,5.0
2024-01-02,Norte,Casa e Decoração,Tapete Onda,E-commerce,3,224.12,672.36,393.93,278.43,3.8
2024-01-02,Sudeste,Casa e Decoração,Tapete Onda,E-commerce,4,173.96,695.84,474.33,221.51,2.9
2024-01-03,Sul,Eletrônicos,Tablet Nimbus,E-commerce,5,2428.45,12142.25,10192.88,1949.37,3.6
2024-01-03,Nordeste,Eletrônicos,Notebook Aura,Loja física,3,1802.45,5407.35,4817.74,589.61,4.0
2024-01-03,Sudeste,Casa e Decoração,Cadeira Foco,E-commerce,8,199.7,1597.6,829.74,767.86,3.5
2024-01-03,Nordeste,Alimentos,Granola Cheia,E-commerce,1,76.07,76.07,55.46,20.61,3.6
2024-01-04,Sul,Vestuário,Jaqueta Norte,E-commerce,3,125.88,377.64,211.24,166.4,3.6
2024-01-04,Sudeste,Alimentos,Azeite Oliva,Marketplace,4,29.52,118.08,95.12,22.96,4.5
2024-01-04,Nordeste,Esporte e Lazer,Barraca Cume,E-commerce,3,403.05,1209.15,777.3,431.85,4.1
2024-01-04,Nordeste,Alimentos,Chá Manhã,E-commerce,2,21.74,43.48,33.7,9.78,3.7
2024-01-04,Sudeste,Esporte e Lazer,Barraca Cume,Loja física,8,484.95,3879.6,2463.9,1415.7,3.0
2024-01-04,Sul,Esporte e Lazer,Prancha Maré,E-commerce,3,442.64,1327.92,924.07,403.85,3.9
2024-01-04,Nordeste,Alimentos,Chá Manhã,Loja física,2,57.0,114.0,78.5,35.5,3.3
2024-01-04,Sudeste,Vestuário,Jaqueta Norte,Loja física,2,158.43,316.86,145.53,171.33,3.6
2024-01-04,Sudeste,Esporte e Lazer,Bicicleta Rota,Marketplace,1,415.77,415.77,326.82,88.95,3.9
2024-01-04,Sudeste,Alimentos,Azeite Oliva,E-commerce,5,16.8,84.0,59.18,24.82,3.7
2024-01-04,Sul,Eletrônicos,Notebook Aura,E-commerce,3,1903.13,5709.39,5004.06,705.33,3.6
2024-01-05,Sudeste,Esporte e Lazer,Bicicleta Rota,E-commerce,1,300.72,300.72,221.12,79.6,3.5
2024-01-05,Sudeste,Eletrônicos,Monitor Vista,E-commerce,2,2407.51,4815.02,3630.43,1184.59,3.8
2024-01-05,Centro-Oeste,Eletrônicos,Notebook Aura,Marketplace,1,2597.84,2597.84,2386.19,211.65,2.6
2024-01-05,Sudeste,Alimentos,Granola Cheia,E-commerce,5,68.57,342.85,231.52,111.33,4.1
2024-01-06,Sudeste,Eletrônicos,Tablet Nimbus,E-commerce,2,1409.31,2818.62,2450.89,367.73,4.1
2024-01-06,Nordeste,Casa e Decoração,Luminária Sol,Marketplace,2,400.71,801.42,549.06,252.36,3.8
2024-01-06,Sudeste,Esporte e Lazer,Barraca Cume,Loja física,5,702.12,3510.6,2187.9,1322.7,3.1
2024-01-06,Sul,Casa e Decoração,Luminária Sol,Marketplace,3,434.89,1304.67,841.6,463.07,3.4
2024-01-06,Nordeste,Alimentos,Azeite Oliva,Loja física,5,66.28,331.4,211.76,119.64,4.2
2024-01-06,Sul,Eletrônicos,Notebook Aura,Loja física,3,1878.78,5636.34,4381.61,1254.73,3.6
2024-01-06,Sul,Eletrônicos,Notebook Aura,Loja física,3,2020.7,6062.1,5207.83,854.27,3.9
2024-01-07,Centro-Oeste,Esporte e Lazer,Barraca Cume,Marketplace,2,220.36,440.72,301.45,139.27,4.6
2024-01-07,Norte,Casa e Decoração,Tapete Onda,Marketplace,2,401.4,802.8,500.65,302.15,4.7
2024-01-07,Nordeste,Alimentos,Granola Cheia,Loja física,5,17.06,85.3,64.75,20.55,4.7
2024-01-07,Sul,Alimentos,Azeite Oliva,Loja física,7,26.16,183.12,146.54,36.58,2.9
2024-01-07,Centro-Oeste,Esporte e Lazer,Barraca Cume,Loja física,5,217.61,1088.05,681.48,406.57,4.1
2024-01-08,Sudeste,Casa e Decoração,Cadeira Foco,E-commerce,3,350.26,1050.78,664.73,386.05,3.1
2024-01-08,Centro-Oeste,Esporte e Lazer,Bicicleta Rota,E-commerce,4,463.18,1852.72,1220.75,631.97,4.6
2024-01-08,Sul,Casa e Decoração,Cadeira Foco,Loja física,5,614.06,3070.3,1708.36,1361.94,4.8
2024-01-08,Norte,Esporte e Lazer,Halteres Par,Loja física,3,396.31,1188.93,720.16,468.77,4.5
2024-01-09,Sul,Esporte e Lazer,Halteres Par,E-commerce,4,431.55,1726.2,1086.27,639.93,3.9
2024-01-09,Sudeste,Alimentos,Café Serra,Loja física,3,60.4,181.2,124.95,56.25,3.5
2024-01-09,Norte,Alimentos,Granola Cheia,E-commerce,2,61.91,123.82,86.46,37.36,3.6
2024-01-09,Nordeste,Eletrônicos,Tablet Nimbus,E-commerce,6,1927.22,11563.32,9676.89,1886.43,4.0
2024-01-10,Nordeste,Eletrônicos,Fone Pulse,Marketplace,3,2377.82,7133.46,6592.8,540.66,3.5
2024-01-11,Sudeste,Esporte e Lazer,Bicicleta Rota,Loja física,3,252.1,756.3,518.02,238.28,2.8
2024-01-11,Norte,Eletrônicos,Tablet Nimbus,E-commerce,2,675.21,1350.42,1248.46,101.96,3.1
2024-01-11,Nordeste,Esporte e Lazer,Halteres Par,E-commerce,3,472.61,1417.83,1004.1,413.73,5.0
2024-01-11,Sudeste,Alimentos,Azeite Oliva,Loja física,4,16.8,67.2,49.0,18.2,3.8
2024-01-11,Centro-Oeste,Eletrônicos,Fone Pulse,E-commerce,2,2479.63,4959.26,4291.62,667.64,3.7
2024-01-12,Sudeste,Eletrônicos,Monitor Vista,E-commerce,6,1351.65,8109.9,6820.17,1289.73,3.4
2024-01-12,Sudeste,Alimentos,Chá Manhã,Loja física,5,38.13,190.65,156.76,33.89,3.7
2024-01-13,Nordeste,Vestuário,Calça Trilha,Loja física,3,147.44,442.32,212.95,229.37,2.8
2024-01-13,Nordeste,Eletrônicos,Monitor Vista,Marketplace,3,2209.03,6627.09,6050.82,576.27,4.0
2024-01-13,Norte,Casa e Decoração,Tapete Onda,E-commerce,3,644.06,1932.18,1112.96,819.22,4.0
2024-01-13,Sudeste,Esporte e Lazer,Prancha Maré,E-commerce,6,407.23,2443.38,1488.62,954.76,3.7
2024-01-14,Norte,Casa e Decoração,Luminária Sol,Marketplace,1,417.86,417.86,295.39,122.47,4.7
2024-01-14,Sudeste,Vestuário,Tênis Passo,E-commerce,3,221.65,664.95,298.1,366.85,3.5
2024-01-14,Sul,Eletrônicos,Monitor Vista,Loja física,4,1210.17,4840.68,4012.15,828.53,3.5
2024-01-14,Nordeste,Casa e Decoração,Tapete Onda,E-commerce,4,384.33,1537.32,912.89,624.43,4.8
2024-01-14,Sudeste,Vestuário,Camiseta Base,Loja física,3,142.87,428.61,183.49,245.12,3.7
2024-01-14,Norte,Eletrônicos,Monitor Vista,Marketplace,2,1407.91,2815.82,2450.9,364.92,3.8
2024-01-15,Sul,Vestuário,Calça Trilha,E-commerce,3,161.65,484.95,237.26,247.69,5.0
2024-01-15,Norte,Eletrônicos,Fone Pulse,Marketplace,2,980.6,1961.2,1816.76,144.44,3.9
2024-01-16,Centro-Oeste,Esporte e Lazer,Halteres Par,Loja física,3,581.1,1743.3,1094.65,648.65,4.3
2024-01-16,Sudeste,Casa e Decoração,Vaso Raiz,E-commerce,3,299.9,899.7,492.38,407.32,3.1
2024-01-16,Sudeste,Esporte e Lazer,Prancha Maré,Marketplace,1,389.35,389.35,293.66,95.69,3.4
2024-01-16,Centro-Oeste,Vestuário,Tênis Passo,Loja física,1,132.74,132.74,56.44,76.3,4.6
2024-01-16,Sul,Esporte e Lazer,Bicicleta Rota,E-commerce,2,366.4,732.8,535.72,197.08,4.3
2024-01-16,Sudeste,Esporte e Lazer,Halteres Par,E-commerce,4,548.44,2193.76,1418.8,774.96,3.9
2024-01-17,Sudeste,Eletrônicos,Notebook Aura,E-commerce,1,1324.06,1324.06,993.6,330.46,4.2
2024-01-17,Sul,Vestuário,Jaqueta Norte,Loja física,3,137.98,413.94,187.73,226.21,4.0
2024-01-17,Norte,Alimentos,Chá Manhã,Loja física,2,44.1,88.2,61.25,26.95,4.8
2024-01-17,Nordeste,Vestuário,Camiseta Base,E-commerce,3,100.42,301.26,153.52,147.74,4.9
2024-01-17,Sudeste,Esporte e Lazer,Bicicleta Rota,Loja física,5,433.9,2169.5,1506.22,663.28,4.3
2024-01-17,Nordeste,Casa e Decoração,Vaso Raiz,Loja física,2,233.14,466.28,271.67,194.61,3.8
2024-01-17,Sudeste,Casa e Decoração,Cadeira Foco,E-commerce,8,151.49,1211.92,831.21,380.71,2.7
2024-01-18,Sudeste,Esporte e Lazer,Halteres Par,Loja física,5,585.51,2927.55,1797.51,1130.04,3.8
2024-01-18,Sudeste,Esporte e Lazer,Prancha Maré,Loja física,4,332.61,1330.44,848.95,481.49,2.8
2024-01-18,Sudeste,Alimentos,Chá Manhã,Loja física,2,45.76,91.52,65.3,26.22,4.5
2024-01-18,Sul,Alimentos,Granola Cheia,E-commerce,2,49.69,99.38,76.23,23.15,3.7
2024-01-18,Nordeste,Eletrônicos,Fone Pulse,Marketplace,2,1873.24,3746.48,3566.59,179.89,2.2
2024-01-18,Nordeste,Casa e Decoração,Luminária Sol,E-commerce,6,383.15,2298.9,1410.14,888.76,3.8
2024-01-18,Sul,Alimentos,Azeite Oliva,Loja física,3,46.14,138.42,98.31,40.11,4.2
2024-01-18,Sul,Alimentos,Café Serra,E-commerce,3,75.85,227.55,181.92,45.63,2.7
2024-01-19,Sudeste,Casa e Decoração,Vaso Raiz,E-commerce,5,112.0,560.0,262.45,297.55,4.0
2024-01-19,Sudeste,Casa e Decoração,Vaso Raiz,Loja física,5,463.87,2319.35,1333.53,985.82,3.2
2024-01-19,Centro-Oeste,Vestuário,Camiseta Base,E-commerce,2,211.46,422.92,215.48,207.44,4.8
2024-01-19,Sul,Esporte e Lazer,Barraca Cume,E-commerce,2,500.24,1000.48,586.51,413.97,3.2
2024-01-19,Sudeste,Vestuário,Tênis Passo,Loja física,3,55.65,166.95,69.78,97.17,3.1
2024-01-20,Norte,Casa e Decoração,Luminária Sol,Marketplace,4,319.65,1278.6,918.94,359.66,3.1
2024-01-20,Sudeste,Eletrônicos,Tablet Nimbus,Loja física,6,2278.85,13673.1,12181.75,1491.35,3.9
2024-01-20,Nordeste,Vestuário,Jaqueta Norte,E-commerce,2,179.87,359.74,194.63,165.11,3.9
2024-01-20,Sudeste,Vestuário,Tênis Passo,Marketplace,4,170.28,681.12,411.05,270.07,
2024-01-20,Nordeste,Casa e Decoração,Tapete Onda,E-commerce,1,427.46,427.46,253.36,174.1,4.3
2024-01-20,Sudeste,Casa e Decoração,Cadeira Foco,E-commerce,1,336.72,336.72,226.09,110.63,4.1
2024-01-22,Sul,Eletrônicos,Tablet Nimbus,Loja física,2,1658.68,3317.36,2653.63,663.73,3.6
2024-01-22,Norte,Casa e Decoração,Vaso Raiz,Loja física,2,427.09,854.18,477.84,376.34,3.9
2024-01-22,Nordeste,Casa e Decoração,Tapete Onda,Loja física,1,339.41,339.41,203.78,135.63,4.2
2024-01-22,Centro-Oeste,Alimentos,Chá Manhã,Marketplace,1,69.67,69.67,59.28,10.39,2.4
2024-01-22,Centro-Oeste,Eletrônicos,Fone Pulse,Marketplace,3,1889.45,5668.35,5066.13,602.22,4.3
2024-01-23,Sul,Esporte e Lazer,Prancha Maré,E-commerce,2,245.41,490.82,265.23,225.59,5.0
2024-01-23,Sul,Alimentos,Chá Manhã,E-commerce,2,48.07,96.14,65.88,30.26,3.5
2024-01-23,Norte,Vestuário,Tênis Passo,Marketplace,4,191.47,765.88,428.05,337.83,3.9
2024-01-23,Sudeste,Vestuário,Calça Trilha,Marketplace,3,209.89,629.67,389.47,240.2,4.1
2024-01-23,Nordeste,Eletrônicos,Tablet Nimbus,E-commerce,3,2296.83,6890.49,5882.93,1007.56,3.7
2024-01-23,Sul,Vestuário,Camiseta Base,E-commerce,2,155.22,310.44,171.19,139.25,3.9
2024-01-24,Sul,Eletrônicos,Monitor Vista,E-commerce,2,1767.74,3535.48,2871.99,663.49,3.8
2024-01-24,Nordeste,Esporte e Lazer,Bicicleta Rota,E-commerce,1,321.18,321.18,197.02,124.16,4.8
2024-01-24,Sul,Eletrônicos,Monitor Vista,Marketplace,3,1969.94,5909.82,5114.09,795.73,4.1
2024-01-24,Nordeste,Alimentos,Granola Cheia,E-commerce,7,18.46,129.22,93.9,35.32,3.8
2024-01-24,Norte,Casa e Decoração,Tapete Onda,E-commerce,2,322.73,645.46,346.81,298.65,3.6
2024-01-24,Sudeste,Vestuário,Calça Trilha,Marketplace,2,315.73,631.46,326.01,305.45,3.7
2024-01-26,Nordeste,Alimentos,Azeite Oliva,E-commerce,3,30.6,91.8,69.05,22.75,3.0
2024-01-26,Sudeste,Alimentos,Café Serra,E-commerce,1,57.12,57.12,44.29,12.83,3.7
2024-01-26,Sudeste,Esporte e Lazer,Bicicleta Rota,E-commerce,2,487.34,974.68,599.37,375.31,4.0
2024-01-26,Nordeste,Eletrônicos,Monitor Vista,E-commerce,3,1925.28,5775.84,4885.8,890.04,2.8
2024-01-26,Nordeste,Esporte e Lazer,Barraca Cume,Loja física,3,184.42,553.26,376.99,176.27,4.4
2024-01-26,Sudeste,Esporte e Lazer,Prancha Maré,E-commerce,2,466.68,933.36,588.53,344.83,5.0
2024-01-27,Nordeste,Casa e Decoração,Luminária Sol,E-commerce,5,255.86,1279.3,762.66,516.64,3.5
2024-01-27,Sudeste,Vestuário,Camiseta Base,E-commerce,3,80.48,241.44,115.89,125.55,3.9
2024-01-27,Sudeste,Eletrônicos,Monitor Vista,E-commerce,3,2306.94,6920.82,6001.26,919.56,2.8
2024-01-27,Sudeste,Esporte e Lazer,Barraca Cume,E-commerce,7,509.69,3567.83,2157.39,1410.44,3.8
2024-01-27,Sudeste,Casa e Decoração,Vaso Raiz,Marketplace,4,204.01,816.04,537.23,278.81,2.7
2024-01-28,Nordeste,Esporte e Lazer,Halteres Par,E-commerce,1,328.43,328.43,219.43,109.0,3.5
2024-01-28,Nordeste,Vestuário,Calça Trilha,E-commerce,2,127.1,254.2,138.45,115.75,3.6
2024-01-28,Nordeste,Esporte e Lazer,Halteres Par,Marketplace,5,163.46,817.3,538.18,279.12,3.6
2024-01-28,Centro-Oeste,Esporte e Lazer,Bicicleta Rota,E-commerce,5,524.36,2621.8,1422.57,1199.23,3.6
2024-01-28,Norte,Vestuário,Camiseta Base,E-commerce,2,203.0,406.0,190.12,215.88,4.1
2024-01-28,Norte,Casa e Decoração,Luminária Sol,Loja física,1,280.09,280.09,170.32,109.77,4.4
2024-01-29,Sudeste,Eletrônicos,Tablet Nimbus,Loja física,4,1967.31,7869.24,6535.68,1333.56,3.4
2024-01-29,Sul,Alimentos,Granola Cheia,Loja física,3,47.49,142.47,97.97,44.5,4.1
2024-01-29,Sul,Vestuário,Jaqueta Norte,E-commerce,4,165.31,661.24,301.84,359.4,
2024-01-30,Centro-Oeste,Vestuário,Camiseta Base,Loja física,2,84.89,169.78,73.28,96.5,4.3
2024-01-30,Centro-Oeste,Casa e Decoração,Tapete Onda,E-commerce,2,378.61,757.22,477.41,279.81,4.1
2024-01-30,Centro-Oeste,Eletrônicos,Tablet Nimbus,E-commerce,1,1285.76,1285.76,1098.73,187.03,4.3
2024-01-30,Norte,Vestuário,Camiseta Base,E-commerce,2,196.48,392.96,181.48,211.48,3.7
2024-01-30,Sudeste,Esporte e Lazer,Halteres Par,Loja física,7,250.27,1751.89,1093.68,658.21,4.4
2024-01-30,Centro-Oeste,Eletrônicos,Notebook Aura,E-commerce,3,1225.95,3677.85,2898.65,779.2,3.3
2024-01-31,Centro-Oeste,Eletrônicos,Monitor Vista,E-commerce,1,1836.54,1836.54,1396.38,440.16,3.5
2024-01-31,Sudeste,Casa e Decoração,Vaso Raiz,E-commerce,3,313.94,941.82,628.78,313.04,3.7
2024-01-31,Norte,Eletrônicos,Notebook Aura,Marketplace,3,1899.8,5699.4,5175.35,524.05,3.8
2024-01-31,Nordeste,Eletrônicos,Fone Pulse,E-commerce,3,1421.49,4264.47,3091.51,1172.96,3.2
2024-01-31,Norte,Eletrônicos,Fone Pulse,E-commerce,1,1947.35,1947.35,1654.91,292.44,
2024-02-01,Centro-Oeste,Alimentos,Chá Manhã,E-commerce,3,23.75,71.25,50.66,20.59,3.6
2024-02-01,Sul,Eletrônicos,Notebook Aura,E-commerce,1,1938.82,1938.82,1579.97,358.85,3.2
2024-02-01,Nordeste,Casa e Decoração,Tapete Onda,Marketplace,2,248.07,496.14,322.97,173.17,4.0
2024-02-01,Centro-Oeste,Eletrônicos,Tablet Nimbus,E-commerce,1,1992.56,1992.56,1705.11,287.45,3.3
2024-02-01,Nordeste,Esporte e Lazer,Prancha Maré,Loja física,3,584.86,1754.58,1301.98,452.6,3.8
2024-02-02,Centro-Oeste,Alimentos,Café Serra,E-commerce,2,20.46,40.92,32.4,8.52,4.1
2024-02-02,Sul,Alimentos,Chá Manhã,E-commerce,5,53.81,269.05,199.21,69.84,3.8
2024-02-02,Centro-Oeste,Vestuário,Camiseta Base,E-commerce,3,202.63,607.89,285.05,322.84,5.0
2024-02-02,Nordeste,Esporte e Lazer,Barraca Cume,E-commerce,3,276.47,829.41,520.37,309.04,4.0
2024-02-02,Sudeste,Eletrônicos,Tablet Nimbus,Loja física,8,1972.53,15780.24,13803.61,1976.63,3.0
2024-02-02,Sudeste,Eletrônicos,Monitor Vista,E-commerce,3,1766.38,5299.14,4324.81,974.33,
2024-02-02,Nordeste,Esporte e Lazer,Prancha Maré,Loja física,7,517.74,3624.18,2430.84,1193.34,3.9
2024-02-02,Sudeste,Eletrônicos,Monitor Vista,E-commerce,9,2265.72,20391.48,18629.56,1761.92,3.1
2024-02-03,Sudeste,Eletrônicos,Notebook Aura,Loja física,2,762.22,1524.44,1198.11,326.33,4.6
2024-02-03,Sudeste,Eletrônicos,Monitor Vista,E-commerce,4,2345.42,9381.68,7627.29,1754.39,3.5
2024-02-03,Sudeste,Eletrônicos,Monitor Vista,Loja física,7,1971.05,13797.35,10905.5,2891.85,3.4
2024-02-03,Norte,Eletrônicos,Fone Pulse,E-commerce,2,1594.95,3189.9,2700.96,488.94,3.8
2024-02-03,Sudeste,Casa e Decoração,Luminária Sol,Marketplace,9,259.58,2336.22,1515.44,820.78,3.4
2024-02-04,Sudeste,Esporte e Lazer,Prancha Maré,Marketplace,2,269.45,538.9,366.08,172.82,3.9
2024-02-04,Sudeste,Eletrônicos,Monitor Vista,Loja física,3,1608.2,4824.6,3533.06,1291.54,4.2
2024-02-04,Norte,Alimentos,Azeite Oliva,Marketplace,4,48.57,194.28,151.32,42.96,4.3
2024-02-05,Sul,Eletrônicos,Notebook Aura,E-commerce,2,1510.26,3020.52,2418.71,601.81,4.0
2024-02-05,Sudeste,Alimentos,Azeite Oliva,E-commerce,5,29.28,146.4,118.44,27.96,3.4
2024-02-05,Sudeste,Esporte e Lazer,Prancha Maré,E-commerce,3,611.99,1835.97,1166.44,669.53,3.1
2024-02-05,Sul,Casa e Decoração,Vaso Raiz,Marketplace,7,326.71,2286.97,1717.82,569.15,3.6
2024-02-06,Nordeste,Casa e Decoração,Vaso Raiz,E-commerce,2,590.34,1180.68,744.94,435.74,3.6
2024-02-06,Sudeste,Eletrônicos,Notebook Aura,E-commerce,5,2028.12,10140.6,7324.02,2816.58,2.7
2024-02-06,Sul,Vestuário,Camiseta Base,Loja física,3,191.39,574.17,304.97,269.2,3.5
2024-02-06,Sudeste,Esporte e Lazer,Barraca Cume,E-commerce,2,250.76,501.52,374.7,126.82,3.1
2024-02-06,Centro-Oeste,Vestuário,Jaqueta Norte,Loja física,3,147.0,441.0,193.75,247.25,3.6
2024-02-06,Sudeste,Eletrônicos,Notebook Aura,E-commerce,6,1884.89,11309.34,9654.26,1655.08,4.4
2024-02-07,Sudeste,Eletrônicos,Fone Pulse,E-commerce,6,2061.91,12371.46,10134.92,2236.54,4.4
2024-02-07,Sul,Alimentos,Chá Manhã,E-commerce,4,35.55,142.2,103.51,38.69,3.2
2024-02-07,Centro-Oeste,Eletrônicos,Tablet Nimbus,Loja física,3,1566.67,4700.01,4023.03,676.98,3.6
2024-02-07,Nordeste,Alimentos,Granola Cheia,E-commerce,2,57.95,115.9,84.08,31.82,3.1
2024-02-07,Sul,Eletrônicos,Notebook Aura,E-commerce,4,1986.2,7944.8,6581.98,1362.82,4.5
2024-02-07,Centro-Oeste,Eletrônicos,Monitor Vista,E-commerce,2,2061.08,4122.16,3133.69,988.47,4.4
2024-02-07,Norte,Eletrônicos,Fone Pulse,Loja física,2,2051.67,4103.34,3452.12,651.22,4.0
2024-02-07,Norte,Alimentos,Café Serra,Loja física,3,36.53,109.59,76.89,32.7,4.1
2024-02-07,Nordeste,Eletrônicos,Notebook Aura,E-commerce,8,1208.27,9666.16,8565.19,1100.97,3.6
2024-02-07,Centro-Oeste,Alimentos,Café Serra,Marketplace,4,39.63,158.52,140.85,17.67,4.1
2024-02-08,Norte,Esporte e Lazer,Bicicleta Rota,E-commerce,4,143.5,574.0,346.28,227.72,4.2
2024-02-08,Nordeste,Alimentos,Café Serra,Marketplace,2,48.04,96.08,70.9,25.18,4.4
2024-02-08,Sul,Vestuário,Calça Trilha,E-commerce,4,248.89,995.56,344.7,650.86,3.5
2024-02-09,Sul,Casa e Decoração,Tapete Onda,E-commerce,5,112.0,560.0,317.43,242.57,3.7
2024-02-09,Nordeste,Eletrônicos,Notebook Aura,E-commerce,4,2244.98,8979.92,7413.1,1566.82,2.7
2024-02-09,Sul,Eletrônicos,Tablet Nimbus,E-commerce,6,2111.32,12667.92,10108.42,2559.5,3.9
2024-02-10,Nordeste,Casa e Decoração,Vaso Raiz,Loja física,2,323.13,646.26,413.11,233.15,4.0
2024-02-10,Norte,Casa e Decoração,Luminária Sol,Loja física,2,437.32,874.64,541.49,333.15,4.2
2024-02-10,Sul,Eletrônicos,Tablet Nimbus,Loja física,2,1510.53,3021.06,2698.52,322.54,2.7
2024-02-10,Sudeste,Vestuário,Camiseta Base,Loja física,5,94.29,471.45,200.79,270.66,3.0
2024-02-10,Sul,Alimentos,Granola Cheia,Loja física,3,66.03,198.09,147.05,51.04,3.8
2024-02-10,Nordeste,Eletrônicos,Fone Pulse,E-commerce,3,2099.83,6299.49,5665.57,633.92,4.0
2024-02-10,Centro-Oeste,Casa e Decoração,Cadeira Foco,Marketplace,1,147.43,147.43,101.96,45.47,3.6
2024-02-11,Norte,Alimentos,Azeite Oliva,E-commerce,2,38.26,76.52,55.2,21.32,2.6
2024-02-11,Nordeste,Eletrônicos,Notebook Aura,E-commerce,3,1829.8,5489.4,3848.89,1640.51,3.8
2024-02-11,Sudeste,Casa e Decoração,Tapete Onda,Loja física,5,240.21,1201.05,757.22,443.83,3.4
2024-02-11,Sul,Esporte e Lazer,Barraca Cume,Loja física,8,413.68,3309.44,2069.85,1239.59,3.3
2024-02-11,Sul,Vestuário,Camiseta Base,E-commerce,5,216.57,1082.85,519.46,563.39,3.7
2024-02-12,Sudeste,Esporte e Lazer,Barraca Cume,E-commerce,5,425.88,2129.4,1373.6,755.8,4.0
2024-02-12,Nordeste,Alimentos,Café Serra,E-commerce,6,41.57,249.42,185.17,64.25,3.4
2024-02-12,Nordeste,Casa e Decoração,Cadeira Foco,E-commerce,1,316.07,316.07,193.83,122.24,2.9
2024-02-12,Norte,Esporte e Lazer,Halteres Par,E-commerce,1,289.91,289.91,142.88,147.03,4.2
2024-02-12,Sudeste,Esporte e Lazer,Bicicleta Rota,E-commerce,1,260.84,260.84,154.55,106.29,3.8
2024-02-13,Nordeste,Eletrônicos,Tablet Nimbus,Loja física,2,2129.42,4258.84,3479.91,778.93,3.7
2024-02-13,Norte,Eletrônicos,Tablet Nimbus,Loja física,2,990.07,1980.14,1598.3,381.84,3.5
2024-02-13,Centro-Oeste,Vestuário,Calça Trilha,E-commerce,2,225.19,450.38,226.45,223.93,3.6
2024-02-13,Sudeste,Esporte e Lazer,Halteres Par,Loja física,4,655.66,2622.64,1497.06,1125.58,3.8
2024-02-14,Sul,Vestuário,Camiseta Base,Loja física,3,227.42,682.26,337.56,344.7,5.0
2024-02-14,Sudeste,Vestuário,Calça Trilha,Loja física,7,188.92,1322.44,583.45,738.99,3.7
2024-02-14,Norte,Casa e Decoração,Vaso Raiz,Loja física,1,412.76,412.76,266.19,146.57,4.3
2024-02-14,Nordeste,Vestuário,Jaqueta Norte,Loja física,4,78.74,314.96,165.19,149.77,3.3
2024-02-14,Sudeste,Eletrônicos,Fone Pulse,Loja física,6,2643.18,15859.08,13156.76,2702.32,3.7
2024-02-14,Sudeste,Casa e Decoração,Cadeira Foco,Loja física,8,209.46,1675.68,915.14,760.54,3.7
2024-02-14,Sudeste,Alimentos,Azeite Oliva,Loja física,3,37.61,112.83,92.94,19.89,4.1
2024-02-14,Norte,Esporte e Lazer,Halteres Par,E-commerce,3,339.24,1017.72,703.24,314.48,3.8
2024-02-14,Norte,Vestuário,Tênis Passo,E-commerce,3,92.36,277.08,136.46,140.62,4.2
2024-02-14,Nordeste,Eletrônicos,Notebook Aura,Loja física,3,2262.29,6786.87,5627.0,1159.87,3.5
2024-02-14,Sudeste,Alimentos,Azeite Oliva,Loja física,5,82.22,411.1,296.59,114.51,4.7
2024-02-15,Nordeste,Esporte e Lazer,Barraca Cume,E-commerce,3,251.14,753.42,442.42,311.0,5.0
2024-02-15,Nordeste,Casa e Decoração,Vaso Raiz,E-commerce,2,406.82,813.64,478.69,334.95,3.9
2024-02-16,Nordeste,Casa e Decoração,Luminária Sol,E-commerce,4,548.07,2192.28,1205.76,986.52,3.3
2024-02-16,Sul,Alimentos,Chá Manhã,Loja física,3,47.33,141.99,102.16,39.83,5.0
2024-02-16,Sul,Casa e Decoração,Luminária Sol,E-commerce,2,232.19,464.38,230.39,233.99,3.2
2024-02-16,Sudeste,Eletrônicos,Monitor Vista,Loja física,4,2149.12,8596.48,6724.28,1872.2,4.1
2024-02-17,Norte,Vestuário,Tênis Passo,E-commerce,3,183.61,550.83,271.91,278.92,5.0
2024-02-17,Centro-Oeste,Alimentos,Chá Manhã,Loja física,2,42.35,84.7,69.64,15.06,2.7
2024-02-17,Centro-Oeste,Eletrônicos,Fone Pulse,E-commerce,5,1916.21,9581.05,7683.56,1897.49,2.9
2024-02-17,Nordeste,Casa e Decoração,Luminária Sol,Loja física,7,307.94,2155.58,1062.53,1093.05,4.3
2024-02-18,Sudeste,Esporte e Lazer,Halteres Par,E-commerce,4,236.83,947.32,705.3,242.02,4.3
2024-02-18,Sudeste,Casa e Decoração,Tapete Onda,E-commerce,3,550.99,1652.97,936.48,716.49,4.0
2024-02-18,Sul,Eletrônicos,Monitor Vista,E-commerce,4,2617.39,10469.56,9388.68,1080.88,3.9
2024-02-18,Sudeste,Vestuário,Jaqueta Norte,E-commerce,2,149.3,298.6,143.68,154.92,4.7
2024-02-18,Nordeste,Eletrônicos,Fone Pulse,E-commerce,4,2185.94,8743.76,7135.14,1608.62,4.4
2024-02-18,Sudeste,Casa e Decoração,Vaso Raiz,E-commerce,5,566.17,2830.85,1564.49,1266.36,3.7
2024-02-19,Sudeste,Esporte e Lazer,Prancha Maré,E-commerce,2,596.43,1192.86,770.16,422.7,4.3
2024-02-19,Sudeste,Eletrônicos,Tablet Nimbus,E-commerce,5,1025.58,5127.9,4255.3,872.6,4.0
2024-02-19,Sul,Vestuário,Camiseta Base,E-commerce,3,201.61,604.83,257.22,347.61,3.8
2024-02-19,Sudeste,Eletrônicos,Tablet Nimbus,E-commerce,7,1702.45,11917.15,8953.64,2963.51,4.4
2024-02-19,Nordeste,Alimentos,Azeite Oliva,Loja física,4,46.42,185.68,126.57,59.11,4.1
2024-02-19,Sudeste,Vestuário,Tênis Passo,E-commerce,2,227.03,454.06,213.18,240.88,3.6
2024-02-20,Sudeste,Eletrônicos,Tablet Nimbus,Marketplace,3,2449.86,7349.58,6866.29,483.29,3.0
2024-02-20,Sul,Vestuário,Camiseta Base,Loja física,2,197.56,395.12,213.45,181.67,4.2
2024-02-20,Centro-Oeste,Vestuário,Jaqueta Norte,Marketplace,2,178.38,356.76,179.95,176.81,4.1
2024-02-20,Sudeste,Casa e Decoração,Tapete Onda,Marketplace,4,200.26,801.04,556.72,244.32,3.9
2024-02-21,Sul,Vestuário,Jaqueta Norte,E-commerce,4,176.58,706.32,424.55,281.77,4.4
2024-02-21,Norte,Esporte e Lazer,Prancha Maré,Loja física,1,315.25,315.25,190.06,125.19,3.4
2024-02-21,Sul,Eletrônicos,Monitor Vista,E-commerce,3,2102.09,6306.27,5307.99,998.28,4.0
2024-02-21,Norte,Esporte e Lazer,Bicicleta Rota,Marketplace,2,295.42,590.84,434.23,156.61,3.8
2024-02-22,Centro-Oeste,Vestuário,Camiseta Base,E-commerce,6,195.81,1174.86,531.14,643.72,4.1
2024-02-22,Nordeste,Alimentos,Chá Manhã,E-commerce,1,75.2,75.2,52.58,22.62,4.3
2024-02-22,Sul,Vestuário,Camiseta Base,E-commerce,2,187.66,375.32,175.58,199.74,4.7
2024-02-22,Nordeste,Alimentos,Chá Manhã,E-commerce,2,46.07,92.14,62.98,29.16,4.5
2024-02-22,Sudeste,Vestuário,Calça Trilha,E-commerce,4,256.37,1025.48,479.86,545.62,3.5
2024-02-22,Sudeste,Eletrônicos,Fone Pulse,Marketplace,2,2031.03,4062.06,3142.46,919.6,4.8
2024-02-22,Sul,Eletrônicos,Tablet Nimbus,Loja física,3,2007.66,6022.98,4438.12,1584.86,3.8
2024-02-22,Nordeste,Eletrônicos,Tablet Nimbus,E-commerce,2,2485.1,4970.2,4159.2,811.0,2.9
2024-02-22,Centro-Oeste,Casa e Decoração,Cadeira Foco,E-commerce,1,382.26,382.26,230.01,152.25,3.5
2024-02-22,Norte,Vestuário,Tênis Passo,Marketplace,4,209.22,836.88,447.77,389.11,3.8
2024-02-23,Sul,Vestuário,Calça Trilha,E-commerce,3,55.65,166.95,79.06,87.89,4.5
2024-02-24,Centro-Oeste,Vestuário,Jaqueta Norte,Loja física,2,261.19,522.38,273.31,249.07,3.1
2024-02-24,Sul,Vestuário,Calça Trilha,Loja física,4,119.64,478.56,207.21,271.35,3.7
2024-02-24,Centro-Oeste,Vestuário,Jaqueta Norte,E-commerce,1,200.31,200.31,100.36,99.95,4.2
2024-02-24,Sul,Esporte e Lazer,Bicicleta Rota,Loja física,1,349.97,349.97,219.46,130.51,3.9
2024-02-24,Sul,Vestuário,Jaqueta Norte,Marketplace,4,238.22,952.88,589.81,363.07,4.1
2024-02-24,Centro-Oeste,Esporte e Lazer,Barraca Cume,E-commerce,3,321.46,964.38,729.51,234.87,4.8
2024-02-25,Centro-Oeste,Alimentos,Café Serra,E-commerce,3,29.41,88.23,63.28,24.95,4.7
2024-02-26,Nordeste,Eletrônicos,Notebook Aura,E-commerce,3,1676.63,5029.89,3940.54,1089.35,3.1
2024-02-26,Sul,Esporte e Lazer,Halteres Par,Loja física,1,347.16,347.16,199.87,147.29,4.3
2024-02-26,Sudeste,Eletrônicos,Tablet Nimbus,E-commerce,3,2587.32,7761.96,6792.66,969.3,2.8
2024-02-26,Centro-Oeste,Eletrônicos,Fone Pulse,E-commerce,3,1353.04,4059.12,3239.2,819.92,3.8
2024-02-26,Sul,Casa e Decoração,Tapete Onda,Marketplace,3,409.09,1227.27,834.59,392.68,2.7
2024-02-26,Sudeste,Alimentos,Café Serra,Loja física,3,72.98,218.94,153.94,65.0,3.7
2024-02-27,Nordeste,Eletrônicos,Fone Pulse,Loja física,4,2243.23,8972.92,7650.05,1322.87,3.4
2024-02-27,Sudeste,Alimentos,Granola Cheia,E-commerce,3,55.86,167.58,126.83,40.75,4.4
2024-02-27,Sul,Eletrônicos,Fone Pulse,Marketplace,2,1772.14,3544.28,3473.39,70.89,4.4
2024-02-27,Sudeste,Alimentos,Granola Cheia,E-commerce,2,81.28,162.56,126.12,36.44,4.7
2024-02-28,Nordeste,Eletrônicos,Fone Pulse,E-commerce,3,1732.28,5196.84,4260.6,936.24,4.3
2024-02-28,Norte,Casa e Decoração,Cadeira Foco,Marketplace,3,433.79,1301.37,873.6,427.77,3.9
2024-02-28,Centro-Oeste,Alimentos,Granola Cheia,Marketplace,3,45.14,135.42,123.81,11.61,3.8
2024-02-29,Sul,Alimentos,Azeite Oliva,Loja física,3,45.42,136.26,106.59,29.67,4.1
2024-02-29,Norte,Alimentos,Azeite Oliva,E-commerce,1,45.19,45.19,30.26,14.93,4.5
2024-02-29,Sudeste,Alimentos,Azeite Oliva,E-commerce,4,43.15,172.6,126.34,46.26,3.2
2024-02-29,Nordeste,Vestuário,Calça Trilha,E-commerce,5,57.71,288.55,145.88,142.67,4.3
2024-03-01,Sul,Vestuário,Calça Trilha,Loja física,2,122.68,245.36,111.76,133.6,4.5
2024-03-01,Sudeste,Alimentos,Granola Cheia,E-commerce,4,59.26,237.04,182.07,54.97,2.5
2024-03-01,Sudeste,Alimentos,Chá Manhã,E-commerce,9,61.27,551.43,420.35,131.08,4.0
2024-03-01,Nordeste,Vestuário,Camiseta Base,Loja física,6,142.18,853.08,446.91,406.17,4.6
2024-03-01,Centro-Oeste,Alimentos,Café Serra,Loja física,7,42.34,296.38,234.8,61.58,3.7
2024-03-02,Nordeste,Esporte e Lazer,Prancha Maré,E-commerce,5,252.4,1262.0,825.02,436.98,3.6
2024-03-02,Nordeste,Esporte e Lazer,Prancha Maré,Loja física,5,448.15,2240.75,1294.26,946.49,3.2
2024-03-02,Centro-Oeste,Alimentos,Café Serra,Marketplace,3,72.8,218.4,189.52,28.88,2.8
2024-03-02,Norte,Alimentos,Azeite Oliva,E-commerce,1,72.82,72.82,57.2,15.62,3.8
2024-03-02,Centro-Oeste,Esporte e Lazer,Barraca Cume,Loja física,4,320.13,1280.52,793.34,487.18,3.8
2024-03-03,Sudeste,Vestuário,Calça Trilha,E-commerce,5,177.36,886.8,381.93,504.87,4.0
2024-03-03,Sudeste,Vestuário,Tênis Passo,Loja física,6,84.1,504.6,267.68,236.92,3.9
2024-03-03,Sul,Esporte e Lazer,Barraca Cume,E-commerce,2,248.56,497.12,335.53,161.59,4.8
2024-03-03,Sudeste,Alimentos,Azeite Oliva,Loja física,8,41.48,331.84,246.69,85.15,4.6
2024-03-03,Sudeste,Vestuário,Camiseta Base,Loja física,5,268.52,1342.6,644.1,698.5,4.0
2024-03-03,Sudeste,Eletrônicos,Monitor Vista,Marketplace,9,1362.35,12261.15,11001.94,1259.21,2.9
2024-03-04,Sul,Esporte e Lazer,Bicicleta Rota,Loja física,3,371.38,1114.14,710.04,404.1,4.0
2024-03-04,Norte,Casa e Decoração,Cadeira Foco,E-commerce,3,244.16,732.48,410.32,322.16,3.9
2024-03-04,Norte,Vestuário,Jaqueta Norte,E-commerce,4,112.39,449.56,188.27,261.29,4.6
2024-03-04,Nordeste,Eletrônicos,Tablet Nimbus,E-commerce,9,1328.66,11957.94,9299.84,2658.1,2.6
2024-03-04,Sudeste,Casa e Decoração,Tapete Onda,Loja física,5,213.22,1066.1,702.02,364.08,3.8
2024-03-04,Nordeste,Casa e Decoração,Vaso Raiz,Marketplace,4,441.85,1767.4,1212.13,555.27,3.9
2024-03-05,Sudeste,Casa e Decoração,Cadeira Foco,Loja física,2,536.4,1072.8,577.12,495.68,3.5
2024-03-05,Sudeste,Eletrônicos,Notebook Aura,Loja física,6,2745.28,16471.68,13076.25,3395.43,3.9
2024-03-05,Nordeste,Vestuário,Calça Trilha,E-commerce,3,196.79,590.37,277.95,312.42,4.5
2024-03-05,Centro-Oeste,Eletrônicos,Notebook Aura,E-commerce,3,1613.71,4841.13,4366.59,474.54,3.8
2024-03-05,Sudeste,Vestuário,Jaqueta Norte,Marketplace,5,122.27,611.35,367.31,244.04,4.9
2024-03-05,Norte,Esporte e Lazer,Halteres Par,E-commerce,1,523.42,523.42,327.94,195.48,3.7
2024-03-06,Sul,Vestuário,Calça Trilha,E-commerce,3,104.88,314.64,141.93,172.71,4.0
2024-03-06,Nordeste,Casa e Decoração,Luminária Sol,E-commerce,5,357.65,1788.25,928.14,860.11,3.8
2024-03-06,Sudeste,Eletrônicos,Fone Pulse,E-commerce,6,2064.76,12388.56,10239.07,2149.49,4.1
2024-03-06,Norte,Vestuário,Camiseta Base,E-commerce,2,97.02,194.04,95.92,98.12,3.4
2024-03-06,Sudeste,Eletrônicos,Monitor Vista,E-commerce,4,2776.61,11106.44,9172.59,1933.85,3.6
2024-03-06,Nordeste,Casa e Decoração,Cadeira Foco,Loja física,4,346.02,1384.08,953.61,430.47,4.5
2024-03-06,Nordeste,Alimentos,Granola Cheia,Loja física,7,55.41,387.87,271.63,116.24,4.1
2024-03-06,Sudeste,Esporte e Lazer,Bicicleta Rota,E-commerce,7,751.68,5261.76,3463.98,1797.78,4.0
2024-03-06,Nordeste,Eletrônicos,Monitor Vista,Loja física,4,1731.75,6927.0,6174.0,753.0,3.9
2024-03-07,Sudeste,Esporte e Lazer,Halteres Par,Marketplace,3,530.25,1590.75,1253.94,336.81,3.6
2024-03-07,Sul,Esporte e Lazer,Halteres Par,E-commerce,3,639.62,1918.86,1351.79,567.07,
2024-03-07,Sudeste,Alimentos,Azeite Oliva,Loja física,6,87.65,525.9,396.18,129.72,4.4
2024-03-07,Centro-Oeste,Alimentos,Chá Manhã,Loja física,3,55.4,166.2,121.94,44.26,3.7
2024-03-07,Nordeste,Alimentos,Azeite Oliva,E-commerce,5,16.8,84.0,57.99,26.01,3.7
2024-03-07,Sudeste,Alimentos,Azeite Oliva,E-commerce,7,56.59,396.13,258.87,137.26,2.8
2024-03-08,Sul,Eletrônicos,Notebook Aura,E-commerce,3,1617.96,4853.88,3876.88,977.0,3.7
2024-03-08,Sudeste,Vestuário,Camiseta Base,Marketplace,3,170.83,512.49,268.17,244.32,4.2
2024-03-08,Centro-Oeste,Esporte e Lazer,Prancha Maré,Loja física,3,374.72,1124.16,733.08,391.08,3.4
2024-03-08,Sul,Casa e Decoração,Vaso Raiz,Marketplace,3,409.04,1227.12,724.97,502.15,3.6
2024-03-09,Nordeste,Alimentos,Granola Cheia,Loja física,5,45.59,227.95,181.12,46.83,3.2
2024-03-09,Nordeste,Alimentos,Chá Manhã,Loja física,3,66.31,198.93,165.99,32.94,3.8
2024-03-09,Nordeste,Esporte e Lazer,Prancha Maré,Marketplace,5,618.35,3091.75,2203.78,887.97,3.8
2024-03-09,Centro-Oeste,Vestuário,Tênis Passo,E-commerce,4,89.11,356.44,197.74,158.7,2.6
2024-03-09,Sudeste,Casa e Decoração,Cadeira Foco,Marketplace,4,258.64,1034.56,747.55,287.01,4.4
2024-03-09,Sul,Casa e Decoração,Luminária Sol,E-commerce,4,129.39,517.56,323.08,194.48,4.5
2024-03-10,Sudeste,Casa e Decoração,Cadeira Foco,Loja física,7,441.61,3091.27,1908.81,1182.46,3.8
2024-03-10,Centro-Oeste,Vestuário,Tênis Passo,Loja física,7,124.17,869.19,446.98,422.21,3.9
2024-03-10,Sudeste,Casa e Decoração,Luminária Sol,E-commerce,8,243.0,1944.0,1262.71,681.29,3.1
2024-03-10,Sul,Alimentos,Azeite Oliva,Loja física,6,52.85,317.1,216.17,100.93,4.5
2024-03-10,Nordeste,Vestuário,Calça Trilha,E-commerce,2,117.42,234.84,107.34,127.5,4.5
2024-03-10,Centro-Oeste,Esporte e Lazer,Prancha Maré,E-commerce,3,565.44,1696.32,1066.26,630.06,4.4
2024-03-10,Nordeste,Alimentos,Café Serra,E-commerce,7,46.84,327.88,251.47,76.41,2.9
2024-03-10,Centro-Oeste,Casa e Decoração,Cadeira Foco,Loja física,4,112.0,448.0,264.03,183.97,3.8
2024-03-10,Centro-Oeste,Alimentos,Café Serra,Loja física,2,63.67,127.34,86.08,41.26,4.1
2024-03-10,Nordeste,Vestuário,Tênis Passo,Loja física,4,260.11,1040.44,488.03,552.41,4.0
2024-03-10,Nordeste,Casa e Decoração,Luminária Sol,Loja física,5,285.98,1429.9,991.53,438.37,5.0
2024-03-11,Sudeste,Esporte e Lazer,Barraca Cume,E-commerce,5,416.59,2082.95,1337.78,745.17,4.3
2024-03-11,Sul,Vestuário,Tênis Passo,Loja física,2,133.86,267.72,136.03,131.69,3.7
2024-03-11,Norte,Esporte e Lazer,Halteres Par,Loja física,1,409.13,409.13,246.49,162.64,4.5
2024-03-11,Nordeste,Casa e Decoração,Tapete Onda,Loja física,2,386.97,773.94,438.67,335.27,4.2
2024-03-12,Norte,Casa e Decoração,Vaso Raiz,Loja física,2,507.84,1015.68,616.51,399.17,5.0
2024-03-12,Centro-Oeste,Eletrônicos,Tablet Nimbus,Loja física,3,1113.91,3341.73,2564.62,777.11,3.9
2024-03-12,Nordeste,Eletrônicos,Fone Pulse,Loja física,2,1486.07,2972.14,2362.51,609.63,3.3
2024-03-12,Sudeste,Esporte e Lazer,Prancha Maré,E-commerce,1,404.95,404.95,257.45,147.5,4.1
2024-03-13,Sudeste,Eletrônicos,Tablet Nimbus,E-commerce,4,1463.03,5852.12,5122.56,729.56,3.1
2024-03-13,Sul,Eletrônicos,Fone Pulse,Marketplace,4,2058.2,8232.8,7364.82,867.98,3.5
2024-03-13,Sudeste,Alimentos,Chá Manhã,E-commerce,2,23.6,47.2,31.74,15.46,4.3
2024-03-13,Sudeste,Alimentos,Azeite Oliva,E-commerce,6,67.39,404.34,296.41,107.93,3.7
2024-03-13,Sudeste,Eletrônicos,Notebook Aura,E-commerce,5,2463.82,12319.1,10588.83,1730.27,2.5
2024-03-13,Sudeste,Alimentos,Café Serra,Loja física,4,55.24,220.96,162.99,57.97,4.2
2024-03-13,Sul,Esporte e Lazer,Barraca Cume,E-commerce,2,409.46,818.92,523.71,295.21,
2024-03-13,Sul,Vestuário,Calça Trilha,E-commerce,1,205.49,205.49,93.96,111.53,4.2
2024-03-13,Sudeste,Alimentos,Café Serra,E-commerce,7,46.17,323.19,230.92,92.27,3.2
2024-03-14,Sudeste,Alimentos,Granola Cheia,E-commerce,4,52.94,211.76,152.05,59.71,4.2
2024-03-14,Sudeste,Eletrônicos,Monitor Vista,Loja física,7,2086.89,14608.23,12333.61,2274.62,3.2
2024-03-14,Nordeste,Vestuário,Jaqueta Norte,Loja física,4,291.02,1164.08,495.76,668.32,5.0
2024-03-15,Centro-Oeste,Alimentos,Granola Cheia,Loja física,2,16.8,33.6,23.38,10.22,3.7
2024-03-15,Sul,Alimentos,Azeite Oliva,E-commerce,4,47.4,189.6,140.32,49.28,4.8
2024-03-15,Nordeste,Alimentos,Granola Cheia,Loja física,4,46.6,186.4,123.45,62.95,3.8
2024-03-16,Centro-Oeste,Alimentos,Chá Manhã,E-commerce,3,56.44,169.32,99.28,70.04,4.1
2024-03-16,Nordeste,Casa e Decoração,Vaso Raiz,Loja física,9,301.81,2716.29,1693.71,1022.58,4.4
2024-03-16,Norte,Casa e Decoração,Cadeira Foco,Loja física,3,125.87,377.61,206.2,171.41,4.0
2024-03-16,Centro-Oeste,Eletrônicos,Notebook Aura,E-commerce,2,1976.28,3952.56,3251.26,701.3,3.7
2024-03-16,Nordeste,Esporte e Lazer,Bicicleta Rota,Loja física,4,635.88,2543.52,1599.94,943.58,4.1
2024-03-16,Nordeste,Vestuário,Calça Trilha,E-commerce,4,70.78,283.12,130.16,152.96,4.2
2024-03-16,Sudeste,Esporte e Lazer,Barraca Cume,Loja física,7,541.44,3790.08,2525.37,1264.71,3.4
2024-03-16,Centro-Oeste,Eletrônicos,Notebook Aura,Loja física,3,2681.97,8045.91,6242.95,1802.96,4.6
2024-03-16,Sul,Alimentos,Chá Manhã,E-commerce,5,52.28,261.4,195.89,65.51,3.8
2024-03-16,Nordeste,Eletrônicos,Tablet Nimbus,Loja física,4,2586.2,10344.8,8965.04,1379.76,3.9
2024-03-17,Sudeste,Casa e Decoração,Cadeira Foco,Loja física,5,451.76,2258.8,1271.92,986.88,4.6
2024-03-17,Nordeste,Eletrônicos,Tablet Nimbus,E-commerce,6,2328.34,13970.04,12420.82,1549.22,4.1
2024-03-17,Sul,Eletrônicos,Notebook Aura,Loja física,4,1000.19,4000.76,3234.02,766.74,3.9
2024-03-17,Centro-Oeste,Casa e Decoração,Cadeira Foco,Marketplace,3,227.71,683.13,454.7,228.43,4.2
2024-03-17,Nordeste,Alimentos,Azeite Oliva,Loja física,5,75.03,375.15,287.28,87.87,3.6
2024-03-17,Sul,Alimentos,Chá Manhã,Loja física,6,55.75,334.5,243.49,91.01,4.4
2024-03-17,Norte,Eletrônicos,Notebook Aura,E-commerce,2,2401.29,4802.58,4073.66,728.92,3.6
2024-03-17,Sudeste,Esporte e Lazer,Halteres Par,E-commerce,6,478.29,2869.74,1539.16,1330.58,3.3
2024-03-17,Nordeste,Casa e Decoração,Tapete Onda,E-commerce,6,435.57,2613.42,1624.91,988.51,3.8
2024-03-18,Norte,Casa e Decoração,Vaso Raiz,Loja física,6,406.52,2439.12,1521.14,917.98,4.7
2024-03-18,Centro-Oeste,Vestuário,Calça Trilha,E-commerce,2,134.86,269.72,140.22,129.5,4.2
2024-03-18,Centro-Oeste,Casa e Decoração,Luminária Sol,E-commerce,1,169.72,169.72,94.43,75.29,4.6
2024-03-18,Centro-Oeste,Casa e Decoração,Luminária Sol,E-commerce,4,406.66,1626.64,1073.67,552.97,4.0
2024-03-18,Sul,Eletrônicos,Fone Pulse,Marketplace,4,1263.55,5054.2,4801.56,252.64,3.4
2024-03-18,Sul,Esporte e Lazer,Bicicleta Rota,Loja física,3,481.99,1445.97,958.92,487.05,4.1
2024-03-18,Nordeste,Esporte e Lazer,Prancha Maré,Marketplace,2,431.77,863.54,628.14,235.4,3.4
2024-03-19,Norte,Eletrônicos,Fone Pulse,E-commerce,3,2212.08,6636.24,5694.35,941.89,3.5
2024-03-19,Sudeste,Vestuário,Calça Trilha,Loja física,5,179.24,896.2,429.0,467.2,3.5
2024-03-19,Sul,Esporte e Lazer,Prancha Maré,E-commerce,2,574.07,1148.14,698.34,449.8,4.4
2024-03-19,Sul,Casa e Decoração,Cadeira Foco,Loja física,6,205.66,1233.96,709.26,524.7,3.9
2024-03-19,Sudeste,Casa e Decoração,Tapete Onda,E-commerce,7,364.4,2550.8,1627.81,922.99,4.5
2024-03-19,Sudeste,Eletrônicos,Monitor Vista,Loja física,4,1608.27,6433.08,5268.15,1164.93,
2024-03-20,Norte,Alimentos,Granola Cheia,E-commerce,2,27.3,54.6,42.21,12.39,3.6
2024-03-20,Sudeste,Vestuário,Tênis Passo,E-commerce,3,76.44,229.32,109.27,120.05,4.8
2024-03-20,Sul,Vestuário,Jaqueta Norte,E-commerce,2,105.36,210.72,102.62,108.1,5.0
2024-03-20,Sudeste,Eletrônicos,Monitor Vista,E-commerce,6,1338.51,8031.06,7263.49,767.57,3.1
2024-03-20,Nordeste,Vestuário,Jaqueta Norte,Marketplace,3,245.18,735.54,344.65,390.89,5.0
2024-03-20,Sudeste,Esporte e Lazer,Prancha Maré,E-commerce,2,611.03,1222.06,734.78,487.28,3.1
2024-03-21,Nordeste,Casa e Decoração,Cadeira Foco,E-commerce,4,124.45,497.8,265.41,232.39,4.0
2024-03-21,Norte,Esporte e Lazer,Prancha Maré,Loja física,4,602.07,2408.28,1270.09,1138.19,3.9
2024-03-21,Sul,Eletrônicos,Monitor Vista,E-commerce,3,1371.62,4114.86,3337.11,777.75,4.7
2024-03-21,Nordeste,Eletrônicos,Fone Pulse,E-commerce,3,2670.95,8012.85,6435.11,1577.74,3.7
2024-03-22,Nordeste,Eletrônicos,Fone Pulse,E-commerce,4,1355.49,5421.96,4351.46,1070.5,3.3
2024-03-22,Centro-Oeste,Casa e Decoração,Luminária Sol,E-commerce,5,120.89,604.45,378.03,226.42,4.8
2024-03-22,Nordeste,Alimentos,Chá Manhã,E-commerce,4,46.44,185.76,142.58,43.18,3.4
2024-03-22,Norte,Vestuário,Calça Trilha,Loja física,2,159.96,319.92,182.41,137.51,3.7
2024-03-22,Centro-Oeste,Vestuário,Tênis Passo,E-commerce,4,159.85,639.4,318.69,320.71,3.3
2024-03-22,Nordeste,Alimentos,Chá Manhã,E-commerce,4,16.8,67.2,47.5,19.7,3.4
2024-03-22,Sul,Casa e Decoração,Cadeira Foco,Loja física,3,148.73,446.19,249.12,197.07,3.6
2024-03-23,Sul,Esporte e Lazer,Bicicleta Rota,E-commerce,4,449.02,1796.08,1076.2,719.88,3.5
2024-03-23,Centro-Oeste,Vestuário,Camiseta Base,Loja física,4,193.22,772.88,390.9,381.98,4.0
2024-03-23,Centro-Oeste,Vestuário,Camiseta Base,E-commerce,3,55.65,166.95,75.54,91.41,3.5
2024-03-24,Sul,Vestuário,Camiseta Base,E-commerce,6,204.73,1228.38,744.51,483.87,4.5
2024-03-24,Sul,Eletrônicos,Fone Pulse,Marketplace,5,881.85,4409.25,4191.58,217.67,3.4
2024-03-24,Norte,Alimentos,Azeite Oliva,Marketplace,1,24.25,24.25,20.48,3.77,
2024-03-24,Sul,Eletrônicos,Notebook Aura,Loja física,5,1235.06,6175.3,4809.27,1366.03,4.6
2024-03-24,Sudeste,Casa e Decoração,Vaso Raiz,E-commerce,8,173.08,1384.64,795.86,588.78,4.2
2024-03-24,Sul,Alimentos,Azeite Oliva,E-commerce,5,66.4,332.0,282.65,49.35,3.6
2024-03-24,Sul,Vestuário,Camiseta Base,E-commerce,7,158.19,1107.33,416.3,691.03,4.7
2024-03-25,Nordeste,Esporte e Lazer,Prancha Maré,Marketplace,3,305.2,915.6,623.59,292.01,3.9
2024-03-25,Nordeste,Casa e Decoração,Tapete Onda,E-commerce,3,264.31,792.93,430.92,362.01,4.1
2024-03-25,Sul,Vestuário,Calça Trilha,Loja física,2,146.19,292.38,135.33,157.05,4.2
2024-03-25,Centro-Oeste,Casa e Decoração,Vaso Raiz,E-commerce,2,432.84,865.68,538.21,327.47,4.1
2024-03-25,Sudeste,Casa e Decoração,Vaso Raiz,Marketplace,6,283.46,1700.76,1310.82,389.94,3.2
2024-03-25,Norte,Casa e Decoração,Vaso Raiz,E-commerce,3,393.2,1179.6,768.16,411.44,4.5
2024-03-26,Sudeste,Vestuário,Jaqueta Norte,Loja física,3,88.09,264.27,110.65,153.62,3.1
2024-03-26,Sul,Casa e Decoração,Tapete Onda,E-commerce,4,308.0,1232.0,761.71,470.29,4.0
2024-03-26,Nordeste,Eletrônicos,Notebook Aura,Loja física,1,1810.22,1810.22,1477.72,332.5,4.1
2024-03-27,Sul,Eletrônicos,Notebook Aura,E-commerce,3,1777.44,5332.32,4787.95,544.37,3.5
2024-03-27,Nordeste,Casa e Decoração,Vaso Raiz,E-commerce,6,261.4,1568.4,1051.09,517.31,4.3
2024-03-27,Sul,Vestuário,Camiseta Base,Loja física,3,104.96,314.88,141.99,172.89,4.2
2024-03-27,Sul,Vestuário,Camiseta Base,Loja física,5,97.05,485.25,210.74,274.51,3.6
2024-03-27,Centro-Oeste,Casa e Decoração,Cadeira Foco,E-commerce,3,307.19,921.57,466.27,455.3,3.0
2024-03-27,Sudeste,Eletrônicos,Tablet Nimbus,E-commerce,5,1649.38,8246.9,5857.6,2389.3,3.8
2024-03-27,Sul,Eletrônicos,Notebook Aura,Marketplace,3,1597.85,4793.55,4461.97,331.58,3.8
2024-03-27,Sul,Alimentos,Granola Cheia,E-commerce,4,17.32,69.28,53.93,15.35,3.5
2024-03-27,Sul,Casa e Decoração,Tapete Onda,E-commerce,3,191.54,574.62,322.28,252.34,4.6
2024-03-27,Sul,Casa e Decoração,Luminária Sol,E-commerce,2,440.04,880.08,493.49,386.59,4.6
2024-03-27,Sul,Esporte e Lazer,Prancha Maré,Loja física,5,428.6,2143.0,1457.56,685.44,3.9
2024-03-28,Sul,Casa e Decoração,Luminária Sol,Loja física,5,373.55,1867.75,1121.11,746.64,4.1
2024-03-28,Centro-Oeste,Esporte e Lazer,Prancha Maré,Marketplace,3,143.5,430.5,328.88,101.62,3.5
2024-03-28,Nordeste,Esporte e Lazer,Barraca Cume,E-commerce,5,574.25,2871.25,1926.97,944.28,2.7
2024-03-28,Sudeste,Esporte e Lazer,Barraca Cume,E-commerce,9,206.37,1857.33,1217.09,640.24,3.6
2024-03-28,Centro-Oeste,Casa e Decoração,Luminária Sol,Marketplace,2,351.67,703.34,524.72,178.62,3.9
2024-03-28,Sul,Casa e Decoração,Cadeira Foco,Loja física,3,451.77,1355.31,817.16,538.15,3.5
2024-03-28,Sudeste,Casa e Decoração,Tapete Onda,E-commerce,2,251.94,503.88,268.51,235.37,3.9
2024-03-28,Sul,Esporte e Lazer,Bicicleta Rota,Loja física,4,330.12,1320.48,807.84,512.64,5.0
2024-03-29,Centro-Oeste,Esporte e Lazer,Halteres Par,E-commerce,3,211.06,633.18,436.53,196.65,3.8
2024-03-29,Sul,Vestuário,Tênis Passo,E-commerce,3,191.72,575.16,253.16,322.0,4.0
2024-03-30,Sul,Casa e Decoração,Vaso Raiz,E-commerce,5,426.98,2134.9,1224.91,909.99,4.3
2024-03-30,Sudeste,Vestuário,Calça Trilha,E-commerce,5,67.69,338.45,158.04,180.41,4.0
2024-03-30,Sudeste,Eletrônicos,Notebook Aura,E-commerce,4,2166.15,8664.6,7262.77,1401.83,2.5
2024-03-30,Centro-Oeste,Eletrônicos,Notebook Aura,Loja física,6,2147.96,12887.76,10534.91,2352.85,4.4
2024-03-30,Sul,Alimentos,Chá Manhã,Loja física,5,73.11,365.55,283.96,81.59,4.4
2024-03-30,Sul,Casa e Decoração,Vaso Raiz,Loja física,6,434.05,2604.3,1634.63,969.67,3.6
2024-03-30,Sudeste,Esporte e Lazer,Halteres Par,E-commerce,1,612.78,612.78,333.65,279.13,4.1
2024-03-31,Norte,Casa e Decoração,Tapete Onda,Marketplace,2,160.11,320.22,227.9,92.32,4.2
2024-03-31,Nordeste,Esporte e Lazer,Barraca Cume,E-commerce,2,359.41,718.82,506.63,212.19,4.6
2024-03-31,Sudeste,Casa e Decoração,Vaso Raiz,E-commerce,10,418.43,4184.3,2824.63,1359.67,4.1
2024-03-31,Nordeste,Alimentos,Azeite Oliva,E-commerce,6,56.79,340.74,237.08,103.66,4.5
2024-03-31,Nordeste,Eletrônicos,Monitor Vista,E-commerce,4,2068.36,8273.44,7016.48,1256.96,4.2
2024-04-01,Sul,Esporte e Lazer,Prancha Maré,Marketplace,5,389.2,1946.0,1390.64,555.36,4.6
2024-04-01,Sudeste,Alimentos,Café Serra,E-commerce,6,57.72,346.32,254.23,92.09,3.6
2024-04-01,Nordeste,Eletrônicos,Notebook Aura,Loja física,4,2525.94,10103.76,8210.15,1893.61,3.9
2024-04-02,Nordeste,Eletrônicos,Notebook Aura,Marketplace,5,2198.47,10992.35,10363.7,628.65,3.2
2024-04-02,Centro-Oeste,Alimentos,Granola Cheia,E-commerce,3,33.58,100.74,73.06,27.68,3.6
2024-04-02,Centro-Oeste,Eletrônicos,Fone Pulse,E-commerce,4,2323.79,9295.16,7713.77,1581.39,4.0
2024-04-02,Centro-Oeste,Casa e Decoração,Luminária Sol,E-commerce,3,435.99,1307.97,839.61,468.36,3.0
2024-04-02,Sudeste,Eletrônicos,Tablet Nimbus,Loja física,4,1620.59,6482.36,5207.21,1275.15,2.5
2024-04-02,Sudeste,Eletrônicos,Tablet Nimbus,Loja física,4,1755.35,7021.4,5228.22,1793.18,4.1
2024-04-03,Centro-Oeste,Vestuário,Camiseta Base,Loja física,7,243.6,1705.2,685.39,1019.81,5.0
2024-04-03,Norte,Eletrônicos,Notebook Aura,E-commerce,2,2495.81,4991.62,3931.48,1060.14,3.7
2024-04-03,Sul,Esporte e Lazer,Halteres Par,E-commerce,4,659.7,2638.8,1617.2,1021.6,3.3
2024-04-03,Nordeste,Eletrônicos,Monitor Vista,E-commerce,4,1844.61,7378.44,6085.9,1292.54,4.1
2024-04-03,Sudeste,Vestuário,Camiseta Base,Loja física,3,216.11,648.33,316.06,332.27,3.7
2024-04-03,Sudeste,Alimentos,Granola Cheia,Loja física,2,76.14,152.28,113.07,39.21,3.2
2024-04-03,Sul,Vestuário,Jaqueta Norte,E-commerce,2,66.72,133.44,70.99,62.45,3.3
2024-04-03,Sul,Esporte e Lazer,Bicicleta Rota,Marketplace,6,469.81,2818.86,2103.07,715.79,3.7
2024-04-03,Norte,Alimentos,Chá Manhã,Marketplace,3,21.28,63.84,54.05,9.79,3.8
2024-04-03,Norte,Esporte e Lazer,Bicicleta Rota,E-commerce,1,257.12,257.12,173.1,84.02,3.9
2024-04-03,Nordeste,Vestuário,Jaqueta Norte,Marketplace,4,231.69,926.76,579.95,346.81,4.2
2024-04-03,Sudeste,Eletrônicos,Notebook Aura,E-commerce,4,1776.42,7105.68,6178.15,927.53,2.4
2024-04-03,Norte,Casa e Decoração,Tapete Onda,E-commerce,1,177.79,177.79,86.43,91.36,4.2
2024-04-03,Sul,Eletrônicos,Tablet Nimbus,Loja física,4,1804.24,7216.96,5805.51,1411.45,3.5
2024-04-04,Centro-Oeste,Vestuário,Camiseta Base,Loja física,4,129.7,518.8,213.4,305.4,3.9
2024-04-04,Sudeste,Casa e Decoração,Vaso Raiz,Loja física,7,492.66,3448.62,1993.3,1455.32,3.8
2024-04-04,Nordeste,Casa e Decoração,Cadeira Foco,Loja física,5,210.6,1053.0,621.41,431.59,3.8
2024-04-04,Norte,Vestuário,Tênis Passo,Loja física,2,148.16,296.32,156.92,139.4,4.8
2024-04-04,Norte,Vestuário,Calça Trilha,E-commerce,6,60.36,362.16,160.44,201.72,5.0
2024-04-04,Sul,Vestuário,Camiseta Base,E-commerce,3,167.03,501.09,261.68,239.41,4.2
2024-04-05,Centro-Oeste,Eletrônicos,Notebook Aura,E-commerce,3,1340.31,4020.93,2991.15,1029.78,3.9
2024-04-05,Sudeste,Esporte e Lazer,Barraca Cume,Marketplace,8,602.54,4820.32,3707.21,1113.11,3.5
2024-04-05,Nordeste,Alimentos,Chá Manhã,E-commerce,5,48.75,243.75,180.83,62.92,3.0
2024-04-05,Sul,Esporte e Lazer,Barraca Cume,Loja física,5,365.82,1829.1,1232.4,596.7,
2024-04-05,Sudeste,Esporte e Lazer,Bicicleta Rota,Loja física,8,385.15,3081.2,1703.67,1377.53,3.2
2024-04-05,Sudeste,Casa e Decoração,Vaso Raiz,Loja física,7,265.74,1860.18,1079.54,780.64,3.3
2024-04-05,Nordeste,Esporte e Lazer,Barraca Cume,E-commerce,2,323.07,646.14,383.6,262.54,4.8
2024-04-06,Sudeste,Casa e Decoração,Luminária Sol,E-commerce,5,382.26,1911.3,1190.72,720.58,3.6
2024-04-06,Nordeste,Esporte e Lazer,Barraca Cume,E-commerce,6,539.38,3236.28,2048.01,1188.27,2.5
2024-04-06,Sudeste,Casa e Decoração,Vaso Raiz,Loja física,8,345.83,2766.64,1672.46,1094.18,3.3
2024-04-06,Sul,Alimentos,Café Serra,Loja física,3,54.73,164.19,116.94,47.25,3.1
2024-04-06,Sudeste,Vestuário,Tênis Passo,Marketplace,5,157.31,786.55,465.95,320.6,3.6
2024-04-06,Nordeste,Eletrônicos,Monitor Vista,Marketplace,4,1505.65,6022.6,5707.32,315.28,3.7
2024-04-06,Sul,Esporte e Lazer,Halteres Par,Loja física,6,476.73,2860.38,1896.02,964.36,4.4
2024-04-07,Norte,Alimentos,Chá Manhã,Marketplace,2,23.91,47.82,42.65,5.17,3.5
2024-04-07,Sul,Eletrônicos,Notebook Aura,E-commerce,7,1465.77,10260.39,8991.88,1268.51,3.4
2024-04-08,Nordeste,Eletrônicos,Tablet Nimbus,E-commerce,3,1890.95,5672.85,4376.03,1296.82,3.3
2024-04-08,Norte,Casa e Decoração,Tapete Onda,Marketplace,3,410.57,1231.71,796.37,435.34,4.1
2024-04-08,Norte,Alimentos,Chá Manhã,Loja física,4,66.09,264.36,206.5,57.86,4.0
2024-04-08,Centro-Oeste,Alimentos,Chá Manhã,E-commerce,3,69.66,208.98,145.36,63.62,2.3
2024-04-08,Sul,Casa e Decoração,Cadeira Foco,E-commerce,3,364.57,1093.71,628.37,465.34,4.3
2024-04-08,Sul,Vestuário,Tênis Passo,Loja física,1,144.52,144.52,71.71,72.81,4.2
2024-04-08,Sul,Esporte e Lazer,Prancha Maré,E-commerce,4,409.68,1638.72,1132.83,505.89,4.0
2024-04-08,Sul,Eletrônicos,Monitor Vista,E-commerce,3,1253.28,3759.84,3018.88,740.96,4.4
2024-04-08,Nordeste,Eletrônicos,Tablet Nimbus,Loja física,6,1522.33,9133.98,6637.95,2496.03,2.8
2024-04-08,Norte,Eletrônicos,Tablet Nimbus,E-commerce,5,1824.44,9122.2,7473.56,1648.64,3.0
2024-04-09,Sul,Esporte e Lazer,Bicicleta Rota,E-commerce,4,370.0,1480.0,858.5,621.5,3.9
2024-04-09,Centro-Oeste,Casa e Decoração,Cadeira Foco,Loja física,4,331.04,1324.16,795.27,528.89,2.7
2024-04-10,Sudeste,Casa e Decoração,Tapete Onda,E-commerce,4,238.86,955.44,557.39,398.05,3.9
2024-04-10,Sul,Esporte e Lazer,Prancha Maré,Marketplace,3,285.0,855.0,646.45,208.55,3.8
2024-04-10,Nordeste,Eletrônicos,Tablet Nimbus,E-commerce,2,1297.29,2594.58,2147.04,447.54,4.2
2024-04-10,Sudeste,Eletrônicos,Monitor Vista,Loja física,6,1190.08,7140.48,5526.08,1614.4,3.6
2024-04-10,Sul,Eletrônicos,Fone Pulse,Marketplace,3,2222.28,6666.84,6533.5,133.34,3.7
2024-04-11,Sudeste,Eletrônicos,Fone Pulse,E-commerce,7,1895.62,13269.34,10162.57,3106.77,3.5
2024-04-11,Sudeste,Vestuário,Camiseta Base,Loja física,6,107.78,646.68,315.37,331.31,3.8
2024-04-11,Sul,Alimentos,Granola Cheia,E-commerce,4,67.91,271.64,200.61,71.03,3.9
2024-04-11,Sudeste,Casa e Decoração,Vaso Raiz,Loja física,6,169.18,1015.08,628.7,386.38,3.1
2024-04-12,Norte,Vestuário,Jaqueta Norte,E-commerce,6,120.73,724.38,376.02,348.36,3.2
2024-04-12,Sudeste,Alimentos,Chá Manhã,E-commerce,3,70.22,210.66,159.92,50.74,2.6
2024-04-12,Nordeste,Eletrônicos,Tablet Nimbus,E-commerce,3,1806.92,5420.76,4229.57,1191.19,2.6
2024-04-12,Sul,Alimentos,Azeite Oliva,Marketplace,5,74.53,372.65,332.22,40.43,3.7
2024-04-12,Sudeste,Alimentos,Chá Manhã,Loja física,8,42.31,338.48,245.87,92.61,3.8
2024-04-12,Sul,Alimentos,Chá Manhã,Marketplace,5,35.63,178.15,146.66,31.49,4.3
2024-04-12,Sudeste,Casa e Decoração,Vaso Raiz,Loja física,4,298.77,1195.08,769.72,425.36,3.4
2024-04-12,Sul,Vestuário,Tênis Passo,Marketplace,4,157.7,630.8,416.56,214.24,3.3
2024-04-12,Sudeste,Eletrônicos,Fone Pulse,Loja física,5,1611.22,8056.1,7216.82,839.28,3.6
2024-04-12,Sudeste,Eletrônicos,Tablet Nimbus,Loja física,13,1924.97,25024.61,21366.32,3658.29,4.0
2024-04-12,Nordeste,Eletrônicos,Monitor Vista,E-commerce,1,1490.68,1490.68,1110.51,380.17,3.4
2024-04-12,Norte,Esporte e Lazer,Barraca Cume,Loja física,2,410.23,820.46,452.86,367.6,4.8
2024-04-12,Sudeste,Alimentos,Granola Cheia,E-commerce,4,69.98,279.92,198.7,81.22,4.5
2024-04-13,Centro-Oeste,Alimentos,Café Serra,Loja física,3,22.16,66.48,45.32,21.16,3.8
2024-04-13,Sul,Alimentos,Granola Cheia,E-commerce,1,57.98,57.98,41.85,16.13,3.1
2024-04-13,Nordeste,Eletrônicos,Fone Pulse,Loja física,3,2421.03,7263.09,6089.02,1174.07,3.0
2024-04-13,Sul,Vestuário,Tênis Passo,E-commerce,7,181.41,1269.87,635.03,634.84,3.5
2024-04-14,Sul,Vestuário,Tênis Passo,E-commerce,3,71.87,215.61,91.48,124.13,3.7
2024-04-14,Sul,Alimentos,Granola Cheia,Loja física,4,67.26,269.04,196.94,72.1,4.4
2024-04-14,Sudeste,Vestuário,Jaqueta Norte,E-commerce,8,217.18,1737.44,850.23,887.21,4.2
2024-04-14,Nordeste,Casa e Decoração,Luminária Sol,E-commerce,9,610.57,5495.13,3398.37,2096.76,4.4
2024-04-15,Centro-Oeste,Alimentos,Café Serra,E-commerce,3,54.88,164.64,115.68,48.96,3.6
2024-04-15,Centro-Oeste,Casa e Decoração,Tapete Onda,E-commerce,4,240.32,961.28,590.35,370.93,3.7
2024-04-15,Sul,Casa e Decoração,Luminária Sol,E-commerce,1,259.73,259.73,155.85,103.88,3.6
2024-04-15,Nordeste,Eletrônicos,Monitor Vista,Loja física,6,1136.74,6820.44,6195.69,624.75,2.7
2024-04-15,Norte,Esporte e Lazer,Bicicleta Rota,Marketplace,2,256.43,512.86,391.08,121.78,3.8
2024-04-15,Sul,Esporte e Lazer,Barraca Cume,E-commerce,2,482.87,965.74,609.34,356.4,3.6
2024-04-15,Nordeste,Eletrônicos,Monitor Vista,Loja física,5,1494.51,7472.55,5672.29,1800.26,4.0
2024-04-16,Sul,Vestuário,Jaqueta Norte,Loja física,4,160.85,643.4,330.56,312.84,3.9
2024-04-16,Sul,Esporte e Lazer,Prancha Maré,Loja física,4,534.81,2139.24,1283.03,856.21,5.0
2024-04-17,Sul,Vestuário,Camiseta Base,Loja física,2,221.04,442.08,206.06,236.02,4.3
2024-04-17,Centro-Oeste,Vestuário,Jaqueta Norte,E-commerce,2,197.09,394.18,182.86,211.32,4.1
2024-04-17,Nordeste,Vestuário,Tênis Passo,E-commerce,2,183.85,367.7,178.22,189.48,3.4
2024-04-18,Nordeste,Esporte e Lazer,Bicicleta Rota,E-commerce,2,248.65,497.3,338.65,158.65,
2024-04-18,Sudeste,Esporte e Lazer,Barraca Cume,Loja física,2,251.94,503.88,320.94,182.94,4.2
2024-04-18,Sudeste,Esporte e Lazer,Halteres Par,Loja física,10,403.81,4038.1,2885.71,1152.39,2.9
2024-04-18,Nordeste,Esporte e Lazer,Prancha Maré,E-commerce,6,427.87,2567.22,1487.1,1080.12,3.9
2024-04-18,Nordeste,Esporte e Lazer,Bicicleta Rota,Marketplace,5,349.92,1749.6,1214.16,535.44,3.7
2024-04-18,Centro-Oeste,Alimentos,Azeite Oliva,E-commerce,3,57.7,173.1,146.93,26.17,4.3
2024-04-18,Norte,Esporte e Lazer,Bicicleta Rota,E-commerce,3,388.75,1166.25,688.71,477.54,3.3
2024-04-18,Nordeste,Esporte e Lazer,Prancha Maré,E-commerce,2,252.36,504.72,324.47,180.25,3.8
2024-04-18,Nordeste,Casa e Decoração,Vaso Raiz,Loja física,6,251.73,1510.38,842.43,667.95,3.9
2024-04-19,Sudeste,Alimentos,Granola Cheia,E-commerce,5,35.83,179.15,136.7,42.45,4.0
2024-04-19,Sudeste,Eletrônicos,Monitor Vista,Loja física,4,1467.65,5870.6,4434.37,1436.23,3.9
2024-04-19,Centro-Oeste,Eletrônicos,Tablet Nimbus,E-commerce,3,1808.07,5424.21,3947.84,1476.37,3.3
2024-04-19,Norte,Alimentos,Granola Cheia,Loja física,5,16.8,84.0,70.25,13.75,3.8
2024-04-19,Nordeste,Esporte e Lazer,Barraca Cume,E-commerce,4,530.56,2122.24,1579.14,543.1,3.9
2024-04-19,Sul,Vestuário,Calça Trilha,Loja física,2,59.86,119.72,59.76,59.96,3.4
2024-04-20,Sudeste,Esporte e Lazer,Bicicleta Rota,Loja física,9,432.12,3889.08,2321.58,1567.5,3.9
2024-04-20,Norte,Alimentos,Granola Cheia,E-commerce,6,34.98,209.88,162.45,47.43,4.6
2024-04-20,Nordeste,Alimentos,Chá Manhã,E-commerce,4,65.53,262.12,200.2,61.92,3.3
2024-04-20,Sudeste,Vestuário,Camiseta Base,E-commerce,6,123.85,743.1,314.03,429.07,3.4
2024-04-20,Norte,Casa e Decoração,Luminária Sol,E-commerce,5,250.44,1252.2,821.97,430.23,3.7
2024-04-20,Norte,Esporte e Lazer,Halteres Par,Marketplace,2,292.49,584.98,467.39,117.59,4.1
2024-04-21,Nordeste,Esporte e Lazer,Prancha Maré,E-commerce,6,143.5,861.0,597.33,263.67,3.6
2024-04-21,Centro-Oeste,Casa e Decoração,Tapete Onda,Loja física,3,375.97,1127.91,682.04,445.87,3.3
2024-04-21,Sudeste,Esporte e Lazer,Bicicleta Rota,Marketplace,6,439.36,2636.16,1761.19,874.97,3.8
2024-04-21,Sudeste,Esporte e Lazer,Prancha Maré,Loja física,5,695.99,3479.95,2588.64,891.31,2.2
2024-04-21,Sul,Vestuário,Tênis Passo,Loja física,4,171.93,687.72,286.42,401.3,4.7
2024-04-22,Centro-Oeste,Eletrônicos,Notebook Aura,Marketplace,3,2131.11,6393.33,5851.48,541.85,2.8
2024-04-22,Centro-Oeste,Vestuário,Jaqueta Norte,Loja física,6,182.56,1095.36,483.06,612.3,3.7
2024-04-22,Nordeste,Eletrônicos,Monitor Vista,E-commerce,2,2017.61,4035.22,3505.83,529.39,3.9
2024-04-22,Sudeste,Esporte e Lazer,Barraca Cume,E-commerce,6,143.5,861.0,488.24,372.76,4.8
2024-04-22,Sudeste,Casa e Decoração,Tapete Onda,Loja física,8,285.18,2281.44,1491.87,789.57,4.3
2024-04-22,Centro-Oeste,Alimentos,Azeite Oliva,E-commerce,8,53.84,430.72,325.26,105.46,2.9
2024-04-22,Sudeste,Eletrônicos,Fone Pulse,Marketplace,7,1918.55,13429.85,13161.25,268.6,3.5
2024-04-22,Norte,Esporte e Lazer,Prancha Maré,E-commerce,3,551.48,1654.44,1135.98,518.46,3.6
2024-04-22,Sudeste,Alimentos,Chá Manhã,Loja física,5,38.37,191.85,130.06,61.79,3.6
2024-04-22,Sul,Vestuário,Calça Trilha,Marketplace,6,280.3,1681.8,1059.78,622.02,4.3
2024-04-22,Sudeste,Eletrônicos,Fone Pulse,Marketplace,6,1848.03,11088.18,10220.91,867.27,2.5
2024-04-22,Sul,Alimentos,Azeite Oliva,E-commerce,2,56.19,112.38,67.68,44.7,3.3
2024-04-22,Nordeste,Casa e Decoração,Luminária Sol,E-commerce,5,248.72,1243.6,681.86,561.74,3.6
2024-04-22,Centro-Oeste,Eletrônicos,Notebook Aura,E-commerce,3,2236.88,6710.64,5625.76,1084.88,4.1
2024-04-23,Sul,Eletrônicos,Fone Pulse,E-commerce,7,1798.24,12587.68,10001.55,2586.13,4.3
2024-04-23,Sudeste,Esporte e Lazer,Bicicleta Rota,Loja física,5,512.13,2560.65,1856.69,703.96,3.6
2024-04-23,Norte,Esporte e Lazer,Halteres Par,Loja física,2,261.81,523.62,351.14,172.48,3.5
2024-04-23,Norte,Alimentos,Chá Manhã,Loja física,3,49.14,147.42,108.17,39.25,3.3
2024-04-23,Norte,Eletrônicos,Tablet Nimbus,E-commerce,2,1434.32,2868.64,2359.95,508.69,4.5
2024-04-23,Sudeste,Vestuário,Jaqueta Norte,Marketplace,5,239.76,1198.8,722.15,476.65,3.5
2024-04-23,Centro-Oeste,Esporte e Lazer,Prancha Maré,E-commerce,1,555.56,555.56,335.5,220.06,4.0
2024-04-24,Sul,Esporte e Lazer,Bicicleta Rota,E-commerce,2,332.76,665.52,363.44,302.08,5.0
2024-04-24,Sudeste,Eletrônicos,Fone Pulse,E-commerce,7,2209.52,15466.64,12580.7,2885.94,3.6
2024-04-24,Sudeste,Eletrônicos,Tablet Nimbus,Marketplace,5,1685.46,8427.3,7811.01,616.29,4.2
2024-04-24,Sudeste,Alimentos,Café Serra,Loja física,5,50.13,250.65,182.15,68.5,4.0
2024-04-24,Nordeste,Eletrônicos,Monitor Vista,E-commerce,3,1763.06,5289.18,4494.29,794.89,4.0
2024-04-24,Sudeste,Casa e Decoração,Cadeira Foco,E-commerce,8,250.78,2006.24,1201.54,804.7,3.9
2024-04-25,Norte,Eletrônicos,Fone Pulse,Marketplace,2,2930.52,5861.04,5665.2,195.84,3.5
2024-04-25,Sul,Casa e Decoração,Vaso Raiz,Loja física,7,219.23,1534.61,876.64,657.97,4.2
2024-04-25,Sul,Vestuário,Camiseta Base,Loja física,4,55.65,222.6,107.72,114.88,4.5
2024-04-25,Sudeste,Alimentos,Chá Manhã,E-commerce,8,33.53,268.24,195.98,72.26,4.1
2024-04-26,Sudeste,Casa e Decoração,Tapete Onda,Marketplace,5,274.78,1373.9,989.5,384.4,4.0
2024-04-26,Sudeste,Esporte e Lazer,Barraca Cume,Marketplace,7,429.69,3007.83,1942.59,1065.24,2.9
2024-04-27,Centro-Oeste,Alimentos,Chá Manhã,Loja física,2,66.33,132.66,99.02,33.64,3.4
2024-04-27,Nordeste,Alimentos,Granola Cheia,E-commerce,6,65.68,394.08,324.16,69.92,3.4
2024-04-27,Sul,Esporte e Lazer,Prancha Maré,Loja física,7,362.24,2535.68,1527.74,1007.94,4.2
2024-04-27,Centro-Oeste,Vestuário,Camiseta Base,Loja física,4,66.48,265.92,127.87,138.05,5.0
2024-04-27,Sul,Vestuário,Camiseta Base,Loja física,2,88.43,176.86,84.74,92.12,4.0
2024-04-27,Centro-Oeste,Vestuário,Tênis Passo,Marketplace,4,157.23,628.92,363.43,265.49,5.0
2024-04-27,Sudeste,Alimentos,Chá Manhã,Loja física,8,19.84,158.72,122.04,36.68,3.2
2024-04-27,Norte,Esporte e Lazer,Bicicleta Rota,E-commerce,3,354.83,1064.49,537.78,526.71,4.8
2024-04-27,Centro-Oeste,Vestuário,Calça Trilha,E-commerce,6,237.17,1423.02,680.33,742.69,4.3
2024-04-28,Centro-Oeste,Esporte e Lazer,Barraca Cume,E-commerce,5,519.06,2595.3,1648.52,946.78,3.2
2024-04-28,Centro-Oeste,Esporte e Lazer,Prancha Maré,Loja física,3,445.8,1337.4,782.22,555.18,3.6
2024-04-28,Sudeste,Alimentos,Café Serra,E-commerce,4,64.17,256.68,198.63,58.05,4.6
2024-04-28,Sudeste,Eletrônicos,Notebook Aura,E-commerce,8,1725.91,13807.28,11014.2,2793.08,3.6
2024-04-28,Centro-Oeste,Casa e Decoração,Vaso Raiz,E-commerce,7,195.11,1365.77,745.36,620.41,3.7
2024-04-28,Sul,Alimentos,Granola Cheia,E-commerce,9,48.82,439.38,350.17,89.21,4.5
2024-04-28,Centro-Oeste,Eletrônicos,Tablet Nimbus,Loja física,5,2014.56,10072.8,8110.36,1962.44,3.8
2024-04-28,Norte,Vestuário,Calça Trilha,Loja física,1,169.0,169.0,82.16,86.84,4.8
2024-04-29,Norte,Casa e Decoração,Cadeira Foco,E-commerce,3,335.47,1006.41,710.91,295.5,4.5
2024-04-29,Sudeste,Vestuário,Tênis Passo,Loja física,7,187.16,1310.12,654.22,655.9,3.8
2024-04-29,Sul,Casa e Decoração,Vaso Raiz,Loja física,3,258.56,775.68,484.12,291.56,4.2
2024-04-29,Nordeste,Eletrônicos,Tablet Nimbus,E-commerce,3,2393.63,7180.89,6298.74,882.15,3.7
2024-04-30,Norte,Casa e Decoração,Cadeira Foco,E-commerce,3,112.0,336.0,207.3,128.7,3.4
2024-04-30,Sudeste,Vestuário,Calça Trilha,E-commerce,6,136.41,818.46,377.85,440.61,4.2
2024-04-30,Sudeste,Esporte e Lazer,Barraca Cume,Loja física,5,208.88,1044.4,700.65,343.75,4.0
2024-04-30,Centro-Oeste,Casa e Decoração,Luminária Sol,Loja física,3,487.01,1461.03,920.42,540.61,3.6
2024-04-30,Sudeste,Casa e Decoração,Luminária Sol,Loja física,7,468.39,3278.73,2234.43,1044.3,3.5
2024-04-30,Centro-Oeste,Casa e Decoração,Tapete Onda,E-commerce,2,295.1,590.2,319.22,270.98,4.6
2024-04-30,Sudeste,Vestuário,Jaqueta Norte,E-commerce,2,110.21,220.42,89.79,130.63,4.0
2024-04-30,Sudeste,Eletrônicos,Notebook Aura,Marketplace,7,1618.8,11331.6,10224.67,1106.93,2.4
2024-05-01,Sul,Esporte e Lazer,Halteres Par,E-commerce,3,357.72,1073.16,687.74,385.42,4.4
2024-05-01,Sudeste,Alimentos,Café Serra,E-commerce,5,44.98,224.9,149.45,75.45,3.4
2024-05-01,Sudeste,Vestuário,Tênis Passo,Loja física,6,211.83,1270.98,702.58,568.4,4.3
2024-05-01,Nordeste,Casa e Decoração,Cadeira Foco,E-commerce,5,332.29,1661.45,900.25,761.2,3.2
2024-05-01,Sul,Esporte e Lazer,Bicicleta Rota,E-commerce,4,314.9,1259.6,741.95,517.65,3.8
2024-05-02,Sudeste,Vestuário,Jaqueta Norte,E-commerce,9,161.96,1457.64,632.52,825.12,3.9
2024-05-02,Sudeste,Casa e Decoração,Vaso Raiz,Loja física,6,441.26,2647.56,1439.33,1208.23,
2024-05-02,Sul,Casa e Decoração,Tapete Onda,Marketplace,3,474.1,1422.3,922.48,499.82,3.8
2024-05-02,Sul,Vestuário,Camiseta Base,Loja física,4,160.64,642.56,332.32,310.24,3.9
2024-05-02,Sudeste,Casa e Decoração,Luminária Sol,E-commerce,4,276.86,1107.44,712.68,394.76,3.9
2024-05-02,Centro-Oeste,Eletrônicos,Fone Pulse,Loja física,3,2031.05,6093.15,4833.1,1260.05,4.7
2024-05-02,Centro-Oeste,Casa e Decoração,Tapete Onda,E-commerce,7,388.42,2718.94,1724.64,994.3,4.3
2024-05-03,Sul,Esporte e Lazer,Barraca Cume,Loja física,2,306.36,612.72,406.3,206.42,3.7
2024-05-03,Centro-Oeste,Esporte e Lazer,Bicicleta Rota,Loja física,1,371.97,371.97,194.75,177.22,4.5
2024-05-03,Nordeste,Esporte e Lazer,Bicicleta Rota,Loja física,1,346.95,346.95,204.83,142.12,4.1
2024-05-03,Sudeste,Alimentos,Azeite Oliva,E-commerce,3,27.24,81.72,61.73,19.99,3.6
2024-05-03,Centro-Oeste,Casa e Decoração,Tapete Onda,E-commerce,4,348.33,1393.32,619.57,773.75,4.6
2024-05-04,Sudeste,Eletrônicos,Fone Pulse,Loja física,7,1549.65,10847.55,9286.76,1560.79,3.4
2024-05-04,Centro-Oeste,Esporte e Lazer,Barraca Cume,Loja física,5,598.35,2991.75,1777.73,1214.02,3.4
2024-05-04,Sudeste,Vestuário,Calça Trilha,Loja física,10,138.98,1389.8,563.08,826.72,4.3
2024-05-04,Sul,Casa e Decoração,Tapete Onda,Marketplace,6,457.25,2743.5,1935.76,807.74,3.5
2024-05-04,Sudeste,Casa e Decoração,Cadeira Foco,E-commerce,9,335.72,3021.48,1851.68,1169.8,3.7
2024-05-05,Sul,Vestuário,Calça Trilha,Marketplace,8,96.7,773.6,437.56,336.04,4.3
2024-05-05,Norte,Esporte e Lazer,Bicicleta Rota,Marketplace,4,438.62,1754.48,1385.07,369.41,4.7
2024-05-05,Sudeste,Alimentos,Azeite Oliva,E-commerce,9,26.62,239.58,193.56,46.02,3.9
2024-05-05,Centro-Oeste,Esporte e Lazer,Halteres Par,E-commerce,5,501.07,2505.35,1725.69,779.66,3.8
2024-05-05,Norte,Esporte e Lazer,Barraca Cume,E-commerce,2,378.83,757.66,456.64,301.02,3.9
2024-05-05,Centro-Oeste,Casa e Decoração,Cadeira Foco,Loja física,4,422.62,1690.48,974.39,716.09,
2024-05-06,Sudeste,Alimentos,Café Serra,Marketplace,4,26.23,104.92,84.69,20.23,2.9
2024-05-06,Nordeste,Casa e Decoração,Luminária Sol,Loja física,4,264.66,1058.64,704.89,353.75,4.0
2024-05-06,Nordeste,Alimentos,Café Serra,E-commerce,3,73.8,221.4,151.25,70.15,4.1
2024-05-06,Centro-Oeste,Casa e Decoração,Luminária Sol,E-commerce,3,112.0,336.0,227.42,108.58,4.0
2024-05-07,Centro-Oeste,Alimentos,Café Serra,Loja física,4,86.85,347.4,272.22,75.18,4.0
2024-05-07,Sul,Esporte e Lazer,Barraca Cume,Loja física,4,343.95,1375.8,921.75,454.05,3.4
2024-05-07,Sul,Alimentos,Chá Manhã,E-commerce,7,24.33,170.31,117.41,52.9,4.1
2024-05-07,Sudeste,Alimentos,Granola Cheia,E-commerce,14,88.33,1236.62,949.29,287.33,3.4
2024-05-07,Centro-Oeste,Esporte e Lazer,Prancha Maré,Loja física,2,301.09,602.18,392.5,209.68,4.2
2024-05-07,Sul,Eletrônicos,Monitor Vista,E-commerce,6,1071.51,6429.06,5352.22,1076.84,3.6
2024-05-07,Sudeste,Alimentos,Chá Manhã,Loja física,10,27.15,271.5,203.48,68.02,3.2
2024-05-08,Sudeste,Esporte e Lazer,Bicicleta Rota,E-commerce,4,525.46,2101.84,1407.14,694.7,4.0
2024-05-08,Centro-Oeste,Casa e Decoração,Vaso Raiz,Loja física,3,292.59,877.77,522.22,355.55,4.5
2024-05-08,Nordeste,Vestuário,Tênis Passo,E-commerce,5,128.03,640.15,313.36,326.79,4.2
2024-05-08,Sudeste,Casa e Decoração,Vaso Raiz,E-commerce,5,478.87,2394.35,1575.08,819.27,4.6
2024-05-08,Sudeste,Vestuário,Camiseta Base,E-commerce,8,177.33,1418.64,657.47,761.17,4.6
2024-05-08,Sul,Vestuário,Tênis Passo,Loja física,2,132.32,264.64,111.65,152.99,4.3
2024-05-08,Nordeste,Alimentos,Azeite Oliva,Loja física,8,32.95,263.6,197.54,66.06,2.5
2024-05-08,Sudeste,Casa e Decoração,Luminária Sol,Loja física,6,325.49,1952.94,1270.39,682.55,5.0
2024-05-08,Norte,Vestuário,Tênis Passo,Marketplace,1,166.88,166.88,89.41,77.47,3.9
2024-05-08,Norte,Esporte e Lazer,Barraca Cume,Loja física,3,417.96,1253.88,656.23,597.65,3.5
2024-05-09,Sul,Eletrônicos,Fone Pulse,E-commerce,10,2656.43,26564.3,20778.86,5785.44,3.7
2024-05-09,Norte,Casa e Decoração,Vaso Raiz,Loja física,5,187.45,937.25,519.96,417.29,3.7
2024-05-09,Nordeste,Esporte e Lazer,Bicicleta Rota,E-commerce,2,577.12,1154.24,581.57,572.67,3.9
2024-05-09,Sul,Casa e Decoração,Luminária Sol,Loja física,3,282.47,847.41,555.95,291.46,3.6
2024-05-09,Sul,Casa e Decoração,Vaso Raiz,E-commerce,5,125.09,625.45,423.68,201.77,3.9
2024-05-09,Centro-Oeste,Vestuário,Camiseta Base,E-commerce,5,58.78,293.9,110.88,183.02,3.2
2024-05-09,Sudeste,Eletrônicos,Monitor Vista,E-commerce,7,2490.4,17432.8,14340.13,3092.67,4.3
2024-05-09,Sudeste,Alimentos,Chá Manhã,E-commerce,3,74.16,222.48,169.72,52.76,4.8
2024-05-09,Nordeste,Esporte e Lazer,Halteres Par,Marketplace,4,324.64,1298.56,922.74,375.82,3.6
2024-05-09,Centro-Oeste,Casa e Decoração,Tapete Onda,Marketplace,1,294.54,294.54,220.83,73.71,4.4
2024-05-10,Sudeste,Esporte e Lazer,Halteres Par,Loja física,5,405.74,2028.7,1169.16,859.54,3.8
2024-05-10,Centro-Oeste,Casa e Decoração,Tapete Onda,Loja física,4,112.0,448.0,255.9,192.1,3.9
2024-05-10,Nordeste,Eletrônicos,Fone Pulse,Loja física,2,2215.78,4431.56,3651.66,779.9,3.4
2024-05-11,Norte,Esporte e Lazer,Barraca Cume,Marketplace,5,177.16,885.8,599.82,285.98,3.9
2024-05-11,Nordeste,Esporte e Lazer,Prancha Maré,E-commerce,7,440.71,3084.97,1798.49,1286.48,3.6
2024-05-11,Sudeste,Vestuário,Calça Trilha,E-commerce,5,82.58,412.9,194.25,218.65,4.4
2024-05-11,Sul,Alimentos,Chá Manhã,Loja física,3,58.03,174.09,114.86,59.23,3.6
2024-05-11,Sudeste,Casa e Decoração,Luminária Sol,Marketplace,7,190.06,1330.42,866.35,464.07,3.3
2024-05-12,Sudeste,Vestuário,Jaqueta Norte,E-commerce,4,177.54,710.16,359.81,350.35,4.1
2024-05-12,Sudeste,Vestuário,Calça Trilha,E-commerce,7,123.08,861.56,448.41,413.15,
2024-05-12,Nordeste,Vestuário,Tênis Passo,E-commerce,5,55.65,278.25,143.25,135.0,3.9
2024-05-12,Sul,Casa e Decoração,Tapete Onda,E-commerce,9,439.54,3955.86,2217.49,1738.37,4.0
2024-05-12,Sul,Eletrônicos,Fone Pulse,Loja física,3,2354.45,7063.35,6262.23,801.12,2.9
2024-05-12,Sul,Alimentos,Café Serra,E-commerce,5,38.61,193.05,141.36,51.69,4.6
2024-05-12,Nordeste,Casa e Decoração,Tapete Onda,Marketplace,6,352.93,2117.58,1528.14,589.44,4.3
2024-05-13,Centro-Oeste,Esporte e Lazer,Bicicleta Rota,E-commerce,3,356.35,1069.05,709.63,359.42,4.9
2024-05-13,Sudeste,Vestuário,Jaqueta Norte,Loja física,8,181.92,1455.36,642.99,812.37,4.3
2024-05-13,Centro-Oeste,Eletrônicos,Monitor Vista,Loja física,8,2678.29,21426.32,17595.07,3831.25,4.0
2024-05-13,Nordeste,Vestuário,Jaqueta Norte,E-commerce,7,184.88,1294.16,691.84,602.32,4.0
2024-05-13,Centro-Oeste,Esporte e Lazer,Halteres Par,Loja física,3,475.73,1427.19,988.55,438.64,3.5
2024-05-14,Sudeste,Vestuário,Calça Trilha,E-commerce,8,182.54,1460.32,852.53,607.79,3.8
2024-05-14,Nordeste,Alimentos,Granola Cheia,Loja física,2,40.26,80.52,46.89,33.63,4.6
2024-05-14,Sudeste,Esporte e Lazer,Halteres Par,E-commerce,7,250.17,1751.19,1005.38,745.81,3.3
2024-05-14,Nordeste,Vestuário,Tênis Passo,E-commerce,2,226.09,452.18,195.97,256.21,3.5
2024-05-15,Sudeste,Alimentos,Azeite Oliva,E-commerce,6,57.61,345.66,227.65,118.01,4.8
2024-05-15,Sul,Vestuário,Tênis Passo,E-commerce,4,56.61,226.44,107.65,118.79,3.9
2024-05-15,Centro-Oeste,Vestuário,Camiseta Base,Loja física,4,121.4,485.6,236.37,249.23,3.5
2024-05-15,Nordeste,Vestuário,Tênis Passo,E-commerce,4,200.67,802.68,330.87,471.81,4.2
2024-05-15,Norte,Alimentos,Café Serra,Loja física,4,19.85,79.4,53.4,26.0,4.6
2024-05-15,Centro-Oeste,Esporte e Lazer,Prancha Maré,E-commerce,2,297.06,594.12,356.02,238.1,3.5
2024-05-15,Centro-Oeste,Vestuário,Jaqueta Norte,Loja física,4,305.38,1221.52,532.43,689.09,4.1
2024-05-16,Sul,Casa e Decoração,Cadeira Foco,E-commerce,3,210.98,632.94,347.98,284.96,3.6
2024-05-16,Sul,Casa e Decoração,Tapete Onda,Marketplace,6,500.06,3000.36,1784.64,1215.72,4.5
2024-05-16,Sul,Vestuário,Jaqueta Norte,E-commerce,5,140.79,703.95,381.5,322.45,3.0
2024-05-16,Sul,Esporte e Lazer,Halteres Par,Marketplace,5,572.4,2862.0,2097.48,764.52,3.5
2024-05-17,Norte,Alimentos,Granola Cheia,Loja física,1,52.79,52.79,42.92,9.87,3.0
2024-05-17,Nordeste,Eletrônicos,Notebook Aura,E-commerce,6,2838.23,17029.38,14416.31,2613.07,3.2
2024-05-17,Sudeste,Esporte e Lazer,Barraca Cume,Loja física,7,478.93,3352.51,1853.78,1498.73,3.7
2024-05-17,Nordeste,Vestuário,Jaqueta Norte,Loja física,5,289.1,1445.5,660.94,784.56,4.6
2024-05-17,Norte,Alimentos,Café Serra,E-commerce,3,36.54,109.62,80.12,29.5,4.0
2024-05-17,Sudeste,Casa e Decoração,Vaso Raiz,E-commerce,3,535.65,1606.95,931.07,675.88,4.3
2024-05-17,Sul,Alimentos,Granola Cheia,E-commerce,5,48.3,241.5,179.72,61.78,3.8
2024-05-17,Centro-Oeste,Alimentos,Azeite Oliva,Loja física,4,42.11,168.44,129.06,39.38,3.4
2024-05-18,Nordeste,Vestuário,Calça Trilha,Loja física,2,59.57,119.14,53.93,65.21,3.6
2024-05-18,Norte,Casa e Decoração,Luminária Sol,E-commerce,3,378.22,1134.66,629.34,505.32,3.5
2024-05-18,Centro-Oeste,Eletrônicos,Fone Pulse,E-commerce,3,1466.65,4399.95,3298.04,1101.91,
2024-05-18,Nordeste,Eletrônicos,Fone Pulse,E-commerce,6,1796.5,10779.0,8294.27,2484.73,4.0
2024-05-18,Norte,Eletrônicos,Notebook Aura,Loja física,3,2157.22,6471.66,5576.5,895.16,3.2
2024-05-18,Centro-Oeste,Esporte e Lazer,Halteres Par,E-commerce,1,397.31,397.31,245.59,151.72,4.8
2024-05-19,Sudeste,Eletrônicos,Monitor Vista,E-commerce,11,2196.87,24165.57,19266.43,4899.14,4.2
2024-05-19,Sul,Esporte e Lazer,Barraca Cume,Marketplace,6,558.73,3352.38,2275.66,1076.72,3.8
2024-05-20,Sudeste,Alimentos,Granola Cheia,E-commerce,5,46.66,233.3,178.01,55.29,3.7
2024-05-20,Sul,Casa e Decoração,Luminária Sol,E-commerce,5,258.86,1294.3,669.73,624.57,4.6
2024-05-20,Nordeste,Casa e Decoração,Luminária Sol,E-commerce,5,434.94,2174.7,1218.93,955.77,3.8
2024-05-20,Nordeste,Eletrônicos,Monitor Vista,Loja física,7,1165.41,8157.87,6413.04,1744.83,2.9
2024-05-20,Sudeste,Vestuário,Tênis Passo,Loja física,6,174.17,1045.02,551.11,493.91,3.8
2024-05-20,Sul,Esporte e Lazer,Halteres Par,E-commerce,8,463.58,3708.64,2305.42,1403.22,4.2
2024-05-20,Nordeste,Vestuário,Tênis Passo,E-commerce,5,181.13,905.65,444.93,460.72,4.4
2024-05-21,Sudeste,Esporte e Lazer,Halteres Par,Marketplace,7,439.37,3075.59,2179.67,895.92,3.7
2024-05-21,Sul,Vestuário,Jaqueta Norte,Marketplace,4,55.65,222.6,128.32,94.28,4.1
2024-05-21,Sul,Eletrônicos,Notebook Aura,Loja física,4,1246.45,4985.8,3683.43,1302.37,3.0
2024-05-21,Sul,Eletrônicos,Monitor Vista,E-commerce,4,1842.0,7368.0,5903.08,1464.92,4.0
2024-05-22,Centro-Oeste,Casa e Decoração,Cadeira Foco,E-commerce,5,293.44,1467.2,861.68,605.52,2.6
2024-05-22,Sul,Eletrônicos,Tablet Nimbus,E-commerce,5,2531.89,12659.45,9784.88,2874.57,3.8
2024-05-22,Sul,Eletrônicos,Tablet Nimbus,Loja física,4,1314.7,5258.8,4263.72,995.08,3.3
2024-05-22,Norte,Alimentos,Azeite Oliva,Marketplace,4,63.86,255.44,209.73,45.71,3.6
2024-05-22,Norte,Vestuário,Jaqueta Norte,E-commerce,7,214.72,1503.04,691.73,811.31,3.8
2024-05-22,Nordeste,Alimentos,Azeite Oliva,Loja física,5,57.52,287.6,233.66,53.94,4.1
2024-05-22,Centro-Oeste,Eletrônicos,Notebook Aura,Marketplace,3,1529.89,4589.67,4228.25,361.42,4.2
2024-05-22,Sudeste,Alimentos,Café Serra,E-commerce,6,40.46,242.76,180.08,62.68,3.7
2024-05-22,Centro-Oeste,Casa e Decoração,Cadeira Foco,Loja física,5,280.63,1403.15,916.34,486.81,3.8
2024-05-23,Sudeste,Casa e Decoração,Vaso Raiz,E-commerce,6,468.47,2810.82,1645.32,1165.5,3.6
2024-05-23,Sul,Casa e Decoração,Vaso Raiz,Marketplace,4,205.34,821.36,572.83,248.53,3.1
2024-05-23,Centro-Oeste,Esporte e Lazer,Prancha Maré,Marketplace,7,469.36,3285.52,2400.07,885.45,4.1
2024-05-23,Norte,Esporte e Lazer,Halteres Par,E-commerce,4,361.0,1444.0,892.11,551.89,4.7
2024-05-23,Sudeste,Eletrônicos,Monitor Vista,E-commerce,5,2147.15,10735.75,9007.3,1728.45,3.3
2024-05-23,Nordeste,Vestuário,Tênis Passo,Loja física,7,110.84,775.88,331.13,444.75,4.6
2024-05-24,Centro-Oeste,Casa e Decoração,Vaso Raiz,E-commerce,6,465.92,2795.52,1448.22,1347.3,3.4
2024-05-24,Sudeste,Eletrônicos,Monitor Vista,Loja física,6,1395.28,8371.68,7206.58,1165.1,3.2
2024-05-24,Sudeste,Eletrônicos,Monitor Vista,E-commerce,3,1882.5,5647.5,4330.26,1317.24,4.8
2024-05-24,Sul,Vestuário,Camiseta Base,E-commerce,5,206.95,1034.75,497.26,537.49,4.5
2024-05-24,Nordeste,Eletrônicos,Monitor Vista,Loja física,4,2423.58,9694.32,7827.36,1866.96,3.2
2024-05-25,Nordeste,Eletrônicos,Monitor Vista,E-commerce,6,1369.35,8216.1,7297.19,918.91,3.3
2024-05-25,Nordeste,Eletrônicos,Tablet Nimbus,Marketplace,5,1528.96,7644.8,6803.53,841.27,4.7
2024-05-25,Nordeste,Eletrônicos,Tablet Nimbus,E-commerce,1,2167.63,2167.63,1789.15,378.48,3.4
2024-05-25,Centro-Oeste,Alimentos,Chá Manhã,Loja física,4,45.11,180.44,130.96,49.48,4.6
2024-05-26,Nordeste,Eletrônicos,Fone Pulse,E-commerce,4,2688.29,10753.16,8409.25,2343.91,4.3
2024-05-26,Sul,Alimentos,Granola Cheia,E-commerce,7,19.65,137.55,98.68,38.87,3.3
2024-05-26,Nordeste,Esporte e Lazer,Bicicleta Rota,Loja física,2,361.97,723.94,536.98,186.96,3.9
2024-05-26,Sul,Vestuário,Tênis Passo,E-commerce,7,272.46,1907.22,809.39,1097.83,3.9
2024-05-26,Sudeste,Casa e Decoração,Vaso Raiz,Loja física,4,243.55,974.2,515.12,459.08,4.1
2024-05-26,Sul,Alimentos,Chá Manhã,Loja física,5,31.56,157.8,124.23,33.57,4.1
2024-05-27,Centro-Oeste,Casa e Decoração,Cadeira Foco,Loja física,2,236.46,472.92,302.19,170.73,3.7
2024-05-27,Sudeste,Casa e Decoração,Cadeira Foco,Loja física,7,257.36,1801.52,1109.69,691.83,4.6
2024-05-27,Nordeste,Vestuário,Camiseta Base,E-commerce,4,213.93,855.72,457.13,398.59,3.9
2024-05-27,Centro-Oeste,Casa e Decoração,Tapete Onda,Loja física,4,252.56,1010.24,455.73,554.51,4.1
2024-05-27,Sudeste,Esporte e Lazer,Halteres Par,Loja física,5,308.25,1541.25,911.64,629.61,3.2
2024-05-27,Norte,Casa e Decoração,Tapete Onda,E-commerce,2,206.14,412.28,276.88,135.4,3.7
2024-05-27,Sudeste,Casa e Decoração,Vaso Raiz,Marketplace,7,421.05,2947.35,2286.44,660.91,4.3
2024-05-27,Sul,Eletrônicos,Monitor Vista,E-commerce,2,2552.76,5105.52,4344.93,760.59,3.5
2024-05-27,Norte,Vestuário,Tênis Passo,E-commerce,5,258.1,1290.5,654.21,636.29,5.0
2024-05-27,Sudeste,Eletrônicos,Monitor Vista,E-commerce,7,1630.15,11411.05,9374.73,2036.32,3.2
2024-05-27,Norte,Alimentos,Azeite Oliva,E-commerce,4,24.25,97.0,70.16,26.84,4.9
2024-05-28,Centro-Oeste,Casa e Decoração,Vaso Raiz,Loja física,2,238.85,477.7,313.99,163.71,4.3
2024-05-28,Centro-Oeste,Casa e Decoração,Luminária Sol,E-commerce,1,396.86,396.86,228.13,168.73,4.0
2024-05-28,Sudeste,Esporte e Lazer,Halteres Par,Loja física,5,430.37,2151.85,1466.71,685.14,3.5
2024-05-28,Sudeste,Eletrônicos,Tablet Nimbus,E-commerce,7,2435.49,17048.43,14558.59,2489.84,2.8
2024-05-28,Sudeste,Eletrônicos,Monitor Vista,E-commerce,4,1970.88,7883.52,6205.1,1678.42,3.8
2024-05-29,Sul,Vestuário,Calça Trilha,E-commerce,11,75.88,834.68,389.24,445.44,3.5
2024-05-29,Sul,Eletrônicos,Notebook Aura,E-commerce,4,740.32,2961.28,2446.77,514.51,4.4
2024-05-29,Sul,Vestuário,Calça Trilha,E-commerce,6,169.37,1016.22,432.06,584.16,3.8
2024-05-30,Centro-Oeste,Eletrônicos,Notebook Aura,Loja física,2,1662.17,3324.34,2700.41,623.93,3.8
2024-05-30,Nordeste,Alimentos,Café Serra,Loja física,6,49.3,295.8,230.16,65.64,4.3
2024-05-30,Sudeste,Esporte e Lazer,Halteres Par,Loja física,5,506.48,2532.4,1808.75,723.65,4.1
2024-05-30,Sudeste,Alimentos,Café Serra,E-commerce,3,66.33,198.99,138.1,60.89,3.6
2024-05-31,Sudeste,Vestuário,Jaqueta Norte,Loja física,8,85.2,681.6,332.52,349.08,5.0
2024-05-31,Sudeste,Alimentos,Café Serra,E-commerce,5,69.0,345.0,282.62,62.38,4.1
2024-05-31,Sudeste,Casa e Decoração,Vaso Raiz,Loja física,5,379.1,1895.5,1140.21,755.29,3.2
2024-05-31,Sudeste,Alimentos,Azeite Oliva,E-commerce,5,53.24,266.2,213.1,53.1,3.4
2024-05-31,Sul,Alimentos,Azeite Oliva,Marketplace,4,47.91,191.64,165.31,26.33,3.3
2024-06-01,Sudeste,Casa e Decoração,Cadeira Foco,Loja física,7,263.65,1845.55,1048.94,796.61,4.2
2024-06-01,Nordeste,Alimentos,Chá Manhã,E-commerce,4,27.96,111.84,78.83,33.01,3.7
2024-06-01,Centro-Oeste,Vestuário,Camiseta Base,Loja física,5,172.9,864.5,415.75,448.75,3.5
2024-06-01,Sudeste,Eletrônicos,Fone Pulse,E-commerce,4,1591.51,6366.04,5501.51,864.53,4.0
2024-06-01,Sudeste,Esporte e Lazer,Halteres Par,E-commerce,8,346.41,2771.28,1835.61,935.67,4.4
2024-06-02,Sudeste,Eletrônicos,Tablet Nimbus,Loja física,9,672.58,6053.22,4941.47,1111.75,3.2
2024-06-02,Centro-Oeste,Vestuário,Tênis Passo,Marketplace,4,129.55,518.2,338.54,179.66,3.6
2024-06-02,Sudeste,Eletrônicos,Monitor Vista,E-commerce,8,2674.57,21396.56,18256.37,3140.19,3.6
2024-06-02,Centro-Oeste,Vestuário,Tênis Passo,Loja física,5,156.36,781.8,458.8,323.0,4.1
2024-06-03,Norte,Vestuário,Camiseta Base,E-commerce,3,103.92,311.76,148.46,163.3,3.8
2024-06-03,Sul,Eletrônicos,Monitor Vista,Loja física,6,1783.17,10699.02,9553.92,1145.1,3.9
2024-06-03,Sudeste,Casa e Decoração,Vaso Raiz,Loja física,5,149.07,745.35,484.71,260.64,4.0
2024-06-03,Centro-Oeste,Esporte e Lazer,Barraca Cume,Loja física,3,475.04,1425.12,850.18,574.94,3.8
2024-06-04,Sul,Casa e Decoração,Luminária Sol,Loja física,1,337.95,337.95,208.83,129.12,4.8
2024-06-04,Sudeste,Eletrônicos,Monitor Vista,E-commerce,7,1707.89,11955.23,9788.6,2166.63,3.5
2024-06-04,Sudeste,Esporte e Lazer,Bicicleta Rota,E-commerce,7,338.64,2370.48,1716.8,653.68,2.7
2024-06-05,Sudeste,Vestuário,Jaqueta Norte,Loja física,8,146.67,1173.36,583.34,590.02,4.1
2024-06-05,Nordeste,Eletrônicos,Tablet Nimbus,E-commerce,4,1840.25,7361.0,5946.19,1414.81,3.6
2024-06-05,Sudeste,Casa e Decoração,Luminária Sol,E-commerce,11,310.8,3418.8,1972.31,1446.49,2.8
2024-06-05,Nordeste,Casa e Decoração,Luminária Sol,E-commerce,5,303.83,1519.15,943.34,575.81,4.2
2024-06-06,Sudeste,Casa e Decoração,Tapete Onda,E-commerce,3,319.74,959.22,553.48,405.74,3.8
2024-06-06,Nordeste,Eletrônicos,Fone Pulse,Loja física,5,1830.34,9151.7,7442.63,1709.07,3.5
2024-06-06,Nordeste,Esporte e Lazer,Halteres Par,Marketplace,5,220.49,1102.45,811.53,290.92,3.7
2024-06-06,Sudeste,Vestuário,Calça Trilha,E-commerce,5,293.54,1467.7,712.06,755.64,3.7
2024-06-06,Sul,Esporte e Lazer,Barraca Cume,E-commerce,4,442.7,1770.8,1203.46,567.34,3.5
2024-06-06,Nordeste,Casa e Decoração,Vaso Raiz,Marketplace,3,254.4,763.2,529.94,233.26,3.1
2024-06-06,Norte,Casa e Decoração,Vaso Raiz,Loja física,1,455.23,455.23,268.08,187.15,4.3
2024-06-06,Sul,Alimentos,Azeite Oliva,E-commerce,6,52.29,313.74,205.12,108.62,4.1
2024-06-06,Sudeste,Casa e Decoração,Tapete Onda,E-commerce,5,361.18,1805.9,1061.44,744.46,4.0
2024-06-07,Sudeste,Vestuário,Calça Trilha,Loja física,5,119.77,598.85,309.0,289.85,4.3
2024-06-07,Sudeste,Esporte e Lazer,Halteres Par,E-commerce,5,394.05,1970.25,1195.96,774.29,3.9
2024-06-07,Sudeste,Esporte e Lazer,Prancha Maré,E-commerce,6,490.02,2940.12,1783.48,1156.64,4.5
2024-06-07,Sul,Vestuário,Camiseta Base,E-commerce,4,194.7,778.8,292.73,486.07,4.8
2024-06-08,Nordeste,Casa e Decoração,Vaso Raiz,Marketplace,7,200.08,1400.56,902.12,498.44,5.0
2024-06-08,Nordeste,Casa e Decoração,Luminária Sol,Loja física,2,359.15,718.3,397.13,321.17,4.2
2024-06-08,Nordeste,Alimentos,Azeite Oliva,E-commerce,6,62.47,374.82,263.14,111.68,4.2
2024-06-09,Nordeste,Esporte e Lazer,Halteres Par,Loja física,4,267.05,1068.2,597.04,471.16,5.0
2024-06-09,Sul,Alimentos,Azeite Oliva,Loja física,4,56.8,227.2,175.97,51.23,3.0
2024-06-09,Sudeste,Esporte e Lazer,Halteres Par,Marketplace,15,412.0,6180.0,4838.31,1341.69,4.3
2024-06-09,Sul,Alimentos,Café Serra,Marketplace,8,50.25,402.0,353.83,48.17,4.5
2024-06-09,Sudeste,Esporte e Lazer,Halteres Par,E-commerce,6,355.65,2133.9,1270.95,862.95,4.2
2024-06-10,Nordeste,Vestuário,Calça Trilha,E-commerce,2,186.38,372.76,147.67,225.09,4.1
2024-06-10,Norte,Esporte e Lazer,Halteres Par,Loja física,4,227.73,910.92,540.45,370.47,4.9
2024-06-10,Nordeste,Esporte e Lazer,Prancha Maré,E-commerce,2,458.1,916.2,584.85,331.35,3.7
2024-06-11,Nordeste,Eletrônicos,Tablet Nimbus,E-commerce,4,1787.81,7151.24,6022.65,1128.59,4.0
2024-06-11,Norte,Eletrônicos,Notebook Aura,E-commerce,4,1842.89,7371.56,6467.86,903.7,3.3
2024-06-11,Sul,Vestuário,Camiseta Base,Marketplace,5,119.39,596.95,332.71,264.24,5.0
2024-06-11,Sul,Alimentos,Granola Cheia,E-commerce,9,57.06,513.54,346.85,166.69,4.3
2024-06-11,Norte,Casa e Decoração,Cadeira Foco,Loja física,3,327.28,981.84,620.71,361.13,3.9
2024-06-12,Nordeste,Casa e Decoração,Cadeira Foco,Marketplace,3,276.13,828.39,633.92,194.47,3.0
2024-06-12,Norte,Eletrônicos,Fone Pulse,E-commerce,1,2265.72,2265.72,1853.62,412.1,3.8
2024-06-12,Nordeste,Alimentos,Café Serra,Loja física,8,59.61,476.88,334.5,142.38,3.2
2024-06-12,Sul,Vestuário,Jaqueta Norte,E-commerce,4,74.53,298.12,187.29,110.83,4.3
2024-06-12,Sudeste,Alimentos,Chá Manhã,E-commerce,11,48.88,537.68,371.61,166.07,2.5
2024-06-12,Sudeste,Eletrônicos,Tablet Nimbus,E-commerce,7,1390.05,9730.35,8643.86,1086.49,4.4
2024-06-13,Norte,Casa e Decoração,Tapete Onda,Loja física,6,180.23,1081.38,638.51,442.87,4.7
2024-06-13,Norte,Vestuário,Tênis Passo,Loja física,4,222.58,890.32,472.88,417.44,4.5
2024-06-13,Nordeste,Vestuário,Calça Trilha,E-commerce,5,266.6,1333.0,480.19,852.81,4.5
2024-06-13,Sul,Casa e Decoração,Luminária Sol,E-commerce,4,306.71,1226.84,649.26,577.58,4.0
2024-06-13,Norte,Vestuário,Calça Trilha,E-commerce,3,166.67,500.01,221.88,278.13,3.9
2024-06-13,Norte,Vestuário,Camiseta Base,E-commerce,1,169.84,169.84,94.05,75.79,4.0
2024-06-13,Nordeste,Eletrônicos,Monitor Vista,E-commerce,6,647.5,3885.0,3573.56,311.44,2.6
2024-06-13,Sudeste,Esporte e Lazer,Prancha Maré,E-commerce,7,516.8,3617.6,2167.17,1450.43,4.0
2024-06-14,Sul,Alimentos,Café Serra,Marketplace,2,38.44,76.88,67.79,9.09,3.5
2024-06-14,Sul,Esporte e Lazer,Barraca Cume,Loja física,5,370.85,1854.25,1196.2,658.05,4.1
2024-06-14,Nordeste,Alimentos,Café Serra,Loja física,4,16.8,67.2,50.9,16.3,3.1
2024-06-15,Sul,Alimentos,Granola Cheia,Loja física,7,56.52,395.64,287.17,108.47,4.0
2024-06-15,Sul,Casa e Decoração,Vaso Raiz,Loja física,4,155.69,622.76,390.56,232.2,3.5
2024-06-15,Sudeste,Eletrônicos,Fone Pulse,Marketplace,8,2169.86,17358.88,15304.01,2054.87,4.3
2024-06-15,Nordeste,Alimentos,Chá Manhã,Marketplace,4,66.47,265.88,213.45,52.43,3.8
2024-06-15,Sudeste,Esporte e Lazer,Barraca Cume,E-commerce,7,399.46,2796.22,1536.05,1260.17,4.4
2024-06-15,Centro-Oeste,Casa e Decoração,Cadeira Foco,Loja física,6,192.27,1153.62,708.93,444.69,4.1
2024-06-16,Nordeste,Vestuário,Calça Trilha,Loja física,7,107.77,754.39,370.09,384.3,3.6
2024-06-16,Norte,Esporte e Lazer,Bicicleta Rota,Loja física,3,423.98,1271.94,801.78,470.16,3.9
2024-06-16,Nordeste,Eletrônicos,Monitor Vista,Loja física,8,2449.53,19596.24,15738.75,3857.49,4.7
2024-06-16,Sul,Alimentos,Azeite Oliva,E-commerce,7,48.04,336.28,238.66,97.62,3.0
2024-06-17,Nordeste,Eletrônicos,Fone Pulse,Loja física,4,1942.67,7770.68,7173.8,596.88,2.4
2024-06-17,Sul,Alimentos,Azeite Oliva,E-commerce,3,44.35,133.05,97.9,35.15,3.2
2024-06-17,Nordeste,Vestuário,Tênis Passo,E-commerce,4,85.93,343.72,154.75,188.97,4.8
2024-06-17,Sul,Alimentos,Azeite Oliva,E-commerce,7,72.12,504.84,375.04,129.8,3.8
2024-06-17,Sul,Alimentos,Granola Cheia,Loja física,4,79.66,318.64,248.26,70.38,3.6
2024-06-18,Sul,Vestuário,Calça Trilha,Marketplace,4,215.0,860.0,562.41,297.59,4.3
2024-06-18,Sudeste,Eletrônicos,Notebook Aura,Marketplace,7,2267.04,15869.28,14081.56,1787.72,3.7
2024-06-19,Sudeste,Alimentos,Azeite Oliva,E-commerce,6,29.64,177.84,120.58,57.26,3.8
2024-06-19,Sul,Esporte e Lazer,Bicicleta Rota,E-commerce,4,366.11,1464.44,847.52,616.92,3.3
2024-06-19,Norte,Vestuário,Jaqueta Norte,E-commerce,4,175.38,701.52,383.08,318.44,4.6
2024-06-19,Sul,Casa e Decoração,Cadeira Foco,E-commerce,7,194.3,1360.1,707.94,652.16,4.2
2024-06-19,Sudeste,Esporte e Lazer,Barraca Cume,Loja física,4,251.07,1004.28,705.48,298.8,4.1
2024-06-19,Sul,Casa e Decoração,Cadeira Foco,E-commerce,5,531.81,2659.05,1564.43,1094.62,4.3
2024-06-19,Sul,Vestuário,Camiseta Base,Loja física,5,136.21,681.05,342.92,338.13,3.8
2024-06-20,Sudeste,Alimentos,Azeite Oliva,Loja física,8,48.1,384.8,247.76,137.04,4.5
2024-06-20,Nordeste,Esporte e Lazer,Barraca Cume,Loja física,9,395.84,3562.56,2151.53,1411.03,3.9
2024-06-20,Sudeste,Alimentos,Chá Manhã,E-commerce,6,63.14,378.84,265.39,113.45,3.6
2024-06-20,Nordeste,Esporte e Lazer,Halteres Par,Marketplace,10,416.68,4166.8,2909.24,1257.56,5.0
2024-06-20,Norte,Alimentos,Granola Cheia,Loja física,2,16.8,33.6,23.9,9.7,4.6
2024-06-20,Sudeste,Casa e Decoração,Tapete Onda,Marketplace,6,366.26,2197.56,1488.95,708.61,3.9
2024-06-20,Centro-Oeste,Eletrônicos,Notebook Aura,E-commerce,3,2609.26,7827.78,6176.58,1651.2,3.2
2024-06-21,Nordeste,Eletrônicos,Fone Pulse,E-commerce,7,2078.81,14551.67,11100.03,3451.64,3.9
2024-06-21,Centro-Oeste,Eletrônicos,Fone Pulse,E-commerce,5,1735.46,8677.3,7194.78,1482.52,3.4
2024-06-21,Centro-Oeste,Casa e Decoração,Luminária Sol,Loja física,1,230.65,230.65,137.8,92.85,3.0
2024-06-21,Norte,Casa e Decoração,Luminária Sol,E-commerce,5,290.42,1452.1,838.85,613.25,4.1
2024-06-21,Sudeste,Esporte e Lazer,Halteres Par,Marketplace,7,334.23,2339.61,1681.71,657.9,4.5
2024-06-21,Sudeste,Alimentos,Chá Manhã,Marketplace,12,58.18,698.16,572.56,125.6,3.9
2024-06-21,Sudeste,Alimentos,Chá Manhã,Marketplace,7,65.77,460.39,377.09,83.3,4.1
2024-06-21,Nordeste,Alimentos,Chá Manhã,E-commerce,1,48.52,48.52,30.71,17.81,2.8
2024-06-22,Sul,Vestuário,Jaqueta Norte,Marketplace,7,182.79,1279.53,710.87,568.66,4.0
2024-06-22,Norte,Alimentos,Chá Manhã,Loja física,2,56.46,112.92,83.69,29.23,4.1
2024-06-22,Sudeste,Casa e Decoração,Tapete Onda,Marketplace,9,333.5,3001.5,2003.96,997.54,4.1
2024-06-22,Centro-Oeste,Eletrônicos,Notebook Aura,Marketplace,4,1454.4,5817.6,4990.32,827.28,4.7
2024-06-22,Nordeste,Esporte e Lazer,Barraca Cume,E-commerce,4,190.27,761.08,397.06,364.02,4.5
2024-06-23,Nordeste,Casa e Decoração,Luminária Sol,Marketplace,2,431.95,863.9,578.83,285.07,3.5
2024-06-23,Nordeste,Vestuário,Jaqueta Norte,Loja física,9,147.85,1330.65,563.53,767.12,4.5
2024-06-23,Sudeste,Casa e Decoração,Vaso Raiz,E-commerce,11,353.76,3891.36,2612.07,1279.29,3.8
2024-06-23,Norte,Vestuário,Calça Trilha,Marketplace,1,139.75,139.75,76.44,63.31,3.6
2024-06-24,Sudeste,Alimentos,Chá Manhã,E-commerce,8,16.8,134.4,104.44,29.96,3.4
2024-06-24,Sudeste,Alimentos,Azeite Oliva,Marketplace,9,53.75,483.75,429.05,54.7,3.6
2024-06-24,Sul,Eletrônicos,Fone Pulse,Loja física,8,2287.03,18296.24,14136.95,4159.29,3.9
2024-06-24,Sul,Esporte e Lazer,Prancha Maré,E-commerce,5,526.02,2630.1,1755.57,874.53,4.1
2024-06-24,Norte,Alimentos,Café Serra,E-commerce,5,54.12,270.6,181.8,88.8,2.6
2024-06-24,Sul,Casa e Decoração,Luminária Sol,Loja física,4,409.08,1636.32,896.53,739.79,4.4
2024-06-24,Nordeste,Eletrônicos,Tablet Nimbus,Marketplace,4,2937.97,11751.88,9960.56,1791.32,3.4
2024-06-24,Centro-Oeste,Alimentos,Café Serra,E-commerce,5,43.34,216.7,138.73,77.97,4.4
2024-06-24,Sudeste,Esporte e Lazer,Barraca Cume,Loja física,3,492.29,1476.87,974.42,502.45,4.6
2024-06-25,Nordeste,Esporte e Lazer,Prancha Maré,E-commerce,6,422.66,2535.96,1411.47,1124.49,4.9
2024-06-25,Sudeste,Alimentos,Azeite Oliva,Loja física,4,47.22,188.88,135.67,53.21,4.3
2024-06-25,Sul,Esporte e Lazer,Prancha Maré,Marketplace,6,269.01,1614.06,1097.17,516.89,4.4
2024-06-25,Nordeste,Esporte e Lazer,Barraca Cume,Marketplace,4,344.99,1379.96,973.32,406.64,3.9
2024-06-25,Norte,Vestuário,Calça Trilha,E-commerce,6,113.16,678.96,306.59,372.37,3.5
2024-06-25,Sul,Eletrônicos,Tablet Nimbus,Loja física,3,2329.76,6989.28,6471.04,518.24,2.8
2024-06-25,Centro-Oeste,Alimentos,Café Serra,E-commerce,2,75.03,150.06,108.68,41.38,3.6
2024-06-25,Sul,Casa e Decoração,Tapete Onda,E-commerce,6,552.21,3313.26,2025.32,1287.94,4.3
2024-06-26,Sul,Vestuário,Camiseta Base,Loja física,2,122.24,244.48,114.59,129.89,4.4
2024-06-26,Sul,Eletrônicos,Tablet Nimbus,E-commerce,6,1442.0,8652.0,7112.01,1539.99,3.4
2024-06-27,Centro-Oeste,Esporte e Lazer,Barraca Cume,Loja física,2,297.55,595.1,396.21,198.89,3.4
2024-06-27,Sul,Vestuário,Jaqueta Norte,E-commerce,6,102.98,617.88,329.81,288.07,3.7
2024-06-27,Sudeste,Vestuário,Camiseta Base,E-commerce,7,103.87,727.09,376.12,350.97,4.8
2024-06-27,Nordeste,Alimentos,Azeite Oliva,E-commerce,6,38.72,232.32,188.74,43.58,4.1
2024-06-27,Sul,Alimentos,Chá Manhã,E-commerce,7,63.74,446.18,355.94,90.24,3.6
2024-06-27,Nordeste,Vestuário,Calça Trilha,Loja física,6,119.52,717.12,380.72,336.4,3.6
2024-06-27,Sudeste,Esporte e Lazer,Halteres Par,E-commerce,10,567.96,5679.6,3985.68,1693.92,4.4
2024-06-27,Nordeste,Casa e Decoração,Luminária Sol,E-commerce,2,484.1,968.2,545.64,422.56,4.5
2024-06-27,Sul,Eletrônicos,Tablet Nimbus,Marketplace,8,1986.85,15894.8,15179.93,714.87,3.9
2024-06-27,Nordeste,Vestuário,Calça Trilha,E-commerce,6,226.6,1359.6,779.27,580.33,3.9
2024-06-27,Sul,Esporte e Lazer,Barraca Cume,Marketplace,4,205.81,823.24,609.25,213.99,3.2
2024-06-28,Sudeste,Vestuário,Tênis Passo,Loja física,7,130.48,913.36,366.5,546.86,3.5
2024-06-28,Sul,Eletrônicos,Notebook Aura,E-commerce,7,1809.21,12664.47,10535.96,2128.51,3.6
2024-06-28,Nordeste,Casa e Decoração,Luminária Sol,Marketplace,2,262.81,525.62,330.22,195.4,3.5
2024-06-28,Sudeste,Casa e Decoração,Vaso Raiz,Loja física,2,255.57,511.14,299.4,211.74,3.8
2024-06-28,Norte,Vestuário,Jaqueta Norte,Loja física,2,101.66,203.32,107.51,95.81,4.4
2024-06-28,Sul,Casa e Decoração,Luminária Sol,E-commerce,1,491.51,491.51,326.13,165.38,3.9
2024-06-28,Sudeste,Alimentos,Café Serra,Loja física,6,52.02,312.12,228.89,83.23,3.3
2024-06-28,Centro-Oeste,Eletrônicos,Monitor Vista,Loja física,1,1940.92,1940.92,1449.96,490.96,4.6
2024-06-28,Sul,Vestuário,Camiseta Base,Loja física,4,104.06,416.24,187.96,228.28,5.0
2024-06-28,Centro-Oeste,Eletrônicos,Monitor Vista,Loja física,1,1582.07,1582.07,1385.36,196.71,3.6
2024-06-29,Centro-Oeste,Alimentos,Chá Manhã,Loja física,3,43.58,130.74,99.42,31.32,2.9
2024-06-29,Sul,Esporte e Lazer,Bicicleta Rota,E-commerce,8,627.13,5017.04,3165.34,1851.7,3.4
2024-06-29,Sudeste,Eletrônicos,Tablet Nimbus,Marketplace,5,1360.29,6801.45,6444.31,357.14,3.7
2024-06-29,Centro-Oeste,Vestuário,Calça Trilha,Marketplace,6,203.84,1223.04,739.09,483.95,3.1
2024-06-29,Nordeste,Vestuário,Calça Trilha,Loja física,5,228.97,1144.85,574.49,570.36,3.3
2024-06-30,Centro-Oeste,Esporte e Lazer,Halteres Par,Loja física,6,353.83,2122.98,1420.78,702.2,4.3
2024-06-30,Norte,Eletrônicos,Fone Pulse,Marketplace,5,2167.98,10839.9,10224.47,615.43,3.5
2024-06-30,Centro-Oeste,Alimentos,Azeite Oliva,Marketplace,3,49.48,148.44,118.31,30.13,4.7
2024-06-30,Sudeste,Eletrônicos,Fone Pulse,Loja física,9,1524.16,13717.44,10248.94,3468.5,4.5
2024-06-30,Nordeste,Esporte e Lazer,Barraca Cume,Loja física,4,496.39,1985.56,1239.5,746.06,3.4
2024-06-30,Nordeste,Esporte e Lazer,Halteres Par,E-commerce,4,471.65,1886.6,1329.84,556.76,3.7
2024-06-30,Sul,Casa e Decoração,Vaso Raiz,Loja física,7,351.19,2458.33,1407.81,1050.52,4.0
2024-06-30,Centro-Oeste,Casa e Decoração,Luminária Sol,E-commerce,6,258.49,1550.94,1062.45,488.49,4.2
2024-07-01,Norte,Alimentos,Café Serra,E-commerce,1,82.7,82.7,57.83,24.87,3.3
2024-07-01,Sul,Eletrônicos,Notebook Aura,Loja física,4,2260.87,9043.48,7477.11,1566.37,2.6
2024-07-01,Nordeste,Casa e Decoração,Vaso Raiz,E-commerce,2,231.47,462.94,266.79,196.15,3.1
2024-07-01,Sul,Esporte e Lazer,Barraca Cume,E-commerce,3,414.3,1242.9,713.83,529.07,4.1
2024-07-01,Sudeste,Vestuário,Tênis Passo,Marketplace,7,168.67,1180.69,649.19,531.5,3.0
2024-07-02,Sudeste,Esporte e Lazer,Barraca Cume,E-commerce,3,417.89,1253.67,700.27,553.4,4.2
2024-07-02,Sudeste,Casa e Decoração,Vaso Raiz,Loja física,9,141.87,1276.83,754.4,522.43,3.7
2024-07-02,Sudeste,Alimentos,Granola Cheia,E-commerce,6,74.67,448.02,321.98,126.04,4.1
2024-07-03,Centro-Oeste,Alimentos,Granola Cheia,Marketplace,5,48.79,243.95,189.08,54.87,4.0
2024-07-03,Sudeste,Eletrônicos,Fone Pulse,Marketplace,6,1706.15,10236.9,10032.16,204.74,3.9
2024-07-03,Sul,Eletrônicos,Monitor Vista,Loja física,4,1875.07,7500.28,5724.87,1775.41,3.3
2024-07-03,Sudeste,Alimentos,Chá Manhã,E-commerce,6,49.85,299.1,228.89,70.21,4.0
2024-07-04,Sudeste,Eletrônicos,Fone Pulse,Marketplace,4,1523.6,6094.4,5562.59,531.81,3.5
2024-07-04,Sul,Vestuário,Tênis Passo,E-commerce,5,202.13,1010.65,508.13,502.52,4.5
2024-07-04,Nordeste,Eletrônicos,Monitor Vista,Loja física,1,1498.72,1498.72,1191.49,307.23,3.2
2024-07-04,Sudeste,Vestuário,Jaqueta Norte,E-commerce,3,224.34,673.02,267.05,405.97,4.6
2024-07-04,Centro-Oeste,Alimentos,Chá Manhã,Loja física,3,59.61,178.83,135.07,43.76,4.4
2024-07-05,Centro-Oeste,Eletrônicos,Notebook Aura,E-commerce,3,1497.63,4492.89,4010.42,482.47,3.9
2024-07-05,Nordeste,Casa e Decoração,Cadeira Foco,E-commerce,6,306.37,1838.22,882.43,955.79,
2024-07-05,Sudeste,Alimentos,Azeite Oliva,Marketplace,5,62.4,312.0,259.62,52.38,2.7
2024-07-05,Sudeste,Alimentos,Chá Manhã,Loja física,6,57.03,342.18,225.06,117.12,4.1
2024-07-05,Norte,Esporte e Lazer,Bicicleta Rota,Marketplace,3,293.35,880.05,648.3,231.75,4.5
2024-07-05,Sul,Alimentos,Café Serra,Marketplace,8,60.02,480.16,397.72,82.44,3.0
2024-07-06,Sul,Alimentos,Chá Manhã,E-commerce,3,30.5,91.5,63.39,28.11,3.9
2024-07-06,Nordeste,Vestuário,Tênis Passo,E-commerce,4,122.61,490.44,262.44,228.0,4.3
2024-07-07,Centro-Oeste,Vestuário,Tênis Passo,Loja física,4,183.78,735.12,295.51,439.61,4.2
2024-07-07,Sudeste,Casa e Decoração,Tapete Onda,E-commerce,8,594.77,4758.16,2473.98,2284.18,3.5
2024-07-07,Centro-Oeste,Vestuário,Camiseta Base,Loja física,8,234.14,1873.12,794.65,1078.47,4.2
2024-07-07,Norte,Esporte e Lazer,Barraca Cume,E-commerce,4,642.82,2571.28,1682.01,889.27,4.0
2024-07-07,Sul,Vestuário,Camiseta Base,Loja física,2,94.57,189.14,82.21,106.93,4.0
2024-07-07,Nordeste,Vestuário,Camiseta Base,Loja física,4,167.67,670.68,325.37,345.31,3.8
2024-07-07,Sudeste,Eletrônicos,Fone Pulse,Marketplace,6,1387.51,8325.06,7664.48,660.58,3.9
2024-07-08,Norte,Eletrônicos,Tablet Nimbus,Loja física,2,2159.49,4318.98,3687.33,631.65,3.4
2024-07-08,Sudeste,Esporte e Lazer,Halteres Par,Marketplace,10,386.76,3867.6,2896.7,970.9,3.6
2024-07-08,Sul,Vestuário,Jaqueta Norte,E-commerce,5,139.73,698.65,351.83,346.82,3.8
2024-07-09,Norte,Eletrônicos,Fone Pulse,E-commerce,4,2268.52,9074.08,7114.75,1959.33,3.7
2024-07-09,Sudeste,Vestuário,Camiseta Base,E-commerce,7,233.91,1637.37,883.92,753.45,3.6
2024-07-09,Norte,Eletrônicos,Notebook Aura,E-commerce,4,2227.59,8910.36,7814.54,1095.82,3.6
2024-07-09,Nordeste,Esporte e Lazer,Prancha Maré,E-commerce,4,284.03,1136.12,756.33,379.79,3.7
2024-07-09,Sul,Eletrônicos,Notebook Aura,Marketplace,6,2037.98,12227.88,11700.99,526.89,3.0
2024-07-10,Centro-Oeste,Vestuário,Calça Trilha,E-commerce,3,116.64,349.92,152.49,197.43,3.1
2024-07-11,Sudeste,Vestuário,Tênis Passo,Marketplace,8,189.22,1513.76,897.46,616.3,3.4
2024-07-11,Nordeste,Casa e Decoração,Cadeira Foco,E-commerce,6,580.24,3481.44,2496.15,985.29,4.2
2024-07-11,Sul,Vestuário,Camiseta Base,E-commerce,2,141.15,282.3,123.97,158.33,4.7
2024-07-11,Sudeste,Eletrônicos,Monitor Vista,Loja física,8,2635.39,21083.12,17795.93,3287.19,4.1
2024-07-11,Sul,Eletrônicos,Tablet Nimbus,E-commerce,7,1274.2,8919.4,7400.37,1519.03,3.2
2024-07-12,Sudeste,Eletrônicos,Fone Pulse,E-commerce,5,1626.27,8131.35,6161.96,1969.39,3.6
2024-07-12,Sul,Vestuário,Tênis Passo,E-commerce,3,162.75,488.25,246.85,241.4,3.8
2024-07-12,Sudeste,Vestuário,Tênis Passo,Loja física,6,121.33,727.98,389.2,338.78,3.9
2024-07-12,Sudeste,Casa e Decoração,Tapete Onda,E-commerce,10,254.37,2543.7,1325.75,1217.95,4.4
2024-07-12,Norte,Esporte e Lazer,Bicicleta Rota,E-commerce,2,420.99,841.98,577.37,264.61,3.6
2024-07-12,Sudeste,Vestuário,Calça Trilha,E-commerce,6,140.91,845.46,340.46,505.0,4.0
2024-07-13,Sudeste,Alimentos,Café Serra,E-commerce,10,31.21,312.1,185.89,126.21,4.4
2024-07-13,Sudeste,Alimentos,Chá Manhã,Marketplace,12,44.01,528.12,441.23,86.89,3.7
2024-07-13,Nordeste,Eletrônicos,Tablet Nimbus,E-commerce,5,1218.98,6094.9,4618.78,1476.12,3.4
2024-07-13,Centro-Oeste,Casa e Decoração,Luminária Sol,E-commerce,5,167.38,836.9,563.61,273.29,4.0
2024-07-14,Sul,Eletrônicos,Notebook Aura,E-commerce,3,1855.41,5566.23,4616.19,950.04,4.2
2024-07-14,Centro-Oeste,Casa e Decoração,Vaso Raiz,Marketplace,2,391.5,783.0,532.37,250.63,3.2
2024-07-14,Nordeste,Casa e Decoração,Cadeira Foco,Marketplace,1,520.56,520.56,374.72,145.84,4.4
2024-07-14,Sudeste,Casa e Decoração,Cadeira Foco,E-commerce,3,166.15,498.45,336.78,161.67,4.4
2024-07-14,Norte,Eletrônicos,Notebook Aura,E-commerce,3,2044.7,6134.1,4777.72,1356.38,3.0
2024-07-15,Centro-Oeste,Esporte e Lazer,Bicicleta Rota,Marketplace,2,485.94,971.88,762.48,209.4,3.6
2024-07-15,Norte,Casa e Decoração,Vaso Raiz,E-commerce,3,461.1,1383.3,824.96,558.34,2.8
2024-07-15,Sudeste,Eletrônicos,Monitor Vista,E-commerce,8,2045.75,16366.0,13946.79,2419.21,3.3
2024-07-15,Sul,Casa e Decoração,Luminária Sol,Loja física,6,516.84,3101.04,1972.65,1128.39,3.7
2024-07-15,Sul,Esporte e Lazer,Bicicleta Rota,E-commerce,6,404.42,2426.52,1650.93,775.59,3.7
2024-07-16,Sul,Eletrônicos,Monitor Vista,E-commerce,5,1870.52,9352.6,8496.38,856.22,3.7
2024-07-16,Sudeste,Alimentos,Granola Cheia,Loja física,6,58.78,352.68,257.6,95.08,4.2
2024-07-16,Sudeste,Vestuário,Camiseta Base,Loja física,5,197.72,988.6,510.13,478.47,3.5
2024-07-16,Nordeste,Esporte e Lazer,Bicicleta Rota,Loja física,8,270.19,2161.52,1362.46,799.06,4.4
2024-07-16,Centro-Oeste,Vestuário,Camiseta Base,Loja física,3,57.72,173.16,78.76,94.4,3.4
2024-07-17,Sudeste,Esporte e Lazer,Halteres Par,Marketplace,5,368.13,1840.65,1346.56,494.09,4.1
2024-07-17,Centro-Oeste,Eletrônicos,Fone Pulse,E-commerce,6,1787.66,10725.96,8666.19,2059.77,3.5
2024-07-18,Sudeste,Alimentos,Chá Manhã,Loja física,6,41.9,251.4,184.01,67.39,3.8
2024-07-18,Sudeste,Casa e Decoração,Vaso Raiz,Loja física,9,271.1,2439.9,1325.58,1114.32,4.2
2024-07-18,Sul,Alimentos,Chá Manhã,Marketplace,7,57.22,400.54,361.46,39.08,3.3
2024-07-18,Norte,Vestuário,Jaqueta Norte,Loja física,3,110.28,330.84,157.7,173.14,
2024-07-18,Centro-Oeste,Eletrônicos,Monitor Vista,Loja física,2,2742.8,5485.6,4856.17,629.43,3.4
2024-07-19,Norte,Esporte e Lazer,Barraca Cume,E-commerce,2,495.12,990.24,619.51,370.73,5.0
2024-07-19,Centro-Oeste,Esporte e Lazer,Prancha Maré,Loja física,3,289.56,868.68,558.51,310.17,3.2
2024-07-19,Norte,Eletrônicos,Monitor Vista,E-commerce,4,2160.66,8642.64,7097.73,1544.91,5.0
2024-07-19,Sudeste,Eletrônicos,Tablet Nimbus,E-commerce,8,2327.53,18620.24,14478.71,4141.53,3.2
2024-07-20,Nordeste,Vestuário,Tênis Passo,E-commerce,4,90.38,361.52,164.37,197.15,3.9
2024-07-20,Sudeste,Alimentos,Azeite Oliva,Loja física,6,88.27,529.62,402.42,127.2,3.3
2024-07-20,Sudeste,Esporte e Lazer,Barraca Cume,E-commerce,10,505.92,5059.2,3009.42,2049.78,4.3
2024-07-20,Nordeste,Casa e Decoração,Cadeira Foco,Loja física,7,364.29,2550.03,1400.16,1149.87,4.7
2024-07-20,Nordeste,Eletrônicos,Tablet Nimbus,E-commerce,4,1367.21,5468.84,4187.3,1281.54,4.2
2024-07-21,Norte,Vestuário,Jaqueta Norte,Marketplace,3,170.5,511.5,301.05,210.45,4.1
2024-07-21,Nordeste,Esporte e Lazer,Barraca Cume,E-commerce,3,376.95,1130.85,705.81,425.04,4.0
2024-07-21,Norte,Vestuário,Jaqueta Norte,Loja física,5,159.35,796.75,387.71,409.04,3.9
2024-07-21,Centro-Oeste,Vestuário,Tênis Passo,Loja física,3,93.35,280.05,114.89,165.16,3.9
2024-07-21,Sul,Eletrônicos,Fone Pulse,Marketplace,4,1876.08,7504.32,6524.93,979.39,3.8
2024-07-22,Sul,Esporte e Lazer,Prancha Maré,E-commerce,4,285.31,1141.24,738.15,403.09,3.4
2024-07-22,Sudeste,Esporte e Lazer,Barraca Cume,Loja física,4,357.57,1430.28,930.07,500.21,3.4
2024-07-22,Sul,Eletrônicos,Monitor Vista,E-commerce,5,2035.97,10179.85,7860.06,2319.79,4.3
2024-07-22,Nordeste,Esporte e Lazer,Bicicleta Rota,E-commerce,6,338.51,2031.06,1143.49,887.57,4.2
2024-07-23,Sudeste,Eletrônicos,Tablet Nimbus,E-commerce,2,2243.71,4487.42,3531.92,955.5,3.2
2024-07-23,Norte,Eletrônicos,Tablet Nimbus,E-commerce,4,1710.6,6842.4,5502.82,1339.58,3.0
2024-07-24,Nordeste,Eletrônicos,Tablet Nimbus,Marketplace,7,1186.35,8304.45,8138.36,166.09,4.0
2024-07-24,Sul,Esporte e Lazer,Halteres Par,E-commerce,7,289.07,2023.49,1319.11,704.38,3.1
2024-07-24,Sudeste,Vestuário,Calça Trilha,Loja física,8,164.79,1318.32,506.47,811.85,3.4
2024-07-24,Nordeste,Casa e Decoração,Tapete Onda,E-commerce,2,396.74,793.48,400.75,392.73,5.0
2024-07-24,Sudeste,Alimentos,Chá Manhã,E-commerce,7,58.98,412.86,304.25,108.61,3.5
2024-07-24,Sudeste,Alimentos,Chá Manhã,Loja física,5,33.19,165.95,118.76,47.19,3.2
2024-07-24,Sul,Esporte e Lazer,Barraca Cume,E-commerce,9,221.81,1996.29,1249.33,746.96,4.3
2024-07-24,Sul,Casa e Decoração,Tapete Onda,E-commerce,4,242.19,968.76,580.03,388.73,4.5
2024-07-24,Sudeste,Vestuário,Camiseta Base,E-commerce,5,110.13,550.65,228.43,322.22,3.0
2024-07-24,Sul,Eletrônicos,Monitor Vista,E-commerce,4,1911.98,7647.92,6435.34,1212.58,4.0
2024-07-25,Sudeste,Casa e Decoração,Tapete Onda,Loja física,5,340.95,1704.75,987.39,717.36,3.9
2024-07-25,Sudeste,Casa e Decoração,Tapete Onda,Loja física,5,463.32,2316.6,1443.31,873.29,3.7
2024-07-25,Sudeste,Vestuário,Camiseta Base,E-commerce,7,55.65,389.55,186.98,202.57,4.2
2024-07-25,Nordeste,Eletrônicos,Tablet Nimbus,Marketplace,7,2812.5,19687.5,19102.66,584.84,3.2
2024-07-25,Nordeste,Eletrônicos,Tablet Nimbus,E-commerce,5,1556.95,7784.75,6527.85,1256.9,3.5
2024-07-25,Sul,Casa e Decoração,Luminária Sol,E-commerce,3,122.11,366.33,215.68,150.65,4.1
2024-07-26,Nordeste,Alimentos,Azeite Oliva,E-commerce,6,51.7,310.2,230.54,79.66,4.1
2024-07-26,Sudeste,Esporte e Lazer,Halteres Par,E-commerce,4,456.74,1826.96,1162.48,664.48,4.0
2024-07-26,Norte,Alimentos,Granola Cheia,E-commerce,4,86.16,344.64,258.04,86.6,4.1
2024-07-26,Sul,Casa e Decoração,Cadeira Foco,E-commerce,4,419.73,1678.92,915.38,763.54,3.8
2024-07-26,Nordeste,Esporte e Lazer,Bicicleta Rota,E-commerce,3,430.76,1292.28,798.74,493.54,3.6
2024-07-26,Norte,Casa e Decoração,Tapete Onda,Loja física,1,286.35,286.35,202.22,84.13,3.7
2024-07-27,Nordeste,Casa e Decoração,Vaso Raiz,Marketplace,9,677.9,6101.1,4138.9,1962.2,3.0
2024-07-27,Sul,Alimentos,Chá Manhã,Loja física,7,70.76,495.32,387.1,108.22,4.5
2024-07-27,Centro-Oeste,Casa e Decoração,Tapete Onda,Marketplace,3,326.18,978.54,741.1,237.44,3.8
2024-07-27,Centro-Oeste,Alimentos,Chá Manhã,Marketplace,2,53.25,106.5,87.24,19.26,3.5
2024-07-27,Nordeste,Alimentos,Azeite Oliva,Marketplace,7,42.25,295.75,260.17,35.58,3.1
2024-07-28,Nordeste,Casa e Decoração,Vaso Raiz,E-commerce,5,436.82,2184.1,1315.52,868.58,4.8
2024-07-28,Norte,Eletrônicos,Monitor Vista,Loja física,4,2484.21,9936.84,8140.78,1796.06,3.9
2024-07-28,Nordeste,Alimentos,Azeite Oliva,E-commerce,4,23.16,92.64,68.81,23.83,3.9
2024-07-28,Centro-Oeste,Alimentos,Café Serra,E-commerce,3,52.49,157.47,113.36,44.11,4.9
2024-07-28,Sudeste,Esporte e Lazer,Prancha Maré,E-commerce,8,494.23,3953.84,2676.2,1277.64,5.0
2024-07-28,Sudeste,Vestuário,Jaqueta Norte,E-commerce,11,136.77,1504.47,670.04,834.43,5.0
2024-07-29,Nordeste,Casa e Decoração,Vaso Raiz,Loja física,3,437.85,1313.55,705.6,607.95,4.0
2024-07-29,Nordeste,Vestuário,Camiseta Base,E-commerce,3,159.83,479.49,210.5,268.99,5.0
2024-07-29,Centro-Oeste,Vestuário,Jaqueta Norte,E-commerce,2,120.83,241.66,123.83,117.83,4.9
2024-07-29,Sul,Alimentos,Chá Manhã,Loja física,4,51.08,204.32,153.58,50.74,4.1
2024-07-29,Centro-Oeste,Vestuário,Tênis Passo,E-commerce,3,215.49,646.47,272.11,374.36,4.3
2024-07-29,Centro-Oeste,Esporte e Lazer,Prancha Maré,E-commerce,4,197.44,789.76,513.61,276.15,3.8
2024-07-29,Sul,Alimentos,Granola Cheia,E-commerce,6,64.63,387.78,316.71,71.07,4.8
2024-07-30,Sul,Alimentos,Granola Cheia,Marketplace,1,23.88,23.88,18.69,5.19,2.9
2024-07-30,Nordeste,Esporte e Lazer,Bicicleta Rota,E-commerce,3,177.85,533.55,362.85,170.7,4.1
2024-07-30,Norte,Vestuário,Jaqueta Norte,E-commerce,2,135.41,270.82,129.62,141.2,4.7
2024-07-30,Sudeste,Esporte e Lazer,Bicicleta Rota,E-commerce,7,360.42,2522.94,1539.38,983.56,4.1
2024-07-30,Norte,Eletrônicos,Notebook Aura,E-commerce,2,2380.95,4761.9,3983.73,778.17,3.2
2024-07-30,Nordeste,Esporte e Lazer,Barraca Cume,Marketplace,8,507.53,4060.24,2975.08,1085.16,3.0
2024-07-30,Norte,Esporte e Lazer,Barraca Cume,Loja física,5,143.5,717.5,467.83,249.67,4.4
2024-07-30,Sudeste,Alimentos,Granola Cheia,E-commerce,10,57.66,576.6,435.3,141.3,3.3
2024-07-30,Nordeste,Esporte e Lazer,Barraca Cume,E-commerce,3,293.4,880.2,603.28,276.92,3.9
2024-07-30,Nordeste,Casa e Decoração,Luminária Sol,Loja física,3,112.0,336.0,220.39,115.61,3.7
2024-07-30,Sudeste,Eletrônicos,Monitor Vista,E-commerce,1,1408.64,1408.64,1159.26,249.38,3.4
2024-07-30,Sul,Alimentos,Azeite Oliva,E-commerce,4,55.0,220.0,148.02,71.98,3.9
2024-07-30,Nordeste,Casa e Decoração,Tapete Onda,Marketplace,1,295.35,295.35,189.6,105.75,3.6
2024-07-31,Sul,Casa e Decoração,Vaso Raiz,Loja física,5,430.82,2154.1,1231.59,922.51,4.8
2024-07-31,Nordeste,Vestuário,Tênis Passo,Loja física,1,116.16,116.16,62.36,53.8,3.4
2024-07-31,Nordeste,Eletrônicos,Notebook Aura,Marketplace,4,1538.6,6154.4,5395.26,759.14,3.3
2024-07-31,Nordeste,Vestuário,Jaqueta Norte,E-commerce,5,129.62,648.1,324.13,323.97,4.6
2024-07-31,Sul,Alimentos,Granola Cheia,Loja física,9,58.02,522.18,359.06,163.12,3.4
2024-07-31,Sul,Alimentos,Azeite Oliva,Loja física,7,42.23,295.61,234.38,61.23,3.6
2024-08-01,Norte,Alimentos,Azeite Oliva,E-commerce,5,49.68,248.4,187.87,60.53,
2024-08-02,Sul,Vestuário,Jaqueta Norte,Loja física,10,213.52,2135.2,1154.8,980.4,3.4
2024-08-02,Sul,Casa e Decoração,Tapete Onda,Loja física,1,112.0,112.0,56.13,55.87,4.2
2024-08-03,Sudeste,Esporte e Lazer,Halteres Par,Loja física,6,351.52,2109.12,1123.38,985.74,3.8
2024-08-03,Sul,Casa e Decoração,Cadeira Foco,Loja física,4,197.85,791.4,473.44,317.96,2.8
2024-08-03,Centro-Oeste,Esporte e Lazer,Barraca Cume,E-commerce,3,612.92,1838.76,1015.7,823.06,3.5
2024-08-03,Nordeste,Vestuário,Calça Trilha,Marketplace,2,186.05,372.1,240.05,132.05,3.9
2024-08-03,Sul,Eletrônicos,Notebook Aura,Loja física,5,1617.78,8088.9,6420.84,1668.06,3.5
2024-08-03,Norte,Eletrônicos,Notebook Aura,Marketplace,3,2105.71,6317.13,5856.43,460.7,3.5
2024-08-03,Nordeste,Esporte e Lazer,Halteres Par,E-commerce,6,367.78,2206.68,1513.91,692.77,3.9
2024-08-04,Norte,Alimentos,Café Serra,E-commerce,2,48.65,97.3,65.54,31.76,4.4
2024-08-04,Sudeste,Vestuário,Tênis Passo,E-commerce,6,71.48,428.88,215.91,212.97,3.3
2024-08-04,Sudeste,Alimentos,Azeite Oliva,Loja física,4,46.97,187.88,135.19,52.69,3.3
2024-08-04,Nordeste,Alimentos,Café Serra,Marketplace,4,54.94,219.76,200.86,18.9,4.1
2024-08-04,Nordeste,Casa e Decoração,Tapete Onda,E-commerce,3,452.76,1358.28,854.92,503.36,4.2
2024-08-04,Nordeste,Casa e Decoração,Vaso Raiz,E-commerce,3,221.85,665.55,382.52,283.03,4.0
2024-08-05,Centro-Oeste,Vestuário,Jaqueta Norte,Marketplace,2,129.91,259.82,155.76,104.06,3.0
2024-08-05,Centro-Oeste,Esporte e Lazer,Halteres Par,E-commerce,6,313.38,1880.28,1218.47,661.81,3.6
2024-08-05,Nordeste,Esporte e Lazer,Bicicleta Rota,E-commerce,4,371.9,1487.6,1049.92,437.68,3.7
2024-08-05,Sudeste,Esporte e Lazer,Bicicleta Rota,E-commerce,11,265.41,2919.51,1743.81,1175.7,3.9
2024-08-06,Sul,Esporte e Lazer,Prancha Maré,Loja física,5,492.82,2464.1,1465.87,998.23,4.6
2024-08-06,Sul,Vestuário,Tênis Passo,Loja física,9,150.85,1357.65,597.32,760.33,3.9
2024-08-06,Nordeste,Alimentos,Granola Cheia,E-commerce,3,16.8,50.4,40.67,9.73,4.3
2024-08-06,Nordeste,Vestuário,Calça Trilha,E-commerce,6,101.65,609.9,245.77,364.13,5.0
2024-08-06,Sul,Alimentos,Chá Manhã,Loja física,5,47.12,235.6,182.39,53.21,4.1
2024-08-07,Sudeste,Vestuário,Tênis Passo,Loja física,6,205.32,1231.92,652.0,579.92,3.7
2024-08-07,Sul,Casa e Decoração,Cadeira Foco,E-commerce,10,266.05,2660.5,1646.29,1014.21,2.5
2024-08-07,Nordeste,Eletrônicos,Fone Pulse,E-commerce,4,1088.85,4355.4,3671.04,684.36,3.0
2024-08-07,Nordeste,Eletrônicos,Notebook Aura,E-commerce,5,2043.55,10217.75,8577.62,1640.13,2.4
2024-08-07,Norte,Vestuário,Jaqueta Norte,E-commerce,4,158.46,633.84,345.37,288.47,3.8
2024-08-08,Nordeste,Eletrônicos,Tablet Nimbus,Loja física,3,1427.49,4282.47,3369.12,913.35,3.8
2024-08-08,Sudeste,Eletrônicos,Monitor Vista,Loja física,3,1828.2,5484.6,4223.0,1261.6,4.9
2024-08-08,Sul,Eletrônicos,Fone Pulse,Loja física,3,1896.54,5689.62,4443.97,1245.65,3.7
2024-08-08,Nordeste,Esporte e Lazer,Halteres Par,Loja física,5,374.88,1874.4,1247.02,627.38,4.8
2024-08-08,Nordeste,Vestuário,Jaqueta Norte,E-commerce,4,121.07,484.28,207.25,277.03,4.7
2024-08-08,Nordeste,Alimentos,Azeite Oliva,E-commerce,5,26.8,134.0,102.6,31.4,3.5
2024-08-08,Norte,Esporte e Lazer,Bicicleta Rota,E-commerce,3,434.58,1303.74,784.08,519.66,3.9
2024-08-08,Sul,Eletrônicos,Notebook Aura,E-commerce,1,1908.99,1908.99,1469.32,439.67,3.0
2024-08-08,Norte,Esporte e Lazer,Prancha Maré,Loja física,2,477.58,955.16,607.2,347.96,3.4
2024-08-08,Norte,Eletrônicos,Monitor Vista,E-commerce,7,2435.8,17050.6,14568.67,2481.93,2.8
2024-08-08,Centro-Oeste,Casa e Decoração,Vaso Raiz,Loja física,5,288.99,1444.95,813.95,631.0,3.9
2024-08-08,Sudeste,Vestuário,Jaqueta Norte,E-commerce,4,205.73,822.92,420.57,402.35,3.6
2024-08-09,Sudeste,Casa e Decoração,Cadeira Foco,Marketplace,6,308.34,1850.04,1183.57,666.47,3.0
2024-08-09,Nordeste,Eletrônicos,Notebook Aura,E-commerce,4,2643.45,10573.8,8302.88,2270.92,2.7
2024-08-09,Centro-Oeste,Vestuário,Tênis Passo,E-commerce,4,210.74,842.96,454.12,388.84,3.7
2024-08-09,Centro-Oeste,Alimentos,Chá Manhã,E-commerce,3,46.76,140.28,114.35,25.93,3.4
2024-08-09,Sul,Esporte e Lazer,Bicicleta Rota,E-commerce,1,355.79,355.79,242.04,113.75,5.0
2024-08-10,Nordeste,Eletrônicos,Fone Pulse,E-commerce,2,1894.65,3789.3,2740.46,1048.84,2.8
2024-08-10,Sudeste,Vestuário,Calça Trilha,Loja física,4,234.7,938.8,433.1,505.7,3.0
2024-08-10,Sudeste,Eletrônicos,Notebook Aura,Loja física,4,1569.41,6277.64,5437.37,840.27,4.0
2024-08-10,Sudeste,Casa e Decoração,Tapete Onda,E-commerce,9,204.13,1837.17,1067.72,769.45,3.3
2024-08-10,Centro-Oeste,Alimentos,Café Serra,Loja física,2,52.08,104.16,71.69,32.47,3.7
2024-08-10,Centro-Oeste,Casa e Decoração,Luminária Sol,E-commerce,3,369.67,1109.01,648.83,460.18,4.5
2024-08-11,Nordeste,Eletrônicos,Notebook Aura,Loja física,5,1569.41,7847.05,6713.96,1133.09,3.0
2024-08-11,Sul,Eletrônicos,Monitor Vista,Loja física,3,2129.28,6387.84,6064.04,323.8,3.8
2024-08-11,Sul,Eletrônicos,Tablet Nimbus,E-commerce,7,1173.94,8217.58,6366.14,1851.44,4.6
2024-08-11,Sul,Vestuário,Tênis Passo,E-commerce,3,185.87,557.61,254.16,303.45,4.4
2024-08-11,Nordeste,Casa e Decoração,Cadeira Foco,E-commerce,10,419.33,4193.3,2641.66,1551.64,4.2
2024-08-11,Centro-Oeste,Casa e Decoração,Cadeira Foco,E-commerce,4,232.09,928.36,581.32,347.04,4.6
2024-08-12,Sudeste,Esporte e Lazer,Bicicleta Rota,Loja física,2,271.72,543.44,350.69,192.75,3.8
2024-08-12,Sudeste,Alimentos,Chá Manhã,E-commerce,8,16.8,134.4,97.34,37.06,3.7
2024-08-12,Nordeste,Eletrônicos,Monitor Vista,Marketplace,9,1919.25,17273.25,14804.46,2468.79,2.8
2024-08-12,Sul,Vestuário,Calça Trilha,E-commerce,3,127.81,383.43,152.49,230.94,3.9
2024-08-12,Nordeste,Casa e Decoração,Cadeira Foco,Loja física,4,112.75,451.0,264.18,186.82,3.7
2024-08-13,Nordeste,Eletrônicos,Fone Pulse,Loja física,4,1885.74,7542.96,5936.83,1606.13,4.5
2024-08-13,Nordeste,Esporte e Lazer,Barraca Cume,Loja física,2,352.06,704.12,439.35,264.77,3.3
2024-08-13,Norte,Esporte e Lazer,Prancha Maré,E-commerce,6,661.4,3968.4,2429.84,1538.56,2.6
2024-08-13,Sudeste,Vestuário,Camiseta Base,Loja física,7,163.89,1147.23,561.39,585.84,4.1
2024-08-13,Sudeste,Eletrônicos,Tablet Nimbus,Loja física,10,2131.32,21313.2,17065.01,4248.19,3.0
2024-08-13,Sudeste,Vestuário,Tênis Passo,E-commerce,5,158.05,790.25,408.16,382.09,4.0
2024-08-14,Nordeste,Vestuário,Camiseta Base,Loja física,8,77.13,617.04,284.72,332.32,4.6
2024-08-14,Norte,Vestuário,Camiseta Base,E-commerce,3,218.45,655.35,295.86,359.49,3.9
2024-08-14,Sudeste,Vestuário,Tênis Passo,Loja física,5,200.13,1000.65,464.32,536.33,4.0
2024-08-14,Norte,Casa e Decoração,Luminária Sol,Loja física,3,248.3,744.9,365.74,379.16,4.5
2024-08-14,Sul,Esporte e Lazer,Prancha Maré,E-commerce,3,336.86,1010.58,757.49,253.09,3.7
2024-08-15,Sul,Eletrônicos,Notebook Aura,E-commerce,5,1250.67,6253.35,5497.58,755.77,3.0
2024-08-15,Sudeste,Eletrônicos,Monitor Vista,E-commerce,6,1277.32,7663.92,6927.47,736.45,4.0
2024-08-15,Centro-Oeste,Casa e Decoração,Cadeira Foco,E-commerce,7,447.21,3130.47,1752.16,1378.31,
2024-08-16,Norte,Alimentos,Azeite Oliva,E-commerce,5,16.84,84.2,56.66,27.54,
2024-08-16,Sudeste,Eletrônicos,Fone Pulse,Loja física,6,2227.51,13365.06,10812.18,2552.88,2.9
2024-08-16,Norte,Vestuário,Calça Trilha,E-commerce,2,180.91,361.82,159.11,202.71,4.5
2024-08-16,Sul,Esporte e Lazer,Bicicleta Rota,Loja física,2,432.02,864.04,564.14,299.9,3.8
2024-08-16,Sudeste,Esporte e Lazer,Prancha Maré,E-commerce,4,339.05,1356.2,831.92,524.28,4.0
2024-08-17,Sudeste,Vestuário,Jaqueta Norte,E-commerce,9,68.54,616.86,315.0,301.86,3.9
2024-08-17,Nordeste,Vestuário,Jaqueta Norte,E-commerce,4,92.38,369.52,207.57,161.95,4.2
2024-08-17,Sul,Vestuário,Calça Trilha,E-commerce,6,225.02,1350.12,611.2,738.92,4.5
2024-08-17,Nordeste,Casa e Decoração,Cadeira Foco,E-commerce,7,333.62,2335.34,1414.46,920.88,3.5
2024-08-17,Sudeste,Alimentos,Granola Cheia,E-commerce,7,69.4,485.8,329.72,156.08,4.4
2024-08-17,Centro-Oeste,Casa e Decoração,Vaso Raiz,E-commerce,2,146.69,293.38,155.7,137.68,4.0
2024-08-18,Nordeste,Alimentos,Chá Manhã,E-commerce,5,73.64,368.2,237.44,130.76,4.1
2024-08-18,Nordeste,Alimentos,Café Serra,Loja física,7,67.55,472.85,349.57,123.28,3.5
2024-08-18,Sul,Alimentos,Azeite Oliva,Marketplace,5,45.42,227.1,200.23,26.87,4.3
2024-08-18,Nordeste,Alimentos,Granola Cheia,Loja física,5,22.33,111.65,72.13,39.52,4.2
2024-08-18,Sudeste,Eletrônicos,Monitor Vista,E-commerce,10,1344.07,13440.7,11106.15,2334.55,3.2
2024-08-19,Norte,Casa e Decoração,Luminária Sol,E-commerce,1,179.96,179.96,90.27,89.69,3.3
2024-08-19,Nordeste,Alimentos,Café Serra,E-commerce,2,16.8,33.6,22.86,10.74,3.5
2024-08-19,Norte,Vestuário,Jaqueta Norte,E-commerce,5,132.14,660.7,242.55,418.15,3.8
2024-08-19,Sudeste,Alimentos,Granola Cheia,E-commerce,5,30.2,151.0,106.72,44.28,3.4
2024-08-19,Nordeste,Alimentos,Chá Manhã,Loja física,5,72.97,364.85,267.39,97.46,4.0
2024-08-19,Sudeste,Esporte e Lazer,Bicicleta Rota,E-commerce,6,403.15,2418.9,1564.35,854.55,3.8
2024-08-19,Centro-Oeste,Casa e Decoração,Cadeira Foco,Loja física,5,486.02,2430.1,1502.06,928.04,2.7
2024-08-20,Centro-Oeste,Alimentos,Granola Cheia,E-commerce,1,34.48,34.48,26.07,8.41,3.0
2024-08-20,Sul,Esporte e Lazer,Barraca Cume,E-commerce,3,346.2,1038.6,523.64,514.96,3.8
2024-08-20,Sul,Eletrônicos,Fone Pulse,E-commerce,3,1679.29,5037.87,4204.85,833.02,3.4
2024-08-20,Sul,Casa e Decoração,Cadeira Foco,Marketplace,3,347.8,1043.4,804.72,238.68,3.8
2024-08-20,Sul,Vestuário,Jaqueta Norte,E-commerce,6,224.37,1346.22,699.26,646.96,3.5
2024-08-21,Sudeste,Vestuário,Camiseta Base,E-commerce,4,92.79,371.16,158.64,212.52,4.0
2024-08-21,Sul,Alimentos,Azeite Oliva,E-commerce,2,85.3,170.6,134.99,35.61,2.9
2024-08-21,Sudeste,Eletrônicos,Notebook Aura,E-commerce,5,2674.87,13374.35,11521.34,1853.01,4.4
2024-08-21,Nordeste,Vestuário,Camiseta Base,E-commerce,8,113.8,910.4,440.62,469.78,5.0
2024-08-21,Sul,Alimentos,Café Serra,E-commerce,3,16.8,50.4,31.98,18.42,3.7
2024-08-22,Sul,Eletrônicos,Monitor Vista,E-commerce,4,2204.4,8817.6,7925.06,892.54,4.2
2024-08-22,Sul,Eletrônicos,Fone Pulse,E-commerce,1,716.1,716.1,539.0,177.1,4.2
2024-08-22,Sudeste,Eletrônicos,Tablet Nimbus,Loja física,6,2292.8,13756.8,11042.85,2713.95,4.1
2024-08-22,Sudeste,Alimentos,Granola Cheia,E-commerce,7,43.29,303.03,219.22,83.81,4.1
2024-08-22,Sudeste,Vestuário,Jaqueta Norte,Marketplace,8,139.58,1116.64,558.41,558.23,4.7
2024-08-22,Nordeste,Alimentos,Café Serra,E-commerce,2,58.94,117.88,79.28,38.6,3.8
2024-08-22,Sul,Vestuário,Camiseta Base,E-commerce,6,94.65,567.9,291.94,275.96,5.0
2024-08-22,Nordeste,Casa e Decoração,Luminária Sol,Marketplace,1,422.55,422.55,311.6,110.95,4.8
2024-08-22,Nordeste,Esporte e Lazer,Prancha Maré,E-commerce,3,504.22,1512.66,902.55,610.11,4.3
2024-08-22,Sudeste,Alimentos,Azeite Oliva,E-commerce,5,45.35,226.75,191.07,35.68,4.1
2024-08-22,Nordeste,Eletrônicos,Fone Pulse,Loja física,3,1931.13,5793.39,4431.88,1361.51,3.1
2024-08-22,Sul,Alimentos,Café Serra,Marketplace,4,71.04,284.16,228.6,55.56,2.6
2024-08-23,Sudeste,Eletrônicos,Monitor Vista,Loja física,10,1450.68,14506.8,10570.12,3936.68,3.5
2024-08-23,Sudeste,Vestuário,Camiseta Base,E-commerce,5,163.04,815.2,421.29,393.91,3.5
2024-08-23,Norte,Eletrônicos,Notebook Aura,Marketplace,1,2447.46,2447.46,2195.3,252.16,4.3
2024-08-23,Centro-Oeste,Esporte e Lazer,Halteres Par,Loja física,4,289.53,1158.12,758.35,399.77,3.4
2024-08-23,Sudeste,Esporte e Lazer,Halteres Par,Marketplace,1,266.0,266.0,206.89,59.11,4.8
2024-08-23,Sudeste,Eletrônicos,Notebook Aura,Loja física,8,1671.45,13371.6,10656.1,2715.5,3.3
2024-08-24,Sudeste,Alimentos,Granola Cheia,Marketplace,5,49.91,249.55,209.03,40.52,2.8
2024-08-24,Nordeste,Vestuário,Tênis Passo,Loja física,3,135.07,405.21,189.71,215.5,3.9
2024-08-24,Norte,Alimentos,Granola Cheia,E-commerce,4,29.1,116.4,86.75,29.65,3.7
2024-08-25,Sul,Alimentos,Chá Manhã,Loja física,5,33.25,166.25,112.61,53.64,2.9
2024-08-25,Nordeste,Alimentos,Chá Manhã,Loja física,3,31.01,93.03,67.55,25.48,5.0
2024-08-25,Sudeste,Casa e Decoração,Cadeira Foco,Marketplace,6,338.98,2033.88,1227.86,806.02,3.1
2024-08-25,Norte,Esporte e Lazer,Prancha Maré,Loja física,4,479.45,1917.8,997.95,919.85,4.6
2024-08-26,Norte,Vestuário,Camiseta Base,Loja física,3,107.16,321.48,140.65,180.83,4.0
2024-08-26,Norte,Esporte e Lazer,Halteres Par,E-commerce,4,459.51,1838.04,1262.82,575.22,3.7
2024-08-26,Nordeste,Casa e Decoração,Tapete Onda,E-commerce,3,235.13,705.39,388.98,316.41,2.7
2024-08-26,Nordeste,Casa e Decoração,Tapete Onda,E-commerce,3,305.77,917.31,616.31,301.0,3.8
2024-08-26,Nordeste,Casa e Decoração,Luminária Sol,Marketplace,7,290.59,2034.13,1319.42,714.71,3.3
2024-08-26,Sul,Vestuário,Camiseta Base,E-commerce,3,146.58,439.74,196.31,243.43,4.4
2024-08-27,Sul,Eletrônicos,Notebook Aura,Loja física,1,1791.36,1791.36,1329.05,462.31,3.1
2024-08-27,Sul,Casa e Decoração,Luminária Sol,E-commerce,3,283.24,849.72,543.08,306.64,3.6
2024-08-27,Sudeste,Alimentos,Azeite Oliva,E-commerce,8,47.4,379.2,267.63,111.57,4.7
2024-08-27,Nordeste,Esporte e Lazer,Halteres Par,E-commerce,4,587.79,2351.16,1576.66,774.5,4.0
2024-08-27,Centro-Oeste,Casa e Decoração,Luminária Sol,E-commerce,2,162.26,324.52,193.16,131.36,4.2
2024-08-28,Nordeste,Alimentos,Azeite Oliva,E-commerce,4,16.8,67.2,52.92,14.28,3.3
2024-08-28,Nordeste,Vestuário,Calça Trilha,Loja física,7,126.32,884.24,439.94,444.3,3.4
2024-08-28,Sudeste,Casa e Decoração,Tapete Onda,E-commerce,4,181.84,727.36,441.62,285.74,3.8
2024-08-28,Nordeste,Casa e Decoração,Tapete Onda,E-commerce,4,112.0,448.0,255.09,192.91,2.6
2024-08-29,Sul,Esporte e Lazer,Prancha Maré,Loja física,3,438.36,1315.08,889.16,425.92,3.0
2024-08-29,Centro-Oeste,Esporte e Lazer,Prancha Maré,E-commerce,2,532.15,1064.3,668.23,396.07,4.3
2024-08-29,Sudeste,Esporte e Lazer,Halteres Par,Loja física,3,346.6,1039.8,660.83,378.97,3.6
2024-08-29,Centro-Oeste,Eletrônicos,Tablet Nimbus,E-commerce,2,2051.99,4103.98,3590.61,513.37,3.6
2024-08-29,Sul,Alimentos,Granola Cheia,E-commerce,6,58.07,348.42,236.64,111.78,3.2
2024-08-29,Centro-Oeste,Esporte e Lazer,Halteres Par,Marketplace,4,510.07,2040.28,1535.51,504.77,2.7
2024-08-29,Sudeste,Vestuário,Jaqueta Norte,E-commerce,3,255.05,765.15,333.21,431.94,3.6
2024-08-29,Sul,Vestuário,Calça Trilha,E-commerce,7,143.3,1003.1,463.44,539.66,4.5
2024-08-30,Sudeste,Vestuário,Camiseta Base,Marketplace,5,156.99,784.95,425.48,359.47,3.3
2024-08-30,Norte,Alimentos,Granola Cheia,Loja física,2,48.7,97.4,72.83,24.57,4.4
2024-08-30,Sudeste,Alimentos,Azeite Oliva,Marketplace,6,74.38,446.28,366.97,79.31,4.9
2024-08-30,Nordeste,Alimentos,Granola Cheia,E-commerce,5,51.01,255.05,173.12,81.93,4.2
2024-08-31,Norte,Eletrônicos,Monitor Vista,E-commerce,5,1824.99,9124.95,7568.3,1556.65,4.4
2024-08-31,Sul,Eletrônicos,Fone Pulse,E-commerce,7,1780.54,12463.78,9359.3,3104.48,3.9
2024-08-31,Sudeste,Esporte e Lazer,Bicicleta Rota,E-commerce,12,250.07,3000.84,2036.47,964.37,4.1
2024-08-31,Sudeste,Esporte e Lazer,Halteres Par,E-commerce,5,460.43,2302.15,1352.49,949.66,3.7
2024-08-31,Sudeste,Casa e Decoração,Cadeira Foco,E-commerce,7,378.68,2650.76,1372.71,1278.05,3.8
2024-08-31,Sudeste,Esporte e Lazer,Halteres Par,E-commerce,8,255.56,2044.48,1331.74,712.74,4.2
2024-09-01,Sul,Esporte e Lazer,Prancha Maré,E-commerce,9,424.56,3821.04,2542.89,1278.15,4.4
2024-09-01,Sudeste,Eletrônicos,Notebook Aura,Loja física,7,1267.05,8869.35,7976.51,892.84,3.1
2024-09-01,Centro-Oeste,Vestuário,Camiseta Base,E-commerce,5,145.21,726.05,323.6,402.45,4.5
2024-09-01,Nordeste,Vestuário,Camiseta Base,E-commerce,8,122.19,977.52,432.65,544.87,3.8
2024-09-01,Nordeste,Vestuário,Jaqueta Norte,E-commerce,5,213.06,1065.3,505.09,560.21,4.2
2024-09-01,Sul,Alimentos,Azeite Oliva,Loja física,5,75.9,379.5,306.94,72.56,4.0
2024-09-02,Centro-Oeste,Casa e Decoração,Tapete Onda,Loja física,1,319.45,319.45,166.43,153.02,3.5
2024-09-02,Sul,Casa e Decoração,Vaso Raiz,E-commerce,3,182.68,548.04,333.35,214.69,3.7
2024-09-02,Sul,Casa e Decoração,Luminária Sol,E-commerce,3,282.76,848.28,474.63,373.65,4.2
2024-09-03,Nordeste,Eletrônicos,Fone Pulse,E-commerce,4,1664.06,6656.24,5348.93,1307.31,4.1
2024-09-03,Nordeste,Eletrônicos,Monitor Vista,E-commerce,3,1895.0,5685.0,5275.3,409.7,4.3
2024-09-03,Centro-Oeste,Alimentos,Granola Cheia,E-commerce,3,56.36,169.08,118.5,50.58,3.8
2024-09-03,Sudeste,Alimentos,Café Serra,Marketplace,6,49.73,298.38,198.3,100.08,4.0
2024-09-04,Sul,Casa e Decoração,Cadeira Foco,E-commerce,4,484.19,1936.76,1007.66,929.1,
2024-09-04,Sudeste,Eletrônicos,Tablet Nimbus,Marketplace,3,2060.47,6181.41,5867.53,313.88,3.3
2024-09-04,Sul,Eletrônicos,Monitor Vista,E-commerce,6,1707.01,10242.06,8207.06,2035.0,4.0
2024-09-04,Sul,Alimentos,Chá Manhã,E-commerce,5,57.17,285.85,213.74,72.11,4.0
2024-09-04,Nordeste,Vestuário,Camiseta Base,E-commerce,6,147.19,883.14,472.53,410.61,4.4
2024-09-04,Sudeste,Esporte e Lazer,Bicicleta Rota,E-commerce,5,290.95,1454.75,915.13,539.62,3.6
2024-09-04,Sudeste,Casa e Decoração,Vaso Raiz,E-commerce,3,510.7,1532.1,880.53,651.57,4.3
2024-09-04,Sudeste,Esporte e Lazer,Barraca Cume,E-commerce,3,448.62,1345.86,859.47,486.39,3.7
2024-09-05,Sul,Eletrônicos,Fone Pulse,E-commerce,6,1472.89,8837.34,7283.16,1554.18,3.3
2024-09-05,Sudeste,Casa e Decoração,Luminária Sol,Loja física,3,112.0,336.0,169.14,166.86,5.0
2024-09-05,Sudeste,Alimentos,Café Serra,E-commerce,5,28.31,141.55,92.69,48.86,4.0
2024-09-05,Sul,Eletrônicos,Fone Pulse,Marketplace,3,2168.51,6505.53,6230.99,274.54,3.6
2024-09-05,Sul,Esporte e Lazer,Barraca Cume,E-commerce,8,277.98,2223.84,1403.26,820.58,3.7
2024-09-05,Sudeste,Casa e Decoração,Cadeira Foco,Loja física,2,207.38,414.76,251.22,163.54,5.0
2024-09-05,Sudeste,Casa e Decoração,Vaso Raiz,Marketplace,4,263.94,1055.76,686.67,369.09,3.2
2024-09-06,Sudeste,Vestuário,Camiseta Base,Loja física,5,163.86,819.3,389.23,430.07,3.8
2024-09-06,Sul,Esporte e Lazer,Prancha Maré,Loja física,7,505.56,3538.92,2269.44,1269.48,4.4
2024-09-06,Nordeste,Casa e Decoração,Tapete Onda,Loja física,4,428.53,1714.12,886.66,827.46,4.2
2024-09-07,Norte,Vestuário,Tênis Passo,E-commerce,5,217.0,1085.0,514.06,570.94,3.8
2024-09-07,Nordeste,Vestuário,Camiseta Base,E-commerce,3,82.75,248.25,114.03,134.22,4.0
2024-09-07,Centro-Oeste,Eletrônicos,Fone Pulse,E-commerce,5,1886.43,9432.15,7415.46,2016.69,3.8
2024-09-07,Nordeste,Esporte e Lazer,Prancha Maré,Marketplace,6,612.19,3673.14,2519.41,1153.73,4.7
2024-09-07,Sul,Esporte e Lazer,Prancha Maré,E-commerce,5,556.53,2782.65,1537.12,1245.53,4.3
2024-09-07,Sudeste,Esporte e Lazer,Halteres Par,E-commerce,6,625.44,3752.64,2605.39,1147.25,4.4
2024-09-07,Nordeste,Vestuário,Camiseta Base,Marketplace,1,126.55,126.55,70.08,56.47,3.8
2024-09-07,Norte,Casa e Decoração,Luminária Sol,E-commerce,2,430.06,860.12,511.87,348.25,4.2
2024-09-07,Sudeste,Casa e Decoração,Luminária Sol,Loja física,7,268.79,1881.53,1138.41,743.12,3.1
2024-09-07,Norte,Casa e Decoração,Vaso Raiz,E-commerce,3,391.42,1174.26,648.32,525.94,4.1
2024-09-07,Sudeste,Casa e Decoração,Vaso Raiz,Loja física,4,477.31,1909.24,1002.68,906.56,4.1
2024-09-08,Sul,Esporte e Lazer,Barraca Cume,E-commerce,5,385.7,1928.5,1276.84,651.66,3.7
2024-09-08,Sul,Esporte e Lazer,Bicicleta Rota,E-commerce,3,393.94,1181.82,797.18,384.64,3.4
2024-09-08,Nordeste,Eletrônicos,Notebook Aura,E-commerce,4,2084.3,8337.2,6590.45,1746.75,3.3
2024-09-08,Sul,Eletrônicos,Fone Pulse,Loja física,4,2736.83,10947.32,9760.44,1186.88,3.5
2024-09-08,Norte,Alimentos,Azeite Oliva,E-commerce,3,16.8,50.4,33.04,17.36,4.7
2024-09-08,Centro-Oeste,Casa e Decoração,Cadeira Foco,E-commerce,4,224.71,898.84,556.91,341.93,4.9
2024-09-09,Norte,Esporte e Lazer,Bicicleta Rota,Loja física,2,143.5,287.0,179.95,107.05,4.6
2024-09-09,Sudeste,Vestuário,Camiseta Base,E-commerce,7,170.48,1193.36,596.61,596.75,4.3
2024-09-10,Sudeste,Casa e Decoração,Vaso Raiz,E-commerce,2,256.33,512.66,375.86,136.8,4.1
2024-09-10,Nordeste,Eletrônicos,Monitor Vista,E-commerce,5,1875.19,9375.95,7401.62,1974.33,4.2
2024-09-10,Sul,Vestuário,Jaqueta Norte,E-commerce,4,160.67,642.68,283.43,359.25,3.6
2024-09-10,Norte,Alimentos,Café Serra,Loja física,1,16.8,16.8,12.57,4.23,3.4
2024-09-10,Nordeste,Vestuário,Camiseta Base,E-commerce,4,185.95,743.8,365.94,377.86,4.4
2024-09-11,Nordeste,Esporte e Lazer,Halteres Par,Loja física,2,481.34,962.68,588.23,374.45,3.4
2024-09-11,Sul,Casa e Decoração,Luminária Sol,Marketplace,3,352.91,1058.73,688.34,370.39,4.0
2024-09-11,Sul,Casa e Decoração,Luminária Sol,E-commerce,2,340.74,681.48,365.79,315.69,3.8
2024-09-11,Nordeste,Alimentos,Café Serra,Loja física,5,48.88,244.4,171.04,73.36,4.4
2024-09-11,Nordeste,Casa e Decoração,Cadeira Foco,Loja física,5,297.99,1489.95,1014.45,475.5,3.3
2024-09-11,Norte,Eletrônicos,Fone Pulse,Loja física,4,2005.17,8020.68,7263.31,757.37,2.8
2024-09-11,Centro-Oeste,Casa e Decoração,Tapete Onda,Marketplace,1,342.68,342.68,239.41,103.27,3.4
2024-09-12,Centro-Oeste,Vestuário,Jaqueta Norte,Loja física,5,174.55,872.75,384.76,487.99,4.4
2024-09-12,Sul,Vestuário,Camiseta Base,E-commerce,4,260.74,1042.96,463.28,579.68,4.0
2024-09-12,Norte,Alimentos,Azeite Oliva,E-commerce,3,34.93,104.79,81.66,23.13,4.0
2024-09-13,Norte,Casa e Decoração,Tapete Onda,Loja física,3,275.01,825.03,477.59,347.44,3.7
2024-09-13,Centro-Oeste,Esporte e Lazer,Bicicleta Rota,E-commerce,2,663.94,1327.88,856.22,471.66,4.2
2024-09-13,Sul,Eletrônicos,Monitor Vista,Loja física,4,1775.79,7103.16,5925.05,1178.11,3.4
2024-09-14,Sudeste,Eletrônicos,Fone Pulse,E-commerce,7,2297.19,16080.33,12269.13,3811.2,3.7
2024-09-14,Sul,Vestuário,Jaqueta Norte,E-commerce,4,166.45,665.8,267.16,398.64,4.0
2024-09-15,Nordeste,Casa e Decoração,Tapete Onda,E-commerce,4,292.66,1170.64,828.01,342.63,3.8
2024-09-16,Nordeste,Eletrônicos,Notebook Aura,Loja física,4,1933.28,7733.12,6901.95,831.17,3.7
2024-09-16,Sul,Casa e Decoração,Cadeira Foco,Loja física,3,135.92,407.76,216.9,190.86,
2024-09-16,Nordeste,Casa e Decoração,Tapete Onda,E-commerce,3,382.21,1146.63,694.14,452.49,3.7
2024-09-16,Sul,Esporte e Lazer,Bicicleta Rota,E-commerce,2,557.94,1115.88,717.24,398.64,4.1
2024-09-18,Sudeste,Casa e Decoração,Cadeira Foco,Marketplace,8,200.59,1604.72,1331.08,273.64,4.0
2024-09-18,Sudeste,Casa e Decoração,Luminária Sol,Loja física,5,472.54,2362.7,1297.01,1065.69,4.0
2024-09-18,Sul,Casa e Decoração,Cadeira Foco,Loja física,5,530.43,2652.15,1437.08,1215.07,3.5
2024-09-19,Centro-Oeste,Alimentos,Café Serra,E-commerce,2,81.73,163.46,135.54,27.92,3.7
2024-09-19,Nordeste,Casa e Decoração,Luminária Sol,Loja física,6,362.9,2177.4,1298.21,879.19,4.3
2024-09-19,Centro-Oeste,Eletrônicos,Fone Pulse,Marketplace,5,1628.45,8142.25,6786.49,1355.76,2.9
2024-09-19,Centro-Oeste,Eletrônicos,Monitor Vista,Loja física,2,2004.44,4008.88,3503.37,505.51,2.9
2024-09-19,Sudeste,Eletrônicos,Monitor Vista,E-commerce,5,1398.93,6994.65,5700.27,1294.38,3.3
2024-09-19,Sul,Alimentos,Granola Cheia,Loja física,5,90.22,451.1,322.36,128.74,3.7
2024-09-19,Sudeste,Esporte e Lazer,Bicicleta Rota,E-commerce,6,589.15,3534.9,2479.31,1055.59,2.6
2024-09-20,Sul,Vestuário,Tênis Passo,E-commerce,3,147.55,442.65,181.74,260.91,4.7
2024-09-20,Norte,Eletrônicos,Fone Pulse,E-commerce,2,787.64,1575.28,1275.37,299.91,3.5
2024-09-20,Norte,Alimentos,Azeite Oliva,E-commerce,6,28.06,168.36,131.24,37.12,3.1
2024-09-20,Centro-Oeste,Alimentos,Café Serra,Marketplace,7,49.5,346.5,276.6,69.9,2.7
2024-09-20,Sul,Vestuário,Calça Trilha,Loja física,8,213.84,1710.72,965.77,744.95,3.9
2024-09-20,Nordeste,Esporte e Lazer,Halteres Par,E-commerce,4,455.68,1822.72,1199.7,623.02,4.2
2024-09-20,Nordeste,Eletrônicos,Notebook Aura,Loja física,3,1613.97,4841.91,4010.2,831.71,2.4
2024-09-21,Sul,Esporte e Lazer,Bicicleta Rota,E-commerce,8,487.89,3903.12,2003.81,1899.31,4.2
2024-09-21,Norte,Alimentos,Granola Cheia,Loja física,3,48.24,144.72,105.59,39.13,4.2
2024-09-21,Sudeste,Alimentos,Café Serra,Loja física,4,56.53,226.12,170.91,55.21,
2024-09-21,Nordeste,Casa e Decoração,Cadeira Foco,E-commerce,3,417.33,1251.99,762.13,489.86,4.2
2024-09-21,Sul,Esporte e Lazer,Bicicleta Rota,Loja física,5,190.97,954.85,647.62,307.23,3.5
2024-09-21,Sudeste,Casa e Decoração,Luminária Sol,E-commerce,2,424.27,848.54,481.62,366.92,3.9
2024-09-21,Sudeste,Alimentos,Azeite Oliva,E-commerce,6,40.68,244.08,186.66,57.42,4.0
2024-09-22,Nordeste,Vestuário,Calça Trilha,E-commerce,3,166.1,498.3,228.41,269.89,3.9
2024-09-22,Sudeste,Esporte e Lazer,Halteres Par,E-commerce,3,564.36,1693.08,1106.1,586.98,4.0
2024-09-22,Nordeste,Eletrônicos,Fone Pulse,E-commerce,3,1935.67,5807.01,4798.01,1009.0,4.2
2024-09-22,Nordeste,Vestuário,Calça Trilha,Loja física,5,187.47,937.35,425.65,511.7,4.1
2024-09-22,Sul,Casa e Decoração,Luminária Sol,Loja física,3,442.67,1328.01,845.48,482.53,4.4
2024-09-23,Sudeste,Vestuário,Tênis Passo,Loja física,8,144.06,1152.48,684.74,467.74,4.0
2024-09-23,Centro-Oeste,Eletrônicos,Tablet Nimbus,E-commerce,4,1210.26,4841.04,3734.59,1106.45,3.7
2024-09-23,Sul,Eletrônicos,Fone Pulse,Loja física,2,1715.96,3431.92,2611.45,820.47,3.6
2024-09-23,Norte,Vestuário,Calça Trilha,E-commerce,3,76.44,229.32,110.25,119.07,4.2
2024-09-23,Sudeste,Vestuário,Jaqueta Norte,E-commerce,5,208.06,1040.3,599.23,441.07,4.6
2024-09-23,Sudeste,Casa e Decoração,Cadeira Foco,E-commerce,7,205.81,1440.67,907.75,532.92,4.7
2024-09-24,Norte,Eletrônicos,Notebook Aura,E-commerce,2,1827.17,3654.34,3273.93,380.41,3.8
2024-09-24,Sul,Eletrônicos,Fone Pulse,Loja física,4,1891.81,7567.24,6057.84,1509.4,3.5
2024-09-24,Sul,Vestuário,Calça Trilha,Marketplace,5,155.87,779.35,502.06,277.29,3.5
2024-09-24,Nordeste,Vestuário,Calça Trilha,E-commerce,6,217.81,1306.86,569.9,736.96,3.6
2024-09-24,Nordeste,Eletrônicos,Tablet Nimbus,E-commerce,3,2125.04,6375.12,5635.57,739.55,3.7
2024-09-24,Norte,Vestuário,Tênis Passo,Loja física,2,155.09,310.18,131.12,179.06,4.8
2024-09-24,Centro-Oeste,Vestuário,Jaqueta Norte,E-commerce,2,140.67,281.34,144.13,137.21,4.5
2024-09-24,Centro-Oeste,Casa e Decoração,Cadeira Foco,Loja física,3,280.84,842.52,463.32,379.2,3.9
2024-09-25,Sudeste,Alimentos,Café Serra,E-commerce,6,31.33,187.98,144.84,43.14,3.6
2024-09-25,Centro-Oeste,Casa e Decoração,Tapete Onda,E-commerce,4,145.1,580.4,365.83,214.57,3.4
2024-09-25,Norte,Alimentos,Café Serra,E-commerce,3,47.46,142.38,90.26,52.12,4.6
2024-09-25,Nordeste,Eletrônicos,Tablet Nimbus,Marketplace,2,3059.0,6118.0,5995.64,122.36,3.5
2024-09-26,Centro-Oeste,Esporte e Lazer,Bicicleta Rota,E-commerce,4,249.06,996.24,650.33,345.91,3.9
2024-09-26,Nordeste,Casa e Decoração,Luminária Sol,Loja física,2,352.31,704.62,391.11,313.51,3.7
2024-09-26,Sudeste,Casa e Decoração,Cadeira Foco,E-commerce,5,347.56,1737.8,1020.27,717.53,4.3
2024-09-26,Centro-Oeste,Alimentos,Azeite Oliva,Marketplace,3,37.68,113.04,88.15,24.89,4.3
2024-09-26,Centro-Oeste,Esporte e Lazer,Halteres Par,Loja física,3,544.42,1633.26,998.58,634.68,3.0
2024-09-26,Sul,Vestuário,Tênis Passo,E-commerce,3,179.33,537.99,303.24,234.75,3.9
2024-09-27,Sudeste,Alimentos,Café Serra,E-commerce,5,60.34,301.7,191.98,109.72,4.9
2024-09-27,Norte,Eletrônicos,Tablet Nimbus,Loja física,1,827.1,827.1,704.05,123.05,3.6
2024-09-27,Sudeste,Alimentos,Granola Cheia,E-commerce,4,64.89,259.56,184.94,74.62,2.2
2024-09-27,Sudeste,Casa e Decoração,Vaso Raiz,Loja física,8,464.41,3715.28,2148.58,1566.7,3.9
2024-09-28,Sudeste,Vestuário,Jaqueta Norte,Loja física,4,158.02,632.08,284.85,347.23,3.4
2024-09-28,Sul,Vestuário,Tênis Passo,Loja física,8,80.25,642.0,307.38,334.62,3.6
2024-09-28,Norte,Vestuário,Calça Trilha,Loja física,3,200.28,600.84,325.1,275.74,3.8
2024-09-28,Norte,Alimentos,Chá Manhã,Marketplace,4,24.77,99.08,85.0,14.08,
2024-09-28,Centro-Oeste,Vestuário,Camiseta Base,E-commerce,5,215.68,1078.4,500.59,577.81,5.0
2024-09-28,Sul,Esporte e Lazer,Prancha Maré,E-commerce,7,405.47,2838.29,1847.73,990.56,
2024-09-28,Sudeste,Eletrônicos,Monitor Vista,E-commerce,3,1815.01,5445.03,4199.05,1245.98,3.2
2024-09-28,Sul,Eletrônicos,Tablet Nimbus,E-commerce,4,1969.72,7878.88,6089.69,1789.19,4.3
2024-09-28,Sudeste,Esporte e Lazer,Halteres Par,E-commerce,9,216.49,1948.41,1168.23,780.18,4.8
2024-09-28,Sudeste,Casa e Decoração,Tapete Onda,E-commerce,7,175.45,1228.15,685.71,542.44,3.4
2024-09-29,Sul,Casa e Decoração,Luminária Sol,Loja física,4,536.53,2146.12,1264.47,881.65,4.2
2024-09-29,Centro-Oeste,Eletrônicos,Monitor Vista,E-commerce,2,2983.58,5967.16,4947.47,1019.69,3.8
2024-09-29,Sul,Vestuário,Tênis Passo,Loja física,5,69.97,349.85,167.45,182.4,2.9
2024-09-29,Sul,Vestuário,Tênis Passo,E-commerce,6,120.25,721.5,356.67,364.83,3.4
2024-09-30,Sudeste,Eletrônicos,Monitor Vista,Loja física,3,1993.86,5981.58,4963.88,1017.7,2.9
2024-09-30,Centro-Oeste,Eletrônicos,Notebook Aura,E-commerce,5,1599.12,7995.6,5937.01,2058.59,3.9
2024-09-30,Sul,Alimentos,Azeite Oliva,Marketplace,3,88.59,265.77,217.0,48.77,3.7
2024-09-30,Centro-Oeste,Eletrônicos,Monitor Vista,Marketplace,3,1817.2,5451.6,5093.56,358.04,3.3
2024-09-30,Sudeste,Esporte e Lazer,Prancha Maré,E-commerce,11,571.2,6283.2,4526.43,1756.77,
2024-10-01,Sul,Vestuário,Tênis Passo,E-commerce,6,93.04,558.24,284.06,274.18,3.7
2024-10-02,Sul,Alimentos,Café Serra,E-commerce,5,22.47,112.35,92.03,20.32,2.7
2024-10-02,Nordeste,Eletrônicos,Tablet Nimbus,Loja física,2,1973.65,3947.3,3568.84,378.46,3.0
2024-10-02,Centro-Oeste,Casa e Decoração,Vaso Raiz,E-commerce,1,446.52,446.52,249.63,196.89,3.6
2024-10-02,Centro-Oeste,Vestuário,Tênis Passo,E-commerce,5,125.28,626.4,271.15,355.25,3.8
2024-10-02,Nordeste,Eletrônicos,Fone Pulse,E-commerce,3,957.29,2871.87,2443.09,428.78,3.9
2024-10-02,Sul,Alimentos,Azeite Oliva,E-commerce,2,89.7,179.4,132.04,47.36,4.0
2024-10-03,Centro-Oeste,Casa e Decoração,Vaso Raiz,Marketplace,3,280.97,842.91,543.96,298.95,2.8
2024-10-03,Sudeste,Eletrônicos,Tablet Nimbus,Loja física,1,2223.85,2223.85,1876.38,347.47,3.4
2024-10-03,Centro-Oeste,Alimentos,Azeite Oliva,E-commerce,3,28.36,85.08,62.59,22.49,
2024-10-03,Sudeste,Eletrônicos,Monitor Vista,E-commerce,5,1819.3,9096.5,7470.46,1626.04,3.6
2024-10-04,Sul,Eletrônicos,Monitor Vista,E-commerce,3,1427.71,4283.13,3543.89,739.24,4.3
2024-10-04,Nordeste,Casa e Decoração,Tapete Onda,E-commerce,2,419.17,838.34,485.84,352.5,3.8
2024-10-04,Sul,Vestuário,Jaqueta Norte,Loja física,3,180.92,542.76,258.3,284.46,2.9
2024-10-04,Sul,Eletrônicos,Tablet Nimbus,Marketplace,4,2178.03,8712.12,7113.56,1598.56,3.9
2024-10-04,Sul,Alimentos,Chá Manhã,E-commerce,3,63.68,191.04,139.23,51.81,3.2
2024-10-04,Sudeste,Casa e Decoração,Luminária Sol,E-commerce,5,292.68,1463.4,845.32,618.08,4.1
2024-10-05,Sudeste,Casa e Decoração,Luminária Sol,E-commerce,6,395.09,2370.54,1519.94,850.6,4.3
2024-10-05,Sul,Casa e Decoração,Tapete Onda,Marketplace,4,249.22,996.88,658.89,337.99,3.7
2024-10-05,Centro-Oeste,Esporte e Lazer,Prancha Maré,E-commerce,1,560.48,560.48,372.99,187.49,2.6
2024-10-06,Norte,Esporte e Lazer,Prancha Maré,E-commerce,3,143.5,430.5,246.46,184.04,4.3
2024-10-06,Sul,Eletrônicos,Notebook Aura,Marketplace,3,1491.75,4475.25,4385.74,89.51,3.4
2024-10-06,Norte,Vestuário,Camiseta Base,Loja física,3,286.37,859.11,448.61,410.5,4.0
2024-10-06,Norte,Alimentos,Granola Cheia,E-commerce,6,59.0,354.0,290.8,63.2,3.4
2024-10-07,Norte,Vestuário,Jaqueta Norte,E-commerce,3,192.62,577.86,265.25,312.61,4.0
2024-10-07,Centro-Oeste,Esporte e Lazer,Bicicleta Rota,E-commerce,3,286.42,859.26,559.54,299.72,4.2
2024-10-07,Sul,Vestuário,Camiseta Base,Marketplace,4,98.82,395.28,211.75,183.53,3.6
2024-10-07,Nordeste,Casa e Decoração,Tapete Onda,E-commerce,3,288.28,864.84,552.44,312.4,3.6
2024-10-07,Sul,Esporte e Lazer,Bicicleta Rota,E-commerce,2,399.93,799.86,482.66,317.2,3.1
2024-10-07,Centro-Oeste,Vestuário,Camiseta Base,Loja física,2,264.3,528.6,238.4,290.2,4.5
2024-10-07,Sul,Esporte e Lazer,Prancha Maré,E-commerce,2,562.84,1125.68,697.26,428.42,3.8
2024-10-08,Sul,Casa e Decoração,Vaso Raiz,Marketplace,5,161.74,808.7,593.39,215.31,3.4
2024-10-08,Sudeste,Casa e Decoração,Luminária Sol,E-commerce,2,410.98,821.96,522.38,299.58,3.9
2024-10-08,Sudeste,Esporte e Lazer,Halteres Par,Loja física,8,143.5,1148.0,692.02,455.98,4.4
2024-10-08,Centro-Oeste,Eletrônicos,Monitor Vista,E-commerce,1,1902.29,1902.29,1556.94,345.35,3.0
2024-10-08,Nordeste,Vestuário,Camiseta Base,Marketplace,2,162.61,325.22,183.14,142.08,4.5
2024-10-09,Nordeste,Esporte e Lazer,Bicicleta Rota,E-commerce,5,521.51,2607.55,1690.83,916.72,3.7
2024-10-09,Nordeste,Alimentos,Azeite Oliva,Loja física,1,49.3,49.3,35.36,13.94,2.9
2024-10-09,Centro-Oeste,Alimentos,Chá Manhã,Loja física,4,24.38,97.52,64.6,32.92,4.4
2024-10-10,Sudeste,Vestuário,Jaqueta Norte,Loja física,3,55.65,166.95,83.95,83.0,3.6
2024-10-10,Nordeste,Esporte e Lazer,Barraca Cume,Loja física,5,544.08,2720.4,1795.48,924.92,5.0
2024-10-10,Nordeste,Alimentos,Granola Cheia,E-commerce,5,38.61,193.05,145.99,47.06,3.5
2024-10-10,Sudeste,Eletrônicos,Notebook Aura,E-commerce,5,2042.13,10210.65,8352.84,1857.81,2.6
2024-10-11,Sudeste,Casa e Decoração,Luminária Sol,E-commerce,7,310.82,2175.74,1237.9,937.84,4.2
2024-10-11,Centro-Oeste,Casa e Decoração,Vaso Raiz,E-commerce,1,248.93,248.93,121.0,127.93,4.2
2024-10-11,Nordeste,Esporte e Lazer,Prancha Maré,Loja física,4,370.44,1481.76,888.01,593.75,4.9
2024-10-11,Sul,Vestuário,Calça Trilha,E-commerce,3,157.12,471.36,226.92,244.44,4.0
2024-10-12,Sul,Esporte e Lazer,Barraca Cume,E-commerce,4,496.56,1986.24,1173.79,812.45,3.2
2024-10-12,Nordeste,Vestuário,Tênis Passo,Loja física,4,143.83,575.32,277.21,298.11,2.9
2024-10-13,Sudeste,Esporte e Lazer,Barraca Cume,E-commerce,9,331.44,2982.96,1842.68,1140.28,3.7
2024-10-13,Sudeste,Casa e Decoração,Cadeira Foco,Loja física,5,321.65,1608.25,869.91,738.34,5.0
2024-10-13,Sudeste,Esporte e Lazer,Halteres Par,Loja física,5,625.1,3125.5,1947.35,1178.15,3.5
2024-10-13,Sudeste,Casa e Decoração,Vaso Raiz,Loja física,2,316.53,633.06,375.32,257.74,4.0
2024-10-13,Norte,Eletrônicos,Tablet Nimbus,Loja física,3,2141.62,6424.86,5334.33,1090.53,2.8
2024-10-13,Sul,Vestuário,Camiseta Base,E-commerce,7,196.08,1372.56,703.04,669.52,4.9
2024-10-13,Sudeste,Vestuário,Camiseta Base,Loja física,5,140.69,703.45,302.07,401.38,5.0
2024-10-13,Norte,Eletrônicos,Fone Pulse,E-commerce,3,1304.0,3912.0,3030.75,881.25,4.0
2024-10-14,Norte,Esporte e Lazer,Prancha Maré,E-commerce,4,463.85,1855.4,1182.75,672.65,3.5
2024-10-14,Nordeste,Eletrônicos,Notebook Aura,E-commerce,7,2888.84,20221.88,17123.28,3098.6,4.0
2024-10-14,Centro-Oeste,Casa e Decoração,Cadeira Foco,Loja física,4,346.35,1385.4,743.84,641.56,3.6
2024-10-14,Centro-Oeste,Casa e Decoração,Luminária Sol,E-commerce,5,300.02,1500.1,910.69,589.41,3.4
2024-10-14,Sul,Vestuário,Camiseta Base,Marketplace,3,157.92,473.76,271.25,202.51,3.9
2024-10-14,Sudeste,Esporte e Lazer,Barraca Cume,Loja física,4,431.39,1725.56,1062.35,663.21,4.3
2024-10-15,Sul,Vestuário,Jaqueta Norte,Loja física,3,75.5,226.5,85.02,141.48,3.9
2024-10-15,Nordeste,Vestuário,Camiseta Base,E-commerce,5,59.08,295.4,140.1,155.3,4.9
2024-10-15,Norte,Eletrônicos,Fone Pulse,E-commerce,2,1658.53,3317.06,2763.14,553.92,
2024-10-15,Sul,Vestuário,Tênis Passo,Loja física,4,182.77,731.08,363.74,367.34,3.5
2024-10-15,Sul,Alimentos,Café Serra,Loja física,4,50.82,203.28,152.3,50.98,3.5
2024-10-15,Centro-Oeste,Casa e Decoração,Vaso Raiz,E-commerce,3,292.02,876.06,519.93,356.13,3.0
2024-10-15,Norte,Vestuário,Calça Trilha,Marketplace,2,215.63,431.26,251.18,180.08,3.4
2024-10-15,Sul,Vestuário,Jaqueta Norte,E-commerce,3,176.76,530.28,247.04,283.24,5.0
2024-10-15,Sudeste,Eletrônicos,Notebook Aura,Loja física,1,1373.86,1373.86,1056.93,316.93,4.9
2024-10-15,Sul,Casa e Decoração,Luminária Sol,Loja física,5,112.0,560.0,320.02,239.98,3.5
2024-10-15,Sudeste,Vestuário,Jaqueta Norte,E-commerce,6,119.16,714.96,293.98,420.98,4.7
2024-10-16,Norte,Casa e Decoração,Cadeira Foco,E-commerce,1,433.07,433.07,261.29,171.78,4.4
2024-10-16,Centro-Oeste,Alimentos,Chá Manhã,E-commerce,1,16.8,16.8,12.17,4.63,3.8
2024-10-17,Centro-Oeste,Vestuário,Camiseta Base,E-commerce,1,157.27,157.27,65.82,91.45,3.6
2024-10-17,Sudeste,Eletrônicos,Fone Pulse,Loja física,4,2181.77,8727.08,7091.93,1635.15,4.4
2024-10-17,Centro-Oeste,Casa e Decoração,Tapete Onda,E-commerce,3,485.21,1455.63,845.41,610.22,3.9
2024-10-17,Sudeste,Alimentos,Azeite Oliva,Loja física,3,19.02,57.06,42.88,14.18,3.4
2024-10-17,Centro-Oeste,Eletrônicos,Notebook Aura,Loja física,4,1602.31,6409.24,5417.43,991.81,2.7
2024-10-18,Sudeste,Eletrônicos,Notebook Aura,E-commerce,6,2402.6,14415.6,11815.31,2600.29,3.5
2024-10-18,Sudeste,Casa e Decoração,Cadeira Foco,Marketplace,7,473.69,3315.83,2060.25,1255.58,4.0
2024-10-18,Nordeste,Casa e Decoração,Luminária Sol,Marketplace,6,450.04,2700.24,1823.13,877.11,4.1
2024-10-19,Sudeste,Alimentos,Café Serra,Loja física,4,94.11,376.44,296.62,79.82,3.8
2024-10-19,Centro-Oeste,Alimentos,Granola Cheia,E-commerce,6,54.7,328.2,245.28,82.92,3.9
2024-10-19,Sudeste,Alimentos,Granola Cheia,E-commerce,3,41.77,125.31,91.8,33.51,3.6
2024-10-19,Sudeste,Alimentos,Azeite Oliva,E-commerce,3,38.84,116.52,77.75,38.77,4.2
2024-10-20,Centro-Oeste,Vestuário,Calça Trilha,Loja física,3,55.65,166.95,89.02,77.93,4.3
2024-10-20,Nordeste,Esporte e Lazer,Prancha Maré,Loja física,8,396.5,3172.0,1909.24,1262.76,4.5
2024-10-20,Centro-Oeste,Vestuário,Calça Trilha,E-commerce,2,55.65,111.3,58.77,52.53,4.9
2024-10-20,Centro-Oeste,Vestuário,Calça Trilha,Loja física,3,130.35,391.05,180.4,210.65,3.5
2024-10-20,Sudeste,Alimentos,Café Serra,E-commerce,6,21.57,129.42,93.99,35.43,4.4
2024-10-20,Sul,Vestuário,Calça Trilha,E-commerce,3,183.14,549.42,272.67,276.75,3.2
2024-10-20,Norte,Eletrônicos,Notebook Aura,Marketplace,6,1476.31,8857.86,8680.7,177.16,4.0
2024-10-21,Centro-Oeste,Eletrônicos,Fone Pulse,E-commerce,2,2401.56,4803.12,4029.69,773.43,3.6
2024-10-21,Nordeste,Alimentos,Granola Cheia,Loja física,2,16.8,33.6,27.0,6.6,3.7
2024-10-21,Centro-Oeste,Casa e Decoração,Tapete Onda,Marketplace,2,246.43,492.86,320.48,172.38,4.5
2024-10-21,Sudeste,Casa e Decoração,Cadeira Foco,E-commerce,2,352.46,704.92,442.41,262.51,3.7
2024-10-21,Centro-Oeste,Eletrônicos,Monitor Vista,E-commerce,4,1642.59,6570.36,5627.45,942.91,3.8
2024-10-21,Sudeste,Casa e Decoração,Cadeira Foco,E-commerce,3,247.55,742.65,428.04,314.61,4.8
2024-10-21,Sudeste,Alimentos,Azeite Oliva,Loja física,5,63.58,317.9,252.0,65.9,4.2
2024-10-21,Centro-Oeste,Alimentos,Granola Cheia,Marketplace,1,16.8,16.8,12.13,4.67,3.5
2024-10-21,Sudeste,Alimentos,Azeite Oliva,E-commerce,3,30.4,91.2,62.71,28.49,3.8
2024-10-22,Nordeste,Esporte e Lazer,Barraca Cume,E-commerce,2,786.6,1573.2,1023.62,549.58,2.7
2024-10-22,Norte,Eletrônicos,Monitor Vista,E-commerce,1,2800.1,2800.1,2199.44,600.66,4.2
2024-10-22,Centro-Oeste,Eletrônicos,Fone Pulse,E-commerce,3,2542.69,7628.07,5680.3,1947.77,4.2
2024-10-23,Norte,Casa e Decoração,Luminária Sol,E-commerce,1,235.62,235.62,150.35,85.27,3.9
2024-10-24,Norte,Vestuário,Tênis Passo,E-commerce,3,97.41,292.23,136.46,155.77,4.2
2024-10-24,Sul,Vestuário,Calça Trilha,E-commerce,4,239.22,956.88,507.12,449.76,3.0
2024-10-24,Nordeste,Casa e Decoração,Luminária Sol,E-commerce,4,201.27,805.08,420.35,384.73,4.2
2024-10-24,Sudeste,Alimentos,Granola Cheia,Marketplace,3,47.01,141.03,120.14,20.89,3.9
2024-10-24,Sudeste,Eletrônicos,Fone Pulse,E-commerce,6,2042.32,12253.92,9832.46,2421.46,3.1
2024-10-24,Norte,Esporte e Lazer,Halteres Par,Loja física,2,334.86,669.72,442.4,227.32,3.5
2024-10-24,Sudeste,Casa e Decoração,Luminária Sol,Loja física,4,212.74,850.96,587.05,263.91,3.4
2024-10-25,Nordeste,Casa e Decoração,Luminária Sol,E-commerce,2,434.32,868.64,510.27,358.37,4.7
2024-10-25,Nordeste,Esporte e Lazer,Prancha Maré,Loja física,3,323.92,971.76,659.03,312.73,4.3
2024-10-25,Sudeste,Vestuário,Camiseta Base,E-commerce,3,55.65,166.95,65.77,101.18,3.8
2024-10-25,Nordeste,Eletrônicos,Fone Pulse,E-commerce,5,1305.29,6526.45,6192.01,334.44,2.6
2024-10-25,Sudeste,Esporte e Lazer,Prancha Maré,E-commerce,6,332.53,1995.18,1368.89,626.29,3.4
2024-10-25,Sul,Vestuário,Camiseta Base,E-commerce,1,171.1,171.1,87.58,83.52,4.8
2024-10-25,Sudeste,Alimentos,Azeite Oliva,Loja física,4,51.09,204.36,160.93,43.43,3.9
2024-10-25,Sul,Alimentos,Chá Manhã,E-commerce,5,70.1,350.5,238.0,112.5,4.2
2024-10-26,Sul,Alimentos,Chá Manhã,Loja física,3,27.08,81.24,59.16,22.08,3.9
2024-10-26,Centro-Oeste,Vestuário,Calça Trilha,Loja física,7,175.22,1226.54,597.48,629.06,4.4
2024-10-26,Sudeste,Alimentos,Granola Cheia,E-commerce,7,38.25,267.75,185.34,82.41,2.8
2024-10-26,Sudeste,Eletrônicos,Tablet Nimbus,E-commerce,6,2904.67,17428.02,14683.61,2744.41,3.7
2024-10-26,Norte,Alimentos,Chá Manhã,E-commerce,3,39.44,118.32,91.71,26.61,5.0
2024-10-26,Nordeste,Casa e Decoração,Vaso Raiz,E-commerce,4,294.39,1177.56,818.46,359.1,3.2
2024-10-26,Sudeste,Esporte e Lazer,Prancha Maré,E-commerce,4,453.8,1815.2,1163.1,652.1,2.8
2024-10-26,Sudeste,Alimentos,Granola Cheia,E-commerce,4,65.62,262.48,212.1,50.38,4.2
2024-10-26,Sul,Esporte e Lazer,Prancha Maré,E-commerce,9,596.76,5370.84,3458.32,1912.52,3.1
2024-10-26,Sul,Eletrônicos,Notebook Aura,Marketplace,7,1626.49,11385.43,9474.12,1911.31,3.9
2024-10-26,Norte,Casa e Decoração,Luminária Sol,Loja física,3,291.56,874.68,588.59,286.09,3.5
2024-10-27,Sul,Eletrônicos,Fone Pulse,Loja física,4,1122.63,4490.52,3777.4,713.12,4.2
2024-10-27,Sul,Vestuário,Tênis Passo,E-commerce,3,199.5,598.5,258.16,340.34,4.1
2024-10-27,Norte,Eletrônicos,Notebook Aura,E-commerce,2,1271.19,2542.38,2055.75,486.63,4.2
2024-10-27,Sul,Eletrônicos,Tablet Nimbus,Marketplace,7,2655.42,18587.94,16195.09,2392.85,4.3
2024-10-28,Sul,Casa e Decoração,Cadeira Foco,E-commerce,1,330.77,330.77,198.87,131.9,3.5
2024-10-28,Sudeste,Alimentos,Chá Manhã,E-commerce,9,55.37,498.33,371.3,127.03,3.8
2024-10-28,Sul,Alimentos,Azeite Oliva,E-commerce,4,47.14,188.56,162.64,25.92,3.7
2024-10-28,Norte,Eletrônicos,Fone Pulse,E-commerce,3,1760.04,5280.12,4106.93,1173.19,4.7
2024-10-28,Nordeste,Vestuário,Jaqueta Norte,Loja física,5,165.32,826.6,395.19,431.41,3.5
2024-10-28,Sul,Alimentos,Azeite Oliva,E-commerce,6,80.35,482.1,329.07,153.03,4.2
2024-10-28,Nordeste,Casa e Decoração,Vaso Raiz,Loja física,5,387.88,1939.4,1172.74,766.66,2.8
2024-10-29,Sul,Esporte e Lazer,Prancha Maré,Marketplace,2,298.12,596.24,442.98,153.26,4.1
2024-10-29,Nordeste,Eletrônicos,Tablet Nimbus,E-commerce,3,2321.22,6963.66,5579.96,1383.7,3.4
2024-10-29,Centro-Oeste,Eletrônicos,Notebook Aura,Loja física,3,1409.22,4227.66,3636.02,591.64,4.3
2024-10-29,Sudeste,Eletrônicos,Tablet Nimbus,Loja física,5,2583.48,12917.4,9884.75,3032.65,4.6
2024-10-29,Centro-Oeste,Eletrônicos,Monitor Vista,Marketplace,4,1647.12,6588.48,6238.55,349.93,4.0
2024-10-30,Sudeste,Alimentos,Chá Manhã,E-commerce,3,33.82,101.46,66.7,34.76,4.0
2024-10-30,Centro-Oeste,Casa e Decoração,Vaso Raiz,Loja física,3,253.87,761.61,413.15,348.46,4.2
2024-10-30,Sudeste,Casa e Decoração,Vaso Raiz,Loja física,4,244.08,976.32,525.9,450.42,4.3
2024-10-30,Centro-Oeste,Casa e Decoração,Cadeira Foco,E-commerce,1,238.92,238.92,147.71,91.21,3.9
2024-10-30,Sudeste,Eletrônicos,Monitor Vista,E-commerce,4,1992.78,7971.12,6484.47,1486.65,3.8
2024-10-30,Nordeste,Esporte e Lazer,Halteres Par,Loja física,5,337.83,1689.15,913.25,775.9,3.3
2024-10-30,Centro-Oeste,Esporte e Lazer,Bicicleta Rota,E-commerce,2,149.5,299.0,219.55,79.45,3.1
2024-10-30,Nordeste,Alimentos,Granola Cheia,E-commerce,3,55.68,167.04,113.34,53.7,3.8
2024-10-30,Sudeste,Vestuário,Camiseta Base,Loja física,5,178.94,894.7,459.18,435.52,4.4
2024-10-30,Nordeste,Vestuário,Calça Trilha,Loja física,2,55.65,111.3,45.22,66.08,4.9
2024-10-31,Sudeste,Vestuário,Tênis Passo,E-commerce,5,230.71,1153.55,427.21,726.34,4.6
2024-10-31,Sudeste,Casa e Decoração,Vaso Raiz,Loja física,8,567.7,4541.6,3034.28,1507.32,3.5
2024-10-31,Sudeste,Alimentos,Café Serra,Loja física,5,31.42,157.1,114.75,42.35,4.5
2024-10-31,Nordeste,Eletrônicos,Monitor Vista,Loja física,2,2339.24,4678.48,4239.66,438.82,3.2
2024-10-31,Sudeste,Alimentos,Azeite Oliva,E-commerce,2,54.98,109.96,84.22,25.74,3.9
2024-10-31,Nordeste,Esporte e Lazer,Prancha Maré,Loja física,2,149.18,298.36,154.41,143.95,3.4
2024-10-31,Nordeste,Alimentos,Azeite Oliva,E-commerce,4,33.76,135.04,96.77,38.27,3.7
2024-11-01,Sul,Alimentos,Azeite Oliva,E-commerce,6,34.19,205.14,179.81,25.33,3.5
2024-11-01,Norte,Casa e Decoração,Cadeira Foco,E-commerce,1,511.18,511.18,315.63,195.55,4.4
2024-11-01,Norte,Casa e Decoração,Luminária Sol,E-commerce,2,628.51,1257.02,786.18,470.84,5.0
2024-11-01,Sudeste,Alimentos,Café Serra,Loja física,3,50.41,151.23,115.86,35.37,3.8
2024-11-01,Norte,Eletrônicos,Monitor Vista,E-commerce,2,2005.31,4010.62,3185.65,824.97,3.7
2024-11-01,Sudeste,Alimentos,Café Serra,Loja física,2,16.8,33.6,23.21,10.39,3.5
2024-11-01,Nordeste,Alimentos,Chá Manhã,Marketplace,2,28.62,57.24,46.22,11.02,4.1
2024-11-02,Sudeste,Eletrônicos,Monitor Vista,Loja física,2,1365.78,2731.56,2251.08,480.48,3.6
2024-11-02,Sudeste,Vestuário,Camiseta Base,Loja física,6,230.11,1380.66,646.16,734.5,4.3
2024-11-02,Sudeste,Alimentos,Azeite Oliva,Loja física,3,29.91,89.73,69.18,20.55,4.1
2024-11-02,Nordeste,Esporte e Lazer,Barraca Cume,Marketplace,7,558.67,3910.69,2841.25,1069.44,3.1
2024-11-02,Sudeste,Vestuário,Calça Trilha,E-commerce,3,309.47,928.41,421.26,507.15,4.5
2024-11-02,Sul,Casa e Decoração,Tapete Onda,Loja física,1,401.05,401.05,218.88,182.17,3.4
2024-11-03,Sudeste,Esporte e Lazer,Halteres Par,E-commerce,6,587.6,3525.6,2432.28,1093.32,4.1
2024-11-03,Sul,Eletrônicos,Notebook Aura,Loja física,4,2362.65,9450.6,8125.05,1325.55,4.3
2024-11-03,Sudeste,Vestuário,Tênis Passo,E-commerce,4,128.36,513.44,227.12,286.32,4.3
2024-11-03,Sudeste,Eletrônicos,Monitor Vista,Loja física,3,1989.29,5967.87,4717.9,1249.97,2.5
2024-11-04,Norte,Alimentos,Azeite Oliva,E-commerce,2,71.22,142.44,96.13,46.31,4.2
2024-11-04,Centro-Oeste,Vestuário,Jaqueta Norte,E-commerce,4,106.4,425.6,175.68,249.92,3.2
2024-11-05,Sudeste,Casa e Decoração,Tapete Onda,Marketplace,7,212.91,1490.37,973.06,517.31,4.0
2024-11-05,Nordeste,Esporte e Lazer,Barraca Cume,E-commerce,3,336.25,1008.75,681.92,326.83,4.5
2024-11-05,Nordeste,Eletrônicos,Fone Pulse,Loja física,4,1409.85,5639.4,5006.48,632.92,4.0
2024-11-05,Sudeste,Esporte e Lazer,Bicicleta Rota,Marketplace,3,433.46,1300.38,871.91,428.47,3.1
2024-11-05,Nordeste,Alimentos,Café Serra,E-commerce,3,44.95,134.85,96.72,38.13,4.1
2024-11-05,Sudeste,Esporte e Lazer,Barraca Cume,E-commerce,1,579.76,579.76,319.49,260.27,4.6
2024-11-05,Sul,Esporte e Lazer,Bicicleta Rota,Marketplace,3,515.15,1545.45,1135.35,410.1,4.1
2024-11-05,Sudeste,Vestuário,Calça Trilha,E-commerce,2,99.32,198.64,71.36,127.28,2.9
2024-11-05,Centro-Oeste,Alimentos,Café Serra,E-commerce,2,35.02,70.04,43.45,26.59,3.8
2024-11-06,Nordeste,Alimentos,Café Serra,Loja física,1,32.8,32.8,26.03,6.77,4.5
2024-11-06,Sudeste,Eletrônicos,Tablet Nimbus,E-commerce,5,2112.51,10562.55,8600.2,1962.35,4.1
2024-11-06,Norte,Vestuário,Tênis Passo,E-commerce,3,192.97,578.91,267.87,311.04,3.8
2024-11-06,Sul,Vestuário,Jaqueta Norte,Loja física,3,142.86,428.58,161.09,267.49,4.6
2024-11-06,Sudeste,Alimentos,Chá Manhã,Loja física,1,18.36,18.36,14.46,3.9,4.4
2024-11-06,Nordeste,Alimentos,Café Serra,E-commerce,3,69.08,207.24,137.4,69.84,4.5
2024-11-07,Nordeste,Alimentos,Azeite Oliva,E-commerce,2,85.12,170.24,128.36,41.88,2.9
2024-11-07,Sul,Eletrônicos,Monitor Vista,Loja física,4,1634.77,6539.08,5448.88,1090.2,4.2
2024-11-08,Sudeste,Casa e Decoração,Vaso Raiz,Loja física,2,349.21,698.42,425.86,272.56,4.2
2024-11-08,Sudeste,Casa e Decoração,Cadeira Foco,Loja física,1,268.19,268.19,151.71,116.48,4.6
2024-11-08,Sul,Vestuário,Calça Trilha,E-commerce,3,151.72,455.16,222.21,232.95,4.3
2024-11-08,Centro-Oeste,Eletrônicos,Notebook Aura,E-commerce,2,1915.17,3830.34,3199.34,631.0,4.0
2024-11-09,Nordeste,Vestuário,Calça Trilha,Loja física,2,350.21,700.42,385.6,314.82,4.9
2024-11-09,Nordeste,Vestuário,Camiseta Base,Loja física,4,139.81,559.24,275.92,283.32,3.1
2024-11-10,Sudeste,Esporte e Lazer,Halteres Par,Loja física,6,586.07,3516.42,2113.05,1403.37,4.5
2024-11-10,Sudeste,Esporte e Lazer,Prancha Maré,Loja física,4,601.45,2405.8,1460.72,945.08,4.3
2024-11-10,Norte,Vestuário,Jaqueta Norte,E-commerce,2,163.98,327.96,180.42,147.54,4.3
2024-11-11,Centro-Oeste,Eletrônicos,Monitor Vista,Loja física,3,2726.51,8179.53,6509.43,1670.1,3.9
2024-11-11,Centro-Oeste,Eletrônicos,Monitor Vista,Loja física,4,686.83,2747.32,2262.79,484.53,3.8
2024-11-11,Centro-Oeste,Vestuário,Camiseta Base,E-commerce,2,146.74,293.48,114.64,178.84,3.9
2024-11-11,Sul,Casa e Decoração,Cadeira Foco,E-commerce,2,337.27,674.54,365.36,309.18,3.5
2024-11-11,Sudeste,Vestuário,Jaqueta Norte,E-commerce,5,95.87,479.35,246.78,232.57,4.2
2024-11-11,Nordeste,Alimentos,Café Serra,E-commerce,3,43.18,129.54,107.55,21.99,4.1
2024-11-11,Nordeste,Casa e Decoração,Tapete Onda,E-commerce,1,360.92,360.92,206.85,154.07,4.8
2024-11-11,Sul,Vestuário,Camiseta Base,E-commerce,4,265.97,1063.88,431.94,631.94,3.7
2024-11-11,Sul,Esporte e Lazer,Bicicleta Rota,E-commerce,3,143.5,430.5,245.8,184.7,4.8
2024-11-11,Sudeste,Casa e Decoração,Cadeira Foco,Loja física,3,428.4,1285.2,716.65,568.55,3.9
2024-11-12,Norte,Alimentos,Granola Cheia,E-commerce,3,36.97,110.91,83.49,27.42,4.1
2024-11-12,Centro-Oeste,Vestuário,Calça Trilha,E-commerce,2,129.56,259.12,112.83,146.29,3.9
2024-11-12,Centro-Oeste,Eletrônicos,Notebook Aura,Loja física,2,2552.95,5105.9,4106.09,999.81,4.4
2024-11-12,Centro-Oeste,Vestuário,Calça Trilha,Marketplace,3,132.04,396.12,221.84,174.28,4.9
2024-11-12,Centro-Oeste,Casa e Decoração,Vaso Raiz,E-commerce,3,397.32,1191.96,623.96,568.0,3.6
2024-11-12,Centro-Oeste,Vestuário,Jaqueta Norte,Loja física,1,140.6,140.6,73.33,67.27,4.1
2024-11-13,Sudeste,Vestuário,Tênis Passo,Loja física,6,140.85,845.1,403.41,441.69,4.6
2024-11-13,Norte,Eletrônicos,Fone Pulse,E-commerce,2,1694.54,3389.08,2659.18,729.9,3.5
2024-11-13,Centro-Oeste,Eletrônicos,Tablet Nimbus,E-commerce,5,2796.22,13981.1,11464.35,2516.75,4.1
2024-11-13,Centro-Oeste,Vestuário,Calça Trilha,E-commerce,3,183.48,550.44,271.4,279.04,3.5
2024-11-13,Sudeste,Esporte e Lazer,Halteres Par,E-commerce,4,424.55,1698.2,1066.99,631.21,4.0
2024-11-13,Sul,Vestuário,Tênis Passo,E-commerce,3,219.67,659.01,365.98,293.03,3.3
2024-11-13,Sul,Vestuário,Camiseta Base,Loja física,5,121.64,608.2,254.45,353.75,4.7
2024-11-13,Sudeste,Eletrônicos,Notebook Aura,Marketplace,4,2282.62,9130.48,8296.33,834.15,3.7
2024-11-13,Norte,Vestuário,Jaqueta Norte,Loja física,1,89.99,89.99,42.16,47.83,4.7
2024-11-13,Centro-Oeste,Esporte e Lazer,Prancha Maré,Loja física,4,404.34,1617.36,951.9,665.46,3.6
2024-11-14,Sul,Casa e Decoração,Luminária Sol,E-commerce,2,320.29,640.58,403.34,237.24,4.0
2024-11-14,Sul,Casa e Decoração,Luminária Sol,Loja física,2,298.96,597.92,372.73,225.19,3.8
2024-11-14,Centro-Oeste,Casa e Decoração,Luminária Sol,E-commerce,6,206.93,1241.58,764.63,476.95,3.7
2024-11-14,Norte,Vestuário,Tênis Passo,Marketplace,2,64.28,128.56,73.36,55.2,4.2
2024-11-14,Norte,Vestuário,Jaqueta Norte,E-commerce,2,166.36,332.72,175.22,157.5,3.5
2024-11-14,Sul,Vestuário,Jaqueta Norte,Marketplace,6,188.0,1128.0,624.16,503.84,5.0
2024-11-15,Norte,Eletrônicos,Fone Pulse,Marketplace,3,1418.61,4255.83,3193.33,1062.5,3.6
2024-11-15,Sudeste,Casa e Decoração,Tapete Onda,Loja física,1,350.29,350.29,172.7,177.59,4.1
2024-11-15,Nordeste,Alimentos,Chá Manhã,Loja física,1,46.87,46.87,36.92,9.95,3.4
2024-11-15,Centro-Oeste,Alimentos,Granola Cheia,Loja física,1,51.06,51.06,37.42,13.64,4.3
2024-11-16,Sul,Casa e Decoração,Vaso Raiz,E-commerce,5,377.67,1888.35,995.57,892.78,4.9
2024-11-16,Nordeste,Vestuário,Jaqueta Norte,E-commerce,2,63.16,126.32,52.62,73.7,4.2
2024-11-16,Centro-Oeste,Vestuário,Camiseta Base,Marketplace,4,190.47,761.88,444.26,317.62,4.5
2024-11-16,Sul,Casa e Decoração,Luminária Sol,Marketplace,5,446.42,2232.1,1343.51,888.59,4.7
2024-11-16,Sudeste,Casa e Decoração,Vaso Raiz,Loja física,7,367.26,2570.82,1526.48,1044.34,3.9
2024-11-16,Centro-Oeste,Alimentos,Granola Cheia,E-commerce,3,56.55,169.65,118.32,51.33,3.4
2024-11-16,Nordeste,Alimentos,Azeite Oliva,E-commerce,6,71.74,430.44,312.44,118.0,4.7
2024-11-16,Sudeste,Casa e Decoração,Cadeira Foco,Loja física,2,358.84,717.68,386.8,330.88,3.8
2024-11-17,Sudeste,Eletrônicos,Notebook Aura,E-commerce,4,1707.03,6828.12,5508.24,1319.88,4.4
2024-11-17,Centro-Oeste,Vestuário,Calça Trilha,E-commerce,2,163.36,326.72,121.41,205.31,4.6
2024-11-17,Sudeste,Eletrônicos,Fone Pulse,E-commerce,2,1239.01,2478.02,2041.44,436.58,4.1
2024-11-17,Nordeste,Vestuário,Camiseta Base,Loja física,2,273.94,547.88,206.91,340.97,3.9
2024-11-17,Nordeste,Casa e Decoração,Vaso Raiz,Marketplace,4,112.0,448.0,315.02,132.98,4.8
2024-11-17,Sul,Casa e Decoração,Tapete Onda,E-commerce,1,498.57,498.57,326.5,172.07,3.8
2024-11-17,Sudeste,Esporte e Lazer,Prancha Maré,Loja física,2,473.77,947.54,500.88,446.66,4.4
2024-11-17,Centro-Oeste,Eletrônicos,Tablet Nimbus,Loja física,5,935.46,4677.3,3680.95,996.35,4.1
2024-11-17,Sudeste,Esporte e Lazer,Bicicleta Rota,Loja física,10,715.46,7154.6,4321.69,2832.91,3.2
2024-11-18,Norte,Esporte e Lazer,Halteres Par,E-commerce,2,490.18,980.36,610.84,369.52,3.9
2024-11-18,Sudeste,Alimentos,Café Serra,E-commerce,4,40.4,161.6,125.65,35.95,3.7
2024-11-18,Sudeste,Vestuário,Tênis Passo,Loja física,3,187.26,561.78,279.78,282.0,4.1
2024-11-18,Sudeste,Alimentos,Azeite Oliva,Marketplace,2,16.8,33.6,29.31,4.29,3.7
2024-11-19,Nordeste,Eletrônicos,Fone Pulse,Loja física,2,2672.35,5344.7,4422.79,921.91,4.5
2024-11-19,Norte,Esporte e Lazer,Bicicleta Rota,E-commerce,3,348.61,1045.83,760.35,285.48,3.4
2024-11-19,Sudeste,Eletrônicos,Monitor Vista,E-commerce,3,647.5,1942.5,1428.34,514.16,3.1
2024-11-19,Nordeste,Esporte e Lazer,Halteres Par,E-commerce,2,628.85,1257.7,818.74,438.96,3.6
2024-11-19,Sudeste,Alimentos,Chá Manhã,E-commerce,5,56.97,284.85,193.15,91.7,4.3
2024-11-19,Nordeste,Casa e Decoração,Vaso Raiz,Marketplace,3,112.0,336.0,240.33,95.67,4.3
2024-11-20,Sul,Alimentos,Café Serra,E-commerce,2,33.11,66.22,49.89,16.33,3.5
2024-11-20,Centro-Oeste,Vestuário,Tênis Passo,E-commerce,1,177.85,177.85,83.99,93.86,4.4
2024-11-20,Sul,Eletrônicos,Notebook Aura,Loja física,8,2065.31,16522.48,12745.18,3777.3,4.3
2024-11-20,Sudeste,Esporte e Lazer,Bicicleta Rota,Loja física,3,361.29,1083.87,637.62,446.25,4.1
2024-11-20,Sul,Esporte e Lazer,Halteres Par,E-commerce,4,318.54,1274.16,770.27,503.89,3.4
2024-11-21,Centro-Oeste,Alimentos,Granola Cheia,E-commerce,2,52.61,105.22,79.86,25.36,3.8
2024-11-21,Sul,Esporte e Lazer,Barraca Cume,E-commerce,4,528.25,2113.0,1448.85,664.15,4.3
2024-11-21,Centro-Oeste,Casa e Decoração,Luminária Sol,Loja física,2,112.0,224.0,139.16,84.84,4.1
2024-11-21,Norte,Alimentos,Chá Manhã,E-commerce,1,42.14,42.14,29.76,12.38,3.1
2024-11-21,Norte,Esporte e Lazer,Bicicleta Rota,E-commerce,2,463.21,926.42,590.5,335.92,3.8
2024-11-22,Sudeste,Vestuário,Tênis Passo,E-commerce,4,185.84,743.36,355.84,387.52,3.5
2024-11-22,Sul,Alimentos,Chá Manhã,E-commerce,5,51.04,255.2,168.53,86.67,5.0
2024-11-22,Nordeste,Alimentos,Chá Manhã,E-commerce,3,40.71,122.13,84.83,37.3,3.4
2024-11-22,Centro-Oeste,Casa e Decoração,Cadeira Foco,E-commerce,3,490.38,1471.14,928.0,543.14,4.0
2024-11-22,Norte,Alimentos,Café Serra,Marketplace,1,72.2,72.2,53.3,18.9,4.3
2024-11-22,Nordeste,Vestuário,Jaqueta Norte,E-commerce,4,138.86,555.44,268.8,286.64,4.1
2024-11-22,Centro-Oeste,Alimentos,Chá Manhã,Loja física,2,46.5,93.0,65.69,27.31,3.4
2024-11-22,Norte,Casa e Decoração,Luminária Sol,Loja física,3,412.62,1237.86,788.45,449.41,4.4
2024-11-22,Sudeste,Vestuário,Tênis Passo,Loja física,2,229.54,459.08,230.74,228.34,3.3
2024-11-23,Sudeste,Vestuário,Camiseta Base,Loja física,6,55.65,333.9,177.35,156.55,3.4
2024-11-23,Norte,Alimentos,Café Serra,Loja física,3,52.93,158.79,117.07,41.72,3.7
2024-11-23,Nordeste,Vestuário,Camiseta Base,E-commerce,7,97.2,680.4,310.57,369.83,3.4
2024-11-23,Sul,Esporte e Lazer,Barraca Cume,Loja física,7,287.67,2013.69,1164.12,849.57,4.9
2024-11-23,Norte,Eletrônicos,Tablet Nimbus,E-commerce,4,1347.82,5391.28,4657.76,733.52,3.8
2024-11-24,Nordeste,Casa e Decoração,Luminária Sol,Loja física,6,295.69,1774.14,994.11,780.03,4.0
2024-11-24,Sul,Eletrônicos,Fone Pulse,E-commerce,3,1456.22,4368.66,3970.57,398.09,3.6
2024-11-24,Sudeste,Eletrônicos,Monitor Vista,Loja física,2,2050.24,4100.48,3176.36,924.12,4.8
2024-11-24,Sudeste,Eletrônicos,Notebook Aura,Loja física,3,2595.73,7787.19,5270.61,2516.58,4.0
2024-11-24,Nordeste,Esporte e Lazer,Barraca Cume,Loja física,1,303.69,303.69,184.36,119.33,4.1
2024-11-24,Nordeste,Esporte e Lazer,Bicicleta Rota,E-commerce,1,391.36,391.36,233.82,157.54,4.2
2024-11-24,Sul,Casa e Decoração,Cadeira Foco,Loja física,2,338.67,677.34,429.57,247.77,5.0
2024-11-24,Sul,Eletrônicos,Fone Pulse,Loja física,5,1538.67,7693.35,5743.21,1950.14,3.5
2024-11-24,Sul,Esporte e Lazer,Prancha Maré,E-commerce,4,300.93,1203.72,781.02,422.7,4.8
2024-11-24,Centro-Oeste,Alimentos,Granola Cheia,E-commerce,2,54.03,108.06,73.68,34.38,3.6
2024-11-24,Sudeste,Casa e Decoração,Vaso Raiz,E-commerce,4,176.31,705.24,394.68,310.56,3.6
2024-11-24,Sudeste,Esporte e Lazer,Bicicleta Rota,E-commerce,4,294.89,1179.56,705.87,473.69,3.9
2024-11-25,Sul,Esporte e Lazer,Barraca Cume,Loja física,1,528.29,528.29,294.04,234.25,3.3
2024-11-25,Nordeste,Alimentos,Chá Manhã,Loja física,4,35.68,142.72,107.32,35.4,3.4
2024-11-25,Sul,Vestuário,Jaqueta Norte,E-commerce,3,154.94,464.82,219.1,245.72,3.9
2024-11-25,Norte,Eletrônicos,Fone Pulse,E-commerce,2,2651.15,5302.3,4434.3,868.0,3.4
2024-11-25,Nordeste,Alimentos,Café Serra,Loja física,3,24.76,74.28,57.66,16.62,3.4
2024-11-25,Sudeste,Alimentos,Granola Cheia,Loja física,4,20.73,82.92,60.19,22.73,2.5
2024-11-25,Sudeste,Vestuário,Camiseta Base,E-commerce,5,176.74,883.7,399.37,484.33,4.4
2024-11-25,Nordeste,Casa e Decoração,Vaso Raiz,Loja física,5,304.3,1521.5,823.95,697.55,4.1
2024-11-26,Centro-Oeste,Casa e Decoração,Vaso Raiz,Loja física,3,311.34,934.02,502.74,431.28,3.8
2024-11-26,Sul,Alimentos,Azeite Oliva,Marketplace,4,65.42,261.68,206.24,55.44,2.8
2024-11-26,Nordeste,Esporte e Lazer,Bicicleta Rota,E-commerce,5,529.22,2646.1,1839.02,807.08,3.9
2024-11-26,Sul,Vestuário,Calça Trilha,Marketplace,1,158.27,158.27,84.44,73.83,3.6
2024-11-26,Nordeste,Alimentos,Granola Cheia,Marketplace,2,24.32,48.64,40.04,8.6,2.8
2024-11-26,Sudeste,Esporte e Lazer,Bicicleta Rota,E-commerce,3,394.23,1182.69,703.0,479.69,3.7
2024-11-27,Sul,Alimentos,Azeite Oliva,E-commerce,4,21.91,87.64,68.78,18.86,2.9
2024-11-27,Sudeste,Esporte e Lazer,Halteres Par,E-commerce,4,433.37,1733.48,1250.79,482.69,3.5
2024-11-27,Centro-Oeste,Vestuário,Camiseta Base,E-commerce,1,110.94,110.94,49.15,61.79,3.7
2024-11-27,Sudeste,Esporte e Lazer,Prancha Maré,Loja física,1,330.08,330.08,207.77,122.31,3.5
2024-11-27,Sudeste,Esporte e Lazer,Prancha Maré,Loja física,5,324.29,1621.45,983.87,637.58,4.0
2024-11-28,Centro-Oeste,Casa e Decoração,Vaso Raiz,Loja física,1,198.55,198.55,91.12,107.43,3.2
2024-11-28,Sul,Alimentos,Granola Cheia,E-commerce,4,43.42,173.68,125.33,48.35,4.4
2024-11-28,Sul,Vestuário,Jaqueta Norte,Loja física,2,116.75,233.5,120.17,113.33,4.8
2024-11-28,Nordeste,Alimentos,Azeite Oliva,Loja física,4,35.36,141.44,103.71,37.73,4.6
2024-11-28,Sul,Casa e Decoração,Tapete Onda,Loja física,3,336.26,1008.78,640.24,368.54,3.6
2024-11-28,Sul,Alimentos,Azeite Oliva,E-commerce,3,39.98,119.94,81.26,38.68,4.6
2024-11-28,Sudeste,Casa e Decoração,Cadeira Foco,E-commerce,5,320.58,1602.9,941.86,661.04,4.2
2024-11-28,Sudeste,Alimentos,Granola Cheia,E-commerce,3,27.92,83.76,57.57,26.19,3.4
2024-11-28,Norte,Eletrônicos,Tablet Nimbus,E-commerce,1,1452.36,1452.36,1202.08,250.28,3.3
2024-11-28,Sul,Alimentos,Granola Cheia,E-commerce,4,84.73,338.92,231.45,107.47,3.8
2024-11-29,Sudeste,Alimentos,Café Serra,Marketplace,4,46.39,185.56,150.84,34.72,3.6
2024-11-29,Nordeste,Vestuário,Calça Trilha,Marketplace,6,153.52,921.12,496.41,424.71,3.9
2024-11-29,Sudeste,Eletrônicos,Tablet Nimbus,E-commerce,4,1967.05,7868.2,6310.49,1557.71,4.5
2024-11-29,Sul,Eletrônicos,Notebook Aura,Loja física,2,2113.94,4227.88,3245.14,982.74,3.7
2024-11-29,Sudeste,Esporte e Lazer,Barraca Cume,Loja física,4,461.32,1845.28,1112.74,732.54,4.0
2024-11-29,Sul,Esporte e Lazer,Halteres Par,E-commerce,3,143.5,430.5,270.69,159.81,4.1
2024-11-29,Sudeste,Esporte e Lazer,Prancha Maré,E-commerce,5,305.39,1526.95,1085.94,441.01,3.9
2024-11-29,Sudeste,Vestuário,Tênis Passo,E-commerce,2,120.06,240.12,118.48,121.64,3.9
2024-11-30,Centro-Oeste,Alimentos,Chá Manhã,Loja física,5,43.92,219.6,158.19,61.41,3.8
2024-11-30,Sudeste,Casa e Decoração,Cadeira Foco,E-commerce,4,457.75,1831.0,999.78,831.22,3.3
2024-11-30,Sul,Alimentos,Granola Cheia,Marketplace,3,16.8,50.4,45.24,5.16,3.1
2024-12-01,Sul,Alimentos,Granola Cheia,Marketplace,3,24.14,72.42,62.83,9.59,5.0
2024-12-01,Sul,Eletrônicos,Monitor Vista,Loja física,5,1453.95,7269.75,6464.72,805.03,2.7
2024-12-01,Sul,Alimentos,Azeite Oliva,Loja física,5,17.53,87.65,62.46,25.19,4.0
2024-12-01,Norte,Casa e Decoração,Tapete Onda,E-commerce,1,262.47,262.47,149.43,113.04,4.2
2024-12-02,Sudeste,Eletrônicos,Fone Pulse,E-commerce,4,2277.58,9110.32,8539.61,570.71,4.4
2024-12-02,Sudeste,Vestuário,Jaqueta Norte,E-commerce,3,138.11,414.33,237.73,176.6,4.7
2024-12-02,Sudeste,Casa e Decoração,Cadeira Foco,E-commerce,8,294.44,2355.52,1373.97,981.55,
2024-12-02,Sudeste,Vestuário,Tênis Passo,E-commerce,2,101.14,202.28,101.22,101.06,4.7
2024-12-02,Centro-Oeste,Casa e Decoração,Luminária Sol,Loja física,3,436.96,1310.88,750.37,560.51,4.2
2024-12-02,Sul,Casa e Decoração,Luminária Sol,E-commerce,3,250.63,751.89,391.54,360.35,4.6
2024-12-02,Sul,Casa e Decoração,Tapete Onda,E-commerce,3,309.41,928.23,576.97,351.26,5.0
2024-12-03,Sudeste,Vestuário,Jaqueta Norte,Loja física,4,185.0,740.0,329.57,410.43,3.0
2024-12-03,Centro-Oeste,Eletrônicos,Tablet Nimbus,E-commerce,1,1488.79,1488.79,1270.6,218.19,3.8
2024-12-03,Sudeste,Esporte e Lazer,Prancha Maré,E-commerce,4,309.35,1237.4,837.2,400.2,4.0
2024-12-03,Sul,Eletrônicos,Monitor Vista,Loja física,5,2119.78,10598.9,9452.14,1146.76,3.5
2024-12-03,Sudeste,Vestuário,Tênis Passo,Marketplace,4,92.33,369.32,215.67,153.65,4.2
2024-12-03,Sudeste,Vestuário,Jaqueta Norte,E-commerce,7,225.55,1578.85,731.91,846.94,4.1
2024-12-03,Sul,Casa e Decoração,Cadeira Foco,E-commerce,5,514.41,2572.05,1534.52,1037.53,3.8
2024-12-04,Nordeste,Esporte e Lazer,Halteres Par,Loja física,2,399.31,798.62,482.94,315.68,
2024-12-04,Sudeste,Alimentos,Chá Manhã,Marketplace,1,41.77,41.77,36.36,5.41,2.9
2024-12-04,Nordeste,Vestuário,Tênis Passo,Marketplace,1,223.48,223.48,146.17,77.31,3.4
2024-12-04,Sul,Casa e Decoração,Vaso Raiz,Loja física,4,245.2,980.8,518.53,462.27,4.7
2024-12-04,Sudeste,Alimentos,Granola Cheia,Loja física,6,46.76,280.56,188.97,91.59,4.6
2024-12-05,Nordeste,Eletrônicos,Tablet Nimbus,Loja física,2,1713.1,3426.2,2634.22,791.98,3.5
2024-12-05,Nordeste,Alimentos,Chá Manhã,Loja física,2,53.78,107.56,81.5,26.06,3.2
2024-12-05,Sudeste,Eletrônicos,Fone Pulse,E-commerce,5,1215.02,6075.1,4351.63,1723.47,4.6
2024-12-05,Sul,Alimentos,Azeite Oliva,E-commerce,3,57.5,172.5,133.12,39.38,3.5
2024-12-05,Sudeste,Alimentos,Chá Manhã,E-commerce,5,64.09,320.45,229.92,90.53,3.6
2024-12-05,Sul,Vestuário,Tênis Passo,E-commerce,3,133.77,401.31,197.66,203.65,4.0
2024-12-05,Norte,Esporte e Lazer,Bicicleta Rota,E-commerce,4,664.07,2656.28,1745.11,911.17,3.6
2024-12-05,Sudeste,Alimentos,Chá Manhã,Loja física,5,66.45,332.25,259.32,72.93,4.4
2024-12-05,Sudeste,Casa e Decoração,Luminária Sol,Loja física,5,159.55,797.75,492.58,305.17,4.0
2024-12-06,Nordeste,Esporte e Lazer,Bicicleta Rota,E-commerce,2,750.86,1501.72,919.59,582.13,4.0
2024-12-06,Norte,Esporte e Lazer,Prancha Maré,E-commerce,2,531.41,1062.82,758.44,304.38,4.7
2024-12-07,Sudeste,Casa e Decoração,Luminária Sol,E-commerce,2,317.32,634.64,375.21,259.43,3.3
2024-12-07,Nordeste,Alimentos,Azeite Oliva,Loja física,1,53.15,53.15,39.73,13.42,3.4
2024-12-07,Norte,Eletrônicos,Fone Pulse,E-commerce,3,1876.06,5628.18,4202.97,1425.21,4.1
2024-12-07,Nordeste,Esporte e Lazer,Halteres Par,E-commerce,4,514.85,2059.4,1142.44,916.96,4.4
2024-12-07,Sudeste,Vestuário,Calça Trilha,Loja física,10,111.9,1119.0,516.04,602.96,4.2
2024-12-07,Sul,Vestuário,Tênis Passo,Loja física,2,234.09,468.18,196.3,271.88,4.1
2024-12-07,Norte,Alimentos,Café Serra,Loja física,1,24.15,24.15,18.05,6.1,3.9
2024-12-07,Sul,Esporte e Lazer,Bicicleta Rota,Loja física,2,440.76,881.52,506.02,375.5,3.2
2024-12-08,Nordeste,Casa e Decoração,Luminária Sol,E-commerce,5,438.56,2192.8,1162.25,1030.55,3.3
2024-12-08,Nordeste,Alimentos,Granola Cheia,E-commerce,3,22.04,66.12,45.98,20.14,3.3
2024-12-08,Sudeste,Vestuário,Calça Trilha,E-commerce,6,143.63,861.78,381.24,480.54,5.0
2024-12-08,Norte,Esporte e Lazer,Prancha Maré,Loja física,3,194.04,582.12,378.98,203.14,3.7
2024-12-08,Norte,Casa e Decoração,Tapete Onda,E-commerce,3,325.14,975.42,521.96,453.46,4.9
2024-12-08,Norte,Vestuário,Jaqueta Norte,Marketplace,1,64.82,64.82,34.63,30.19,3.6
2024-12-08,Sudeste,Casa e Decoração,Luminária Sol,Marketplace,5,221.09,1105.45,746.16,359.29,3.9
2024-12-08,Centro-Oeste,Casa e Decoração,Vaso Raiz,E-commerce,2,299.66,599.32,375.82,223.5,3.7
2024-12-09,Sudeste,Esporte e Lazer,Halteres Par,E-commerce,2,544.05,1088.1,578.87,509.23,4.3
2024-12-09,Sul,Alimentos,Azeite Oliva,E-commerce,5,50.91,254.55,186.35,68.2,3.2
2024-12-09,Sul,Esporte e Lazer,Prancha Maré,Loja física,3,346.07,1038.21,670.28,367.93,4.3
2024-12-09,Sul,Alimentos,Café Serra,Loja física,5,61.45,307.25,224.42,82.83,3.4
2024-12-09,Norte,Esporte e Lazer,Prancha Maré,E-commerce,3,594.28,1782.84,1148.01,634.83,4.3
2024-12-09,Sul,Alimentos,Azeite Oliva,E-commerce,6,48.19,289.14,217.91,71.23,3.7
2024-12-09,Sudeste,Alimentos,Granola Cheia,E-commerce,4,72.88,291.52,222.66,68.86,2.9
2024-12-10,Centro-Oeste,Casa e Decoração,Tapete Onda,E-commerce,1,202.59,202.59,132.3,70.29,3.2
2024-12-10,Nordeste,Esporte e Lazer,Bicicleta Rota,E-commerce,5,404.46,2022.3,1398.07,624.23,3.7
2024-12-10,Nordeste,Esporte e Lazer,Bicicleta Rota,Marketplace,3,625.25,1875.75,1336.2,539.55,3.9
2024-12-10,Nordeste,Esporte e Lazer,Halteres Par,E-commerce,1,271.68,271.68,164.26,107.42,4.2
2024-12-11,Sul,Alimentos,Café Serra,E-commerce,3,53.37,160.11,119.13,40.98,3.9
2024-12-11,Sul,Esporte e Lazer,Barraca Cume,E-commerce,3,399.19,1197.57,871.39,326.18,4.2
2024-12-11,Sudeste,Vestuário,Jaqueta Norte,E-commerce,4,81.61,326.44,126.82,199.62,3.9
2024-12-11,Sul,Eletrônicos,Fone Pulse,Loja física,2,1321.5,2643.0,2215.05,427.95,3.4
2024-12-11,Centro-Oeste,Esporte e Lazer,Bicicleta Rota,Loja física,3,655.6,1966.8,1282.67,684.13,4.3
2024-12-12,Norte,Alimentos,Chá Manhã,Loja física,3,53.01,159.03,107.96,51.07,4.8
2024-12-12,Sul,Casa e Decoração,Cadeira Foco,E-commerce,3,497.82,1493.46,891.65,601.81,
2024-12-12,Centro-Oeste,Alimentos,Granola Cheia,Loja física,1,40.5,40.5,28.65,11.85,4.0
2024-12-12,Sul,Eletrônicos,Monitor Vista,Marketplace,1,1465.22,1465.22,1375.3,89.92,3.4
2024-12-12,Sudeste,Casa e Decoração,Tapete Onda,Marketplace,5,118.0,590.0,399.86,190.14,3.9
2024-12-12,Centro-Oeste,Vestuário,Camiseta Base,Marketplace,1,212.24,212.24,110.7,101.54,3.3
2024-12-12,Sudeste,Vestuário,Tênis Passo,E-commerce,6,181.58,1089.48,569.9,519.58,4.0
2024-12-13,Sudeste,Vestuário,Jaqueta Norte,Loja física,3,136.59,409.77,216.66,193.11,3.5
2024-12-13,Sudeste,Esporte e Lazer,Barraca Cume,E-commerce,4,319.88,1279.52,812.36,467.16,3.2
2024-12-13,Sul,Vestuário,Tênis Passo,Marketplace,1,149.84,149.84,86.05,63.79,4.0
2024-12-13,Sudeste,Casa e Decoração,Cadeira Foco,Loja física,2,224.88,449.76,319.7,130.06,3.8
2024-12-13,Sul,Eletrônicos,Monitor Vista,Loja física,3,2390.9,7172.7,5427.76,1744.94,3.4
2024-12-13,Sudeste,Esporte e Lazer,Prancha Maré,Marketplace,3,348.87,1046.61,725.94,320.67,4.5
2024-12-13,Sul,Vestuário,Camiseta Base,Loja física,4,149.25,597.0,303.17,293.83,3.7
2024-12-14,Centro-Oeste,Vestuário,Camiseta Base,Loja física,1,189.26,189.26,100.8,88.46,4.9
2024-12-14,Sudeste,Vestuário,Calça Trilha,Loja física,5,81.1,405.5,184.07,221.43,3.6
2024-12-14,Norte,Eletrônicos,Fone Pulse,Loja física,1,1888.75,1888.75,1495.1,393.65,3.3
2024-12-14,Sudeste,Alimentos,Granola Cheia,E-commerce,1,65.2,65.2,51.13,14.07,3.9
2024-12-14,Sul,Casa e Decoração,Cadeira Foco,E-commerce,3,309.83,929.49,523.25,406.24,3.8
2024-12-14,Sul,Casa e Decoração,Tapete Onda,E-commerce,3,446.51,1339.53,752.96,586.57,4.1
2024-12-14,Centro-Oeste,Vestuário,Tênis Passo,Loja física,1,232.73,232.73,116.11,116.62,4.6
2024-12-15,Nordeste,Casa e Decoração,Cadeira Foco,Loja física,4,259.63,1038.52,588.48,450.04,3.2
2024-12-15,Sudeste,Esporte e Lazer,Halteres Par,Marketplace,5,325.5,1627.5,1068.83,558.67,4.2
2024-12-15,Sudeste,Eletrônicos,Fone Pulse,Loja física,1,3070.91,3070.91,2636.42,434.49,4.3
2024-12-15,Sul,Vestuário,Calça Trilha,E-commerce,3,133.16,399.48,203.58,195.9,5.0
2024-12-15,Sul,Esporte e Lazer,Bicicleta Rota,Loja física,2,404.68,809.36,495.12,314.24,3.6
2024-12-15,Norte,Eletrônicos,Fone Pulse,Loja física,1,1592.12,1592.12,1308.53,283.59,4.1
2024-12-15,Nordeste,Alimentos,Azeite Oliva,Loja física,1,64.26,64.26,51.71,12.55,2.9
2024-12-15,Sul,Casa e Decoração,Luminária Sol,Loja física,1,361.49,361.49,214.34,147.15,3.8
2024-12-16,Nordeste,Alimentos,Chá Manhã,E-commerce,1,48.95,48.95,38.08,10.87,4.2
2024-12-16,Nordeste,Casa e Decoração,Cadeira Foco,Loja física,3,524.21,1572.63,1027.46,545.17,3.5
2024-12-16,Nordeste,Alimentos,Granola Cheia,Loja física,1,41.19,41.19,31.46,9.73,3.8
2024-12-16,Sul,Casa e Decoração,Vaso Raiz,Marketplace,3,448.24,1344.72,729.97,614.75,3.7
2024-12-16,Sudeste,Casa e Decoração,Cadeira Foco,Marketplace,7,287.47,2012.29,1398.34,613.95,3.5
2024-12-16,Sudeste,Esporte e Lazer,Prancha Maré,E-commerce,3,279.59,838.77,516.23,322.54,3.7
2024-12-17,Nordeste,Esporte e Lazer,Prancha Maré,E-commerce,4,143.5,574.0,350.7,223.3,3.7
2024-12-17,Sul,Vestuário,Jaqueta Norte,E-commerce,2,220.41,440.82,204.81,236.01,4.6
2024-12-17,Nordeste,Alimentos,Chá Manhã,E-commerce,4,72.0,288.0,222.29,65.71,4.5
2024-12-17,Norte,Vestuário,Calça Trilha,Loja física,3,93.7,281.1,108.84,172.26,4.5
2024-12-17,Sudeste,Esporte e Lazer,Prancha Maré,E-commerce,6,586.22,3517.32,2200.94,1316.38,4.2
2024-12-18,Norte,Alimentos,Café Serra,E-commerce,2,64.77,129.54,101.59,27.95,4.2
2024-12-18,Sul,Esporte e Lazer,Bicicleta Rota,Marketplace,2,595.66,1191.32,811.05,380.27,3.6
2024-12-18,Norte,Eletrônicos,Notebook Aura,E-commerce,3,1969.61,5908.83,4901.54,1007.29,3.8
2024-12-18,Sudeste,Casa e Decoração,Tapete Onda,E-commerce,2,285.44,570.88,362.36,208.52,4.2
2024-12-18,Centro-Oeste,Vestuário,Camiseta Base,Loja física,1,193.76,193.76,104.84,88.92,2.6
2024-12-18,Nordeste,Esporte e Lazer,Bicicleta Rota,E-commerce,2,209.41,418.82,273.4,145.42,3.6
2024-12-18,Sudeste,Esporte e Lazer,Prancha Maré,Marketplace,3,610.44,1831.32,1432.64,398.68,4.2
2024-12-19,Nordeste,Esporte e Lazer,Bicicleta Rota,Loja física,5,366.35,1831.75,1207.53,624.22,4.2
2024-12-21,Sul,Eletrônicos,Tablet Nimbus,Loja física,3,1836.13,5508.39,4285.47,1222.92,4.6
2024-12-21,Norte,Alimentos,Azeite Oliva,Loja física,5,28.0,140.0,100.16,39.84,4.2
2024-12-21,Norte,Alimentos,Azeite Oliva,E-commerce,1,42.6,42.6,30.15,12.45,4.6
2024-12-22,Nordeste,Eletrônicos,Fone Pulse,Loja física,2,2775.0,5550.0,4302.15,1247.85,4.5
2024-12-22,Sudeste,Alimentos,Azeite Oliva,E-commerce,10,61.6,616.0,394.45,221.55,3.2
2024-12-23,Sudeste,Alimentos,Chá Manhã,E-commerce,4,29.2,116.8,91.39,25.41,4.1
2024-12-23,Nordeste,Esporte e Lazer,Barraca Cume,E-commerce,2,654.72,1309.44,769.56,539.88,3.6
2024-12-23,Sul,Eletrônicos,Tablet Nimbus,Loja física,3,2036.72,6110.16,4888.7,1221.46,3.1
2024-12-23,Sudeste,Esporte e Lazer,Barraca Cume,E-commerce,6,534.56,3207.36,1850.12,1357.24,3.8
2024-12-24,Sudeste,Esporte e Lazer,Halteres Par,E-commerce,3,143.5,430.5,283.47,147.03,4.2
2024-12-24,Nordeste,Vestuário,Tênis Passo,E-commerce,5,214.88,1074.4,519.73,554.67,3.7
2024-12-24,Nordeste,Alimentos,Chá Manhã,E-commerce,5,67.93,339.65,268.4,71.25,2.9
2024-12-24,Sudeste,Casa e Decoração,Tapete Onda,E-commerce,5,378.86,1894.3,1107.14,787.16,4.9
2024-12-24,Nordeste,Vestuário,Tênis Passo,E-commerce,3,182.09,546.27,230.09,316.18,3.9
2024-12-24,Sudeste,Vestuário,Calça Trilha,Loja física,3,55.65,166.95,90.92,76.03,3.1
2024-12-25,Norte,Esporte e Lazer,Prancha Maré,Loja física,3,424.93,1274.79,800.16,474.63,2.8
2024-12-25,Nordeste,Alimentos,Azeite Oliva,E-commerce,2,63.04,126.08,97.96,28.12,3.0
2024-12-25,Sul,Eletrônicos,Monitor Vista,Marketplace,1,1926.03,1926.03,1848.11,77.92,3.6
2024-12-25,Nordeste,Casa e Decoração,Tapete Onda,E-commerce,3,445.25,1335.75,831.86,503.89,4.4
2024-12-25,Nordeste,Esporte e Lazer,Prancha Maré,E-commerce,4,412.42,1649.68,1180.29,469.39,3.6
2024-12-25,Nordeste,Eletrônicos,Tablet Nimbus,E-commerce,2,1984.84,3969.68,3312.33,657.35,4.0
2024-12-26,Nordeste,Esporte e Lazer,Bicicleta Rota,E-commerce,5,325.4,1627.0,958.92,668.08,4.3
2024-12-26,Sul,Eletrônicos,Fone Pulse,Marketplace,2,1217.91,2435.82,1998.18,437.64,3.4
2024-12-26,Nordeste,Eletrônicos,Notebook Aura,E-commerce,2,2044.28,4088.56,3364.56,724.0,4.2
2024-12-26,Nordeste,Eletrônicos,Notebook Aura,E-commerce,3,2751.75,8255.25,6587.26,1667.99,3.3
2024-12-26,Sudeste,Casa e Decoração,Luminária Sol,E-commerce,5,392.03,1960.15,1140.13,820.02,3.9
2024-12-27,Sudeste,Vestuário,Calça Trilha,E-commerce,3,182.13,546.39,209.77,336.62,4.8
2024-12-27,Sudeste,Casa e Decoração,Tapete Onda,E-commerce,8,169.51,1356.08,804.84,551.24,4.5
2024-12-27,Norte,Alimentos,Café Serra,Marketplace,1,68.08,68.08,61.04,7.04,3.6
2024-12-27,Nordeste,Esporte e Lazer,Bicicleta Rota,E-commerce,1,436.34,436.34,272.72,163.62,4.2
2024-12-27,Sul,Eletrônicos,Tablet Nimbus,E-commerce,1,2454.68,2454.68,1968.08,486.6,3.1
2024-12-27,Sudeste,Vestuário,Camiseta Base,E-commerce,2,119.28,238.56,108.12,130.44,4.2
2024-12-27,Sudeste,Eletrônicos,Tablet Nimbus,E-commerce,3,2137.04,6411.12,5020.77,1390.35,3.4
2024-12-27,Sudeste,Alimentos,Chá Manhã,E-commerce,3,88.32,264.96,198.99,65.97,4.4
2024-12-28,Norte,Alimentos,Granola Cheia,Loja física,1,39.98,39.98,28.19,11.79,3.5
2024-12-28,Norte,Eletrônicos,Tablet Nimbus,Marketplace,2,1491.98,2983.96,2584.82,399.14,3.2
2024-12-28,Sudeste,Esporte e Lazer,Prancha Maré,E-commerce,6,362.42,2174.52,1353.15,821.37,3.1
2024-12-28,Nordeste,Esporte e Lazer,Bicicleta Rota,Marketplace,2,617.42,1234.84,1005.06,229.78,4.4
2024-12-28,Sudeste,Alimentos,Chá Manhã,E-commerce,3,56.38,169.14,114.28,54.86,3.7
2024-12-29,Sudeste,Casa e Decoração,Vaso Raiz,Loja física,6,387.25,2323.5,1357.87,965.63,3.8
2024-12-29,Sul,Vestuário,Tênis Passo,E-commerce,4,55.65,222.6,90.24,132.36,4.4
2024-12-29,Sudeste,Esporte e Lazer,Prancha Maré,E-commerce,4,374.54,1498.16,1095.5,402.66,4.3
2024-12-29,Nordeste,Alimentos,Azeite Oliva,Loja física,4,62.49,249.96,191.73,58.23,3.3
2024-12-29,Nordeste,Vestuário,Jaqueta Norte,Loja física,1,129.83,129.83,64.33,65.5,4.8
2024-12-29,Sudeste,Casa e Decoração,Tapete Onda,E-commerce,4,213.31,853.24,493.6,359.64,3.0
2024-12-29,Nordeste,Esporte e Lazer,Bicicleta Rota,E-commerce,1,621.43,621.43,354.59,266.84,4.0
2024-12-30,Sudeste,Alimentos,Chá Manhã,E-commerce,4,70.76,283.04,206.01,77.03,4.1
2024-12-30,Centro-Oeste,Eletrônicos,Notebook Aura,E-commerce,2,1440.87,2881.74,2487.61,394.13,3.5
2024-12-30,Sudeste,Esporte e Lazer,Bicicleta Rota,Marketplace,3,355.91,1067.73,708.0,359.73,4.6
2024-12-30,Sul,Casa e Decoração,Luminária Sol,E-commerce,1,504.72,504.72,359.84,144.88,4.3
2024-12-30,Nordeste,Casa e Decoração,Tapete Onda,E-commerce,1,493.63,493.63,278.71,214.92,4.3
2024-12-31,Sudeste,Eletrônicos,Fone Pulse,E-commerce,3,2086.53,6259.59,5528.25,731.34,3.0
2024-12-31,Nordeste,Casa e Decoração,Luminária Sol,Marketplace,2,407.41,814.82,572.92,241.9,3.1
2024-12-31,Nordeste,Eletrônicos,Monitor Vista,Loja física,5,2319.42,11597.1,9649.18,1947.92,4.3
2025-01-01,Sul,Esporte e Lazer,Bicicleta Rota,E-commerce,4,624.52,2498.08,1460.11,1037.97,2.8
2025-01-01,Sudeste,Alimentos,Chá Manhã,Marketplace,3,76.03,228.09,164.19,63.9,3.8
2025-01-01,Nordeste,Casa e Decoração,Cadeira Foco,E-commerce,2,332.92,665.84,452.09,213.75,3.9
2025-01-01,Norte,Esporte e Lazer,Prancha Maré,Marketplace,1,299.4,299.4,208.89,90.51,3.6
2025-01-01,Nordeste,Esporte e Lazer,Bicicleta Rota,E-commerce,3,371.73,1115.19,579.76,535.43,4.0
2025-01-02,Nordeste,Casa e Decoração,Cadeira Foco,Loja física,7,131.87,923.09,514.27,408.82,3.9
2025-01-02,Sudeste,Eletrônicos,Monitor Vista,Marketplace,2,2059.66,4119.32,3577.87,541.45,4.0
2025-01-02,Sul,Eletrônicos,Tablet Nimbus,E-commerce,5,1911.06,9555.3,8109.07,1446.23,3.9
2025-01-02,Sul,Eletrônicos,Monitor Vista,E-commerce,6,1824.53,10947.18,9324.26,1622.92,3.3
2025-01-02,Sudeste,Vestuário,Calça Trilha,Marketplace,1,103.33,103.33,57.68,45.65,4.5
2025-01-03,Sul,Casa e Decoração,Luminária Sol,E-commerce,3,330.25,990.75,602.31,388.44,3.5
2025-01-03,Sudeste,Casa e Decoração,Cadeira Foco,E-commerce,3,337.94,1013.82,638.84,374.98,3.9
2025-01-03,Nordeste,Eletrônicos,Fone Pulse,E-commerce,3,1905.32,5715.96,4310.94,1405.02,4.9
2025-01-03,Sudeste,Esporte e Lazer,Prancha Maré,E-commerce,2,537.68,1075.36,719.12,356.24,3.5
2025-01-03,Norte,Esporte e Lazer,Barraca Cume,E-commerce,5,517.79,2588.95,1879.08,709.87,4.7
2025-01-03,Centro-Oeste,Casa e Decoração,Luminária Sol,Loja física,2,586.72,1173.44,777.6,395.84,2.9
2025-01-04,Sudeste,Esporte e Lazer,Prancha Maré,Loja física,3,410.97,1232.91,933.87,299.04,3.7
2025-01-04,Sul,Vestuário,Tênis Passo,E-commerce,6,140.62,843.72,431.71,412.01,5.0
2025-01-04,Sul,Casa e Decoração,Luminária Sol,Loja física,9,130.89,1178.01,764.77,413.24,3.7
2025-01-04,Sul,Esporte e Lazer,Bicicleta Rota,E-commerce,2,232.48,464.96,287.69,177.27,3.8
2025-01-04,Norte,Vestuário,Calça Trilha,E-commerce,3,89.43,268.29,111.25,157.04,4.9
2025-01-04,Sudeste,Alimentos,Café Serra,E-commerce,6,51.03,306.18,203.27,102.91,3.9
2025-01-04,Sul,Alimentos,Granola Cheia,E-commerce,4,51.87,207.48,165.86,41.62,4.2
2025-01-04,Sul,Vestuário,Camiseta Base,Marketplace,1,174.36,174.36,86.37,87.99,3.8
2025-01-04,Norte,Eletrônicos,Tablet Nimbus,Loja física,2,1601.5,3203.0,2718.73,484.27,3.2
2025-01-05,Nordeste,Casa e Decoração,Luminária Sol,E-commerce,2,242.3,484.6,243.98,240.62,3.5
2025-01-05,Sudeste,Eletrônicos,Fone Pulse,Marketplace,9,1706.97,15362.73,14417.28,945.45,3.3
2025-01-05,Sudeste,Casa e Decoração,Cadeira Foco,E-commerce,5,455.88,2279.4,1432.94,846.46,3.4
2025-01-05,Centro-Oeste,Eletrônicos,Monitor Vista,Loja física,2,1332.4,2664.8,2160.05,504.75,4.0
2025-01-05,Sudeste,Eletrônicos,Tablet Nimbus,Loja física,3,2267.5,6802.5,6057.46,745.04,3.0
2025-01-05,Centro-Oeste,Casa e Decoração,Vaso Raiz,Loja física,4,251.45,1005.8,594.66,411.14,5.0
2025-01-06,Sudeste,Vestuário,Calça Trilha,Loja física,4,61.29,245.16,114.46,130.7,4.2
2025-01-06,Sudeste,Esporte e Lazer,Barraca Cume,E-commerce,5,354.46,1772.3,1217.58,554.72,3.9
2025-01-06,Norte,Esporte e Lazer,Prancha Maré,E-commerce,3,276.13,828.39,441.95,386.44,4.0
2025-01-06,Centro-Oeste,Esporte e Lazer,Halteres Par,Loja física,4,479.83,1919.32,951.24,968.08,4.3
2025-01-06,Sudeste,Casa e Decoração,Cadeira Foco,E-commerce,5,266.39,1331.95,839.03,492.92,4.0
2025-01-06,Nordeste,Casa e Decoração,Tapete Onda,Marketplace,4,287.1,1148.4,833.6,314.8,4.1
2025-01-07,Sudeste,Esporte e Lazer,Halteres Par,Loja física,3,467.18,1401.54,847.91,553.63,4.2
2025-01-07,Sudeste,Casa e Decoração,Tapete Onda,E-commerce,6,112.0,672.0,391.72,280.28,3.5
2025-01-07,Sudeste,Casa e Decoração,Vaso Raiz,Loja física,5,426.56,2132.8,1249.78,883.02,3.4
2025-01-07,Sul,Eletrônicos,Monitor Vista,Loja física,3,2145.33,6435.99,5000.3,1435.69,4.2
2025-01-07,Norte,Vestuário,Camiseta Base,E-commerce,2,247.08,494.16,226.88,267.28,4.1
2025-01-08,Sul,Casa e Decoração,Cadeira Foco,E-commerce,3,581.85,1745.55,1044.96,700.59,2.9
2025-01-09,Sul,Vestuário,Camiseta Base,E-commerce,3,210.47,631.41,324.37,307.04,3.8
2025-01-09,Sudeste,Casa e Decoração,Vaso Raiz,E-commerce,5,244.71,1223.55,732.03,491.52,4.8
2025-01-09,Centro-Oeste,Eletrônicos,Notebook Aura,Marketplace,3,2892.86,8678.58,7974.79,703.79,3.5
2025-01-09,Centro-Oeste,Vestuário,Calça Trilha,Loja física,4,93.33,373.32,182.89,190.43,3.8
2025-01-10,Norte,Esporte e Lazer,Halteres Par,E-commerce,2,206.7,413.4,306.96,106.44,3.8
2025-01-10,Sudeste,Esporte e Lazer,Barraca Cume,E-commerce,1,500.23,500.23,340.85,159.38,3.2
2025-01-10,Centro-Oeste,Esporte e Lazer,Bicicleta Rota,E-commerce,1,143.5,143.5,84.44,59.06,4.2
2025-01-10,Sudeste,Alimentos,Chá Manhã,E-commerce,6,16.8,100.8,74.21,26.59,3.0
2025-01-10,Norte,Alimentos,Café Serra,Marketplace,3,81.34,244.02,219.73,24.29,3.3
2025-01-11,Sul,Eletrônicos,Fone Pulse,Loja física,5,2114.62,10573.1,8037.13,2535.97,3.6
2025-01-11,Nordeste,Alimentos,Azeite Oliva,Loja física,8,32.34,258.72,198.68,60.04,3.3
2025-01-11,Sul,Vestuário,Calça Trilha,Loja física,3,119.06,357.18,141.63,215.55,5.0
2025-01-11,Nordeste,Vestuário,Jaqueta Norte,E-commerce,1,267.15,267.15,111.85,155.3,3.8
2025-01-11,Centro-Oeste,Vestuário,Jaqueta Norte,E-commerce,2,277.15,554.3,275.14,279.16,3.7
2025-01-11,Sudeste,Casa e Decoração,Luminária Sol,E-commerce,6,337.61,2025.66,1217.8,807.86,3.8
2025-01-11,Sul,Eletrônicos,Tablet Nimbus,Marketplace,4,1777.76,7111.04,5904.56,1206.48,3.6
2025-01-11,Norte,Casa e Decoração,Tapete Onda,E-commerce,2,428.29,856.58,450.85,405.73,4.3
2025-01-12,Sudeste,Alimentos,Azeite Oliva,Marketplace,2,62.58,125.16,102.86,22.3,4.8
2025-01-12,Nordeste,Esporte e Lazer,Halteres Par,Loja física,2,412.4,824.8,565.53,259.27,3.6
2025-01-12,Sudeste,Eletrônicos,Monitor Vista,E-commerce,7,1814.67,12702.69,10285.81,2416.88,2.8
2025-01-12,Nordeste,Eletrônicos,Tablet Nimbus,E-commerce,2,2273.3,4546.6,3903.34,643.26,3.8
2025-01-12,Sudeste,Casa e Decoração,Luminária Sol,Loja física,3,112.0,336.0,179.02,156.98,4.5
2025-01-12,Nordeste,Eletrônicos,Fone Pulse,Loja física,2,1580.43,3160.86,2438.17,722.69,4.3
2025-01-12,Sul,Alimentos,Granola Cheia,E-commerce,1,16.8,16.8,13.35,3.45,5.0
2025-01-13,Sul,Vestuário,Calça Trilha,E-commerce,2,209.04,418.08,209.33,208.75,4.2
2025-01-13,Sul,Esporte e Lazer,Halteres Par,Marketplace,4,617.91,2471.64,1800.13,671.51,2.7
2025-01-13,Nordeste,Vestuário,Jaqueta Norte,E-commerce,4,169.24,676.96,341.87,335.09,4.3
2025-01-14,Sudeste,Esporte e Lazer,Bicicleta Rota,E-commerce,5,451.38,2256.9,1563.41,693.49,4.0
2025-01-14,Sudeste,Eletrônicos,Tablet Nimbus,Marketplace,5,1832.34,9161.7,7559.87,1601.83,4.1
2025-01-14,Sudeste,Alimentos,Café Serra,Marketplace,8,43.35,346.8,285.14,61.66,3.3
2025-01-14,Centro-Oeste,Eletrônicos,Notebook Aura,E-commerce,2,1095.43,2190.86,1954.49,236.37,3.8
2025-01-14,Sudeste,Eletrônicos,Notebook Aura,Loja física,3,2412.55,7237.65,5869.02,1368.63,3.6
2025-01-14,Sul,Casa e Decoração,Cadeira Foco,Marketplace,6,273.95,1643.7,992.68,651.02,3.6
2025-01-15,Nordeste,Vestuário,Jaqueta Norte,E-commerce,4,74.7,298.8,138.28,160.52,4.6
2025-01-15,Centro-Oeste,Eletrônicos,Fone Pulse,E-commerce,4,1673.16,6692.64,5636.53,1056.11,3.2
2025-01-15,Centro-Oeste,Esporte e Lazer,Bicicleta Rota,E-commerce,1,565.64,565.64,397.88,167.76,4.6
2025-01-15,Nordeste,Esporte e Lazer,Halteres Par,Loja física,2,487.46,974.92,650.38,324.54,4.2
2025-01-15,Nordeste,Esporte e Lazer,Bicicleta Rota,E-commerce,4,304.21,1216.84,806.82,410.02,3.2
2025-01-15,Sul,Vestuário,Tênis Passo,E-commerce,2,85.28,170.56,86.09,84.47,4.7
2025-01-15,Sul,Casa e Decoração,Cadeira Foco,Loja física,3,255.01,765.03,471.21,293.82,4.0
2025-01-15,Norte,Eletrônicos,Fone Pulse,Loja física,4,1638.3,6553.2,5059.49,1493.71,3.9
2025-01-15,Nordeste,Eletrônicos,Notebook Aura,E-commerce,3,1808.94,5426.82,4709.69,717.13,3.7
2025-01-16,Sudeste,Vestuário,Camiseta Base,E-commerce,6,234.55,1407.3,704.63,702.67,4.2
2025-01-16,Sudeste,Vestuário,Jaqueta Norte,E-commerce,4,169.92,679.68,318.86,360.82,4.2
2025-01-16,Sul,Casa e Decoração,Tapete Onda,E-commerce,6,423.59,2541.54,1293.4,1248.14,4.5
2025-01-16,Sul,Casa e Decoração,Vaso Raiz,E-commerce,1,426.42,426.42,212.45,213.97,2.9
2025-01-16,Sul,Casa e Decoração,Cadeira Foco,Marketplace,4,206.47,825.88,564.4,261.48,3.5
2025-01-16,Norte,Vestuário,Jaqueta Norte,Loja física,4,130.29,521.16,227.22,293.94,4.6
2025-01-16,Sudeste,Esporte e Lazer,Halteres Par,E-commerce,3,565.14,1695.42,1082.24,613.18,5.0
2025-01-16,Sul,Esporte e Lazer,Bicicleta Rota,E-commerce,2,685.28,1370.56,896.89,473.67,3.9
2025-01-17,Centro-Oeste,Casa e Decoração,Vaso Raiz,E-commerce,4,268.67,1074.68,652.08,422.6,3.2
2025-01-17,Sul,Esporte e Lazer,Barraca Cume,Loja física,2,459.35,918.7,591.97,326.73,3.9
2025-01-17,Nordeste,Vestuário,Calça Trilha,Loja física,2,124.54,249.08,135.43,113.65,4.6
2025-01-17,Sudeste,Vestuário,Tênis Passo,Loja física,2,124.5,249.0,118.44,130.56,3.9
2025-01-17,Sul,Vestuário,Jaqueta Norte,E-commerce,4,162.48,649.92,348.25,301.67,2.7
2025-01-17,Norte,Casa e Decoração,Luminária Sol,Loja física,3,521.88,1565.64,838.84,726.8,4.0
2025-01-18,Centro-Oeste,Vestuário,Tênis Passo,Loja física,1,195.42,195.42,102.31,93.11,3.8
2025-01-18,Centro-Oeste,Vestuário,Calça Trilha,E-commerce,3,124.5,373.5,143.85,229.65,4.6
2025-01-18,Sul,Esporte e Lazer,Barraca Cume,E-commerce,7,434.48,3041.36,2056.79,984.57,3.7
2025-01-18,Sul,Eletrônicos,Tablet Nimbus,E-commerce,2,1396.18,2792.36,2253.05,539.31,4.0
2025-01-18,Norte,Eletrônicos,Fone Pulse,E-commerce,4,1979.15,7916.6,6393.89,1522.71,4.2
2025-01-18,Sudeste,Eletrônicos,Fone Pulse,E-commerce,2,1670.16,3340.32,2649.34,690.98,3.3
2025-01-19,Centro-Oeste,Esporte e Lazer,Bicicleta Rota,Loja física,2,542.03,1084.06,669.55,414.51,3.6
2025-01-19,Sudeste,Eletrônicos,Tablet Nimbus,E-commerce,4,1453.64,5814.56,4345.59,1468.97,3.6
2025-01-19,Sul,Esporte e Lazer,Bicicleta Rota,E-commerce,2,378.73,757.46,532.58,224.88,4.3
2025-01-19,Centro-Oeste,Casa e Decoração,Luminária Sol,Loja física,5,395.0,1975.0,1132.53,842.47,3.0
2025-01-19,Sudeste,Vestuário,Jaqueta Norte,E-commerce,2,206.23,412.46,202.13,210.33,4.7
2025-01-19,Sudeste,Casa e Decoração,Vaso Raiz,E-commerce,3,146.51,439.53,240.55,198.98,4.1
2025-01-19,Norte,Casa e Decoração,Vaso Raiz,E-commerce,1,358.14,358.14,200.05,158.09,3.8
2025-01-20,Norte,Eletrônicos,Fone Pulse,Marketplace,2,647.5,1295.0,1126.64,168.36,3.2
2025-01-20,Sudeste,Eletrônicos,Tablet Nimbus,Marketplace,1,2743.04,2743.04,2586.45,156.59,2.7
2025-01-20,Centro-Oeste,Eletrônicos,Tablet Nimbus,Loja física,1,1459.64,1459.64,1193.36,266.28,3.7
2025-01-20,Norte,Esporte e Lazer,Barraca Cume,E-commerce,1,546.4,546.4,330.91,215.49,3.5
2025-01-21,Nordeste,Vestuário,Jaqueta Norte,Loja física,2,122.92,245.84,100.96,144.88,3.1
2025-01-21,Sul,Eletrônicos,Notebook Aura,E-commerce,4,1976.61,7906.44,6443.69,1462.75,3.0
2025-01-21,Sudeste,Eletrônicos,Tablet Nimbus,Loja física,3,1848.15,5544.45,4659.54,884.91,2.8
2025-01-21,Centro-Oeste,Vestuário,Jaqueta Norte,E-commerce,2,210.68,421.36,205.31,216.05,4.8
2025-01-22,Nordeste,Esporte e Lazer,Barraca Cume,E-commerce,4,467.56,1870.24,1352.78,517.46,3.9
2025-01-22,Sul,Casa e Decoração,Tapete Onda,Marketplace,4,252.19,1008.76,664.55,344.21,3.7
2025-01-22,Sudeste,Esporte e Lazer,Halteres Par,E-commerce,3,231.72,695.16,404.86,290.3,4.4
2025-01-22,Sul,Alimentos,Granola Cheia,Loja física,5,34.63,173.15,136.64,36.51,3.6
2025-01-22,Centro-Oeste,Eletrônicos,Fone Pulse,E-commerce,3,1595.72,4787.16,3935.49,851.67,3.7
2025-01-22,Norte,Vestuário,Camiseta Base,Marketplace,3,163.35,490.05,259.98,230.07,3.3
2025-01-22,Sul,Esporte e Lazer,Barraca Cume,E-commerce,4,256.95,1027.8,709.16,318.64,4.5
2025-01-23,Sudeste,Vestuário,Jaqueta Norte,E-commerce,5,234.24,1171.2,648.88,522.32,4.3
2025-01-23,Sul,Casa e Decoração,Cadeira Foco,Loja física,4,341.58,1366.32,749.03,617.29,4.5
2025-01-23,Nordeste,Vestuário,Camiseta Base,E-commerce,2,197.13,394.26,169.88,224.38,3.9
2025-01-23,Sudeste,Vestuário,Tênis Passo,E-commerce,4,220.56,882.24,466.07,416.17,3.4
2025-01-23,Sudeste,Alimentos,Azeite Oliva,E-commerce,4,26.83,107.32,85.03,22.29,3.2
2025-01-23,Nordeste,Alimentos,Café Serra,Marketplace,5,60.12,300.6,255.69,44.91,3.9
2025-01-23,Centro-Oeste,Casa e Decoração,Cadeira Foco,Loja física,2,241.89,483.78,287.08,196.7,4.2
2025-01-23,Sudeste,Eletrônicos,Monitor Vista,E-commerce,5,1579.26,7896.3,6909.8,986.5,3.8
2025-01-23,Centro-Oeste,Alimentos,Granola Cheia,Loja física,2,35.35,70.7,51.14,19.56,5.0
2025-01-23,Sul,Eletrônicos,Notebook Aura,Loja física,3,1365.53,4096.59,3762.12,334.47,3.9
2025-01-23,Sul,Vestuário,Tênis Passo,E-commerce,5,150.38,751.9,356.85,395.05,5.0
2025-01-23,Sul,Alimentos,Café Serra,Loja física,2,34.53,69.06,50.81,18.25,4.4
2025-01-24,Sudeste,Vestuário,Calça Trilha,Loja física,4,184.24,736.96,375.21,361.75,4.0
2025-01-24,Norte,Vestuário,Tênis Passo,Loja física,3,122.16,366.48,214.61,151.87,3.9
2025-01-24,Sudeste,Esporte e Lazer,Halteres Par,Loja física,5,417.4,2087.0,1351.88,735.12,4.2
2025-01-24,Nordeste,Esporte e Lazer,Barraca Cume,E-commerce,2,479.92,959.84,570.93,388.91,3.1
2025-01-24,Sudeste,Vestuário,Tênis Passo,E-commerce,5,181.1,905.5,459.27,446.23,4.1
2025-01-24,Sul,Casa e Decoração,Luminária Sol,Marketplace,3,334.85,1004.55,676.32,328.23,4.2
2025-01-24,Sudeste,Vestuário,Camiseta Base,E-commerce,2,242.97,485.94,179.93,306.01,4.7
2025-01-24,Sul,Casa e Decoração,Tapete Onda,Loja física,2,325.57,651.14,382.4,268.74,3.8
2025-01-24,Sudeste,Alimentos,Azeite Oliva,Loja física,3,44.94,134.82,103.22,31.6,4.5
2025-01-25,Nordeste,Eletrônicos,Notebook Aura,Loja física,1,1543.48,1543.48,1309.81,233.67,3.6
2025-01-25,Sudeste,Vestuário,Calça Trilha,E-commerce,1,121.91,121.91,67.07,54.84,4.6
2025-01-25,Sudeste,Esporte e Lazer,Halteres Par,Marketplace,7,355.28,2486.96,1809.74,677.22,4.5
2025-01-25,Sul,Alimentos,Chá Manhã,E-commerce,4,66.24,264.96,190.34,74.62,3.9
2025-01-25,Sudeste,Esporte e Lazer,Halteres Par,Loja física,5,340.67,1703.35,977.98,725.37,
2025-01-25,Centro-Oeste,Vestuário,Tênis Passo,E-commerce,4,194.89,779.56,391.1,388.46,4.2
2025-01-26,Sudeste,Esporte e Lazer,Halteres Par,Loja física,8,449.82,3598.56,2247.97,1350.59,4.5
2025-01-26,Sul,Vestuário,Calça Trilha,E-commerce,5,134.72,673.6,379.98,293.62,3.9
2025-01-26,Sudeste,Alimentos,Café Serra,E-commerce,2,71.57,143.14,112.08,31.06,3.1
2025-01-26,Nordeste,Esporte e Lazer,Prancha Maré,E-commerce,4,520.42,2081.68,1289.9,791.78,3.7
2025-01-27,Norte,Alimentos,Café Serra,E-commerce,2,20.47,40.94,32.15,8.79,3.7
2025-01-27,Sul,Alimentos,Café Serra,Loja física,3,33.15,99.45,80.96,18.49,3.5
2025-01-27,Sul,Esporte e Lazer,Prancha Maré,E-commerce,1,397.83,397.83,226.03,171.8,3.9
2025-01-27,Sudeste,Vestuário,Camiseta Base,Marketplace,3,159.1,477.3,304.49,172.81,4.7
2025-01-27,Sudeste,Alimentos,Café Serra,Loja física,2,49.69,99.38,70.94,28.44,3.6
2025-01-28,Norte,Eletrônicos,Monitor Vista,E-commerce,3,2072.01,6216.03,5320.7,895.33,4.3
2025-01-28,Sudeste,Alimentos,Granola Cheia,Loja física,2,19.51,39.02,30.63,8.39,4.8
2025-01-28,Centro-Oeste,Vestuário,Tênis Passo,Marketplace,2,117.88,235.76,148.73,87.03,3.9
2025-01-28,Sul,Vestuário,Calça Trilha,E-commerce,4,137.41,549.64,302.49,247.15,4.3
2025-01-28,Sul,Eletrônicos,Notebook Aura,E-commerce,3,3243.75,9731.25,8091.73,1639.52,4.2
2025-01-28,Norte,Eletrônicos,Monitor Vista,Marketplace,2,2173.39,4346.78,3796.42,550.36,3.7
2025-01-29,Sul,Esporte e Lazer,Barraca Cume,E-commerce,4,574.6,2298.4,1529.71,768.69,3.4
2025-01-29,Norte,Vestuário,Jaqueta Norte,E-commerce,3,114.72,344.16,157.54,186.62,3.9
2025-01-29,Centro-Oeste,Vestuário,Calça Trilha,E-commerce,4,178.91,715.64,355.23,360.41,4.3
2025-01-29,Nordeste,Casa e Decoração,Cadeira Foco,Loja física,2,112.0,224.0,125.3,98.7,4.2
2025-01-29,Sul,Alimentos,Café Serra,Marketplace,4,42.05,168.2,146.22,21.98,2.7
2025-01-30,Sudeste,Alimentos,Café Serra,E-commerce,9,35.13,316.17,242.27,73.9,4.2
2025-01-30,Nordeste,Esporte e Lazer,Bicicleta Rota,E-commerce,2,284.78,569.56,400.68,168.88,3.6
2025-01-30,Nordeste,Alimentos,Café Serra,E-commerce,2,37.15,74.3,54.03,20.27,3.6
2025-01-30,Centro-Oeste,Esporte e Lazer,Bicicleta Rota,E-commerce,3,468.97,1406.91,790.52,616.39,4.5
2025-01-30,Norte,Casa e Decoração,Tapete Onda,Loja física,2,149.89,299.78,175.07,124.71,3.6
2025-01-30,Sudeste,Casa e Decoração,Cadeira Foco,Loja física,6,380.64,2283.84,1315.38,968.46,3.7
2025-01-30,Nordeste,Casa e Decoração,Vaso Raiz,E-commerce,4,377.13,1508.52,847.88,660.64,3.6
2025-01-31,Nordeste,Eletrônicos,Tablet Nimbus,Loja física,3,1683.46,5050.38,4343.43,706.95,4.2
2025-01-31,Sul,Vestuário,Tênis Passo,E-commerce,3,141.58,424.74,221.34,203.4,4.3
2025-01-31,Sul,Alimentos,Chá Manhã,E-commerce,2,57.17,114.34,84.52,29.82,4.4
2025-01-31,Centro-Oeste,Casa e Decoração,Tapete Onda,E-commerce,5,255.87,1279.35,739.41,539.94,4.7
2025-01-31,Sudeste,Vestuário,Camiseta Base,E-commerce,1,247.12,247.12,115.16,131.96,3.1
2025-01-31,Sul,Vestuário,Jaqueta Norte,E-commerce,4,246.72,986.88,411.46,575.42,4.5
2025-02-01,Nordeste,Eletrônicos,Notebook Aura,E-commerce,9,1963.38,17670.42,14062.52,3607.9,3.5
2025-02-01,Norte,Vestuário,Tênis Passo,E-commerce,1,140.05,140.05,75.82,64.23,
2025-02-02,Sudeste,Alimentos,Azeite Oliva,E-commerce,6,34.47,206.82,170.77,36.05,2.4
2025-02-02,Nordeste,Eletrônicos,Monitor Vista,E-commerce,4,1559.47,6237.88,4540.93,1696.95,4.3
2025-02-02,Nordeste,Esporte e Lazer,Halteres Par,E-commerce,4,426.96,1707.84,1230.74,477.1,5.0
2025-02-02,Centro-Oeste,Casa e Decoração,Tapete Onda,Loja física,2,251.35,502.7,336.77,165.93,2.0
2025-02-02,Centro-Oeste,Esporte e Lazer,Bicicleta Rota,E-commerce,2,420.36,840.72,522.15,318.57,4.9
2025-02-02,Centro-Oeste,Vestuário,Jaqueta Norte,Loja física,4,147.94,591.76,288.61,303.15,3.4
2025-02-02,Nordeste,Esporte e Lazer,Prancha Maré,Loja física,4,351.03,1404.12,894.74,509.38,4.3
2025-02-02,Sudeste,Esporte e Lazer,Halteres Par,Marketplace,2,483.76,967.52,635.55,331.97,4.7
2025-02-02,Nordeste,Eletrônicos,Tablet Nimbus,Loja física,2,2002.04,4004.08,3166.35,837.73,4.1
2025-02-02,Nordeste,Alimentos,Granola Cheia,Loja física,6,38.4,230.4,168.16,62.24,3.6
2025-02-02,Sul,Vestuário,Tênis Passo,Marketplace,2,178.4,356.8,184.13,172.67,5.0
2025-02-03,Nordeste,Vestuário,Tênis Passo,E-commerce,3,158.73,476.19,232.55,243.64,3.7
2025-02-03,Sul,Vestuário,Calça Trilha,Loja física,3,127.39,382.17,166.57,215.6,4.8
2025-02-03,Sudeste,Eletrônicos,Monitor Vista,E-commerce,5,1498.16,7490.8,6803.37,687.43,3.8
2025-02-03,Sudeste,Esporte e Lazer,Halteres Par,Loja física,4,566.86,2267.44,1551.11,716.33,3.5
2025-02-03,Nordeste,Alimentos,Café Serra,Marketplace,5,40.94,204.7,182.66,22.04,3.6
2025-02-04,Norte,Casa e Decoração,Vaso Raiz,Marketplace,1,234.01,234.01,155.52,78.49,3.5
2025-02-04,Sul,Eletrônicos,Fone Pulse,E-commerce,1,1456.06,1456.06,1247.42,208.64,3.6
2025-02-04,Nordeste,Vestuário,Calça Trilha,E-commerce,1,222.79,222.79,100.48,122.31,4.6
2025-02-04,Sul,Esporte e Lazer,Barraca Cume,E-commerce,2,686.5,1373.0,741.34,631.66,4.3
2025-02-04,Nordeste,Casa e Decoração,Tapete Onda,E-commerce,2,395.2,790.4,386.58,403.82,3.8
2025-02-05,Sul,Eletrônicos,Fone Pulse,Loja física,4,2797.21,11188.84,9331.94,1856.9,2.9
2025-02-05,Nordeste,Esporte e Lazer,Barraca Cume,Loja física,8,443.93,3551.44,2526.28,1025.16,3.5
2025-02-05,Nordeste,Esporte e Lazer,Prancha Maré,E-commerce,3,491.39,1474.17,758.65,715.52,3.6
2025-02-06,Sudeste,Casa e Decoração,Luminária Sol,Loja física,4,323.71,1294.84,881.53,413.31,3.5
2025-02-06,Nordeste,Casa e Decoração,Tapete Onda,Loja física,2,351.91,703.82,407.79,296.03,3.0
2025-02-06,Sudeste,Alimentos,Azeite Oliva,E-commerce,5,43.88,219.4,169.46,49.94,3.9
2025-02-06,Centro-Oeste,Alimentos,Granola Cheia,E-commerce,2,31.34,62.68,43.22,19.46,4.3
2025-02-07,Sul,Eletrônicos,Tablet Nimbus,E-commerce,3,2013.04,6039.12,4696.64,1342.48,3.3
2025-02-07,Nordeste,Casa e Decoração,Tapete Onda,E-commerce,4,442.98,1771.92,1132.15,639.77,3.6
2025-02-07,Sul,Alimentos,Café Serra,Marketplace,2,26.57,53.14,46.21,6.93,3.5
2025-02-08,Centro-Oeste,Vestuário,Tênis Passo,E-commerce,3,189.55,568.65,336.7,231.95,4.2
2025-02-08,Sudeste,Esporte e Lazer,Prancha Maré,Loja física,4,372.34,1489.36,837.93,651.43,5.0
2025-02-08,Nordeste,Alimentos,Azeite Oliva,Marketplace,4,68.52,274.08,214.66,59.42,3.6
2025-02-08,Nordeste,Casa e Decoração,Luminária Sol,Marketplace,2,432.65,865.3,505.86,359.44,4.5
2025-02-08,Centro-Oeste,Casa e Decoração,Luminária Sol,E-commerce,3,265.43,796.29,487.4,308.89,3.7
2025-02-08,Nordeste,Esporte e Lazer,Prancha Maré,Marketplace,4,344.46,1377.84,943.07,434.77,3.4
2025-02-08,Norte,Casa e Decoração,Tapete Onda,E-commerce,2,392.14,784.28,455.09,329.19,4.5
2025-02-08,Sudeste,Esporte e Lazer,Halteres Par,Loja física,8,641.07,5128.56,3628.5,1500.06,3.3
2025-02-08,Centro-Oeste,Vestuário,Camiseta Base,E-commerce,5,261.53,1307.65,643.68,663.97,3.7
2025-02-09,Sul,Vestuário,Calça Trilha,Marketplace,4,178.22,712.88,386.84,326.04,4.7
2025-02-09,Sul,Alimentos,Chá Manhã,Loja física,6,44.86,269.16,195.8,73.36,3.6
2025-02-09,Centro-Oeste,Alimentos,Azeite Oliva,Loja física,2,49.97,99.94,80.21,19.73,3.2
2025-02-09,Centro-Oeste,Vestuário,Tênis Passo,E-commerce,5,220.05,1100.25,585.55,514.7,4.0
2025-02-09,Sudeste,Alimentos,Café Serra,E-commerce,3,76.79,230.37,172.99,57.38,3.4
2025-02-09,Sul,Eletrônicos,Tablet Nimbus,Loja física,4,1729.28,6917.12,6136.18,780.94,2.5
2025-02-09,Sul,Vestuário,Calça Trilha,Marketplace,4,86.78,347.12,211.72,135.4,4.5
2025-02-09,Sudeste,Esporte e Lazer,Prancha Maré,Loja física,7,656.54,4595.78,3001.41,1594.37,3.9
2025-02-09,Centro-Oeste,Casa e Decoração,Vaso Raiz,Loja física,5,518.74,2593.7,1455.91,1137.79,3.6
2025-02-10,Nordeste,Esporte e Lazer,Prancha Maré,E-commerce,5,213.18,1065.9,659.4,406.5,3.9
2025-02-10,Sudeste,Esporte e Lazer,Halteres Par,E-commerce,2,273.64,547.28,393.06,154.22,4.1
2025-02-10,Nordeste,Esporte e Lazer,Halteres Par,Loja física,4,470.06,1880.24,1251.0,629.24,4.1
2025-02-10,Nordeste,Vestuário,Camiseta Base,Loja física,6,257.59,1545.54,776.42,769.12,4.1
2025-02-10,Centro-Oeste,Vestuário,Calça Trilha,E-commerce,3,177.02,531.06,227.71,303.35,4.9
2025-02-11,Nordeste,Esporte e Lazer,Barraca Cume,Loja física,5,211.75,1058.75,646.4,412.35,4.3
2025-02-11,Sul,Vestuário,Jaqueta Norte,E-commerce,4,159.25,637.0,292.48,344.52,4.1
2025-02-11,Centro-Oeste,Esporte e Lazer,Halteres Par,E-commerce,1,340.06,340.06,222.76,117.3,4.0
2025-02-11,Nordeste,Casa e Decoração,Cadeira Foco,Marketplace,5,250.54,1252.7,918.53,334.17,4.5
2025-02-12,Nordeste,Esporte e Lazer,Halteres Par,Loja física,3,393.96,1181.88,654.79,527.09,3.4
2025-02-12,Sudeste,Esporte e Lazer,Halteres Par,E-commerce,5,538.7,2693.5,1812.25,881.25,3.4
2025-02-12,Norte,Casa e Decoração,Luminária Sol,E-commerce,2,254.36,508.72,328.56,180.16,3.7
2025-02-13,Sudeste,Vestuário,Tênis Passo,Loja física,5,119.65,598.25,286.56,311.69,4.0
2025-02-13,Norte,Esporte e Lazer,Bicicleta Rota,E-commerce,2,337.85,675.7,450.66,225.04,4.5
2025-02-13,Norte,Casa e Decoração,Luminária Sol,E-commerce,1,430.51,430.51,231.38,199.13,3.3
2025-02-13,Sudeste,Casa e Decoração,Luminária Sol,E-commerce,2,311.6,623.2,375.95,247.25,3.9
2025-02-14,Centro-Oeste,Casa e Decoração,Cadeira Foco,E-commerce,3,384.96,1154.88,718.96,435.92,
2025-02-14,Sudeste,Esporte e Lazer,Bicicleta Rota,E-commerce,4,506.06,2024.24,1162.52,861.72,4.1
2025-02-14,Sul,Eletrônicos,Fone Pulse,E-commerce,4,3214.77,12859.08,10794.05,2065.03,4.2
2025-02-14,Sul,Esporte e Lazer,Bicicleta Rota,Loja física,3,642.95,1928.85,1171.89,756.96,4.9
2025-02-14,Centro-Oeste,Alimentos,Azeite Oliva,E-commerce,2,53.04,106.08,72.24,33.84,3.6
2025-02-15,Centro-Oeste,Eletrônicos,Notebook Aura,E-commerce,3,1281.43,3844.29,3213.85,630.44,3.0
2025-02-15,Centro-Oeste,Vestuário,Camiseta Base,E-commerce,5,179.27,896.35,406.53,489.82,5.0
2025-02-15,Norte,Casa e Decoração,Tapete Onda,Marketplace,3,327.44,982.32,656.85,325.47,3.4
2025-02-15,Sudeste,Alimentos,Azeite Oliva,E-commerce,3,64.06,192.18,148.69,43.49,4.4
2025-02-15,Centro-Oeste,Casa e Decoração,Luminária Sol,E-commerce,4,272.98,1091.92,728.11,363.81,4.2
2025-02-16,Centro-Oeste,Eletrônicos,Fone Pulse,E-commerce,2,1946.34,3892.68,3195.63,697.05,3.8
2025-02-16,Sudeste,Casa e Decoração,Vaso Raiz,Loja física,7,392.63,2748.41,1721.48,1026.93,4.6
2025-02-16,Nordeste,Vestuário,Tênis Passo,E-commerce,4,263.42,1053.68,504.2,549.48,4.7
2025-02-16,Sudeste,Vestuário,Calça Trilha,Marketplace,4,245.01,980.04,579.25,400.79,4.0
2025-02-16,Centro-Oeste,Alimentos,Granola Cheia,Loja física,3,70.79,212.37,164.77,47.6,3.5
2025-02-17,Sul,Vestuário,Camiseta Base,Marketplace,5,147.66,738.3,343.52,394.78,4.4
2025-02-17,Sudeste,Casa e Decoração,Tapete Onda,Marketplace,3,227.33,681.99,449.32,232.67,4.5
2025-02-17,Sul,Eletrônicos,Notebook Aura,Loja física,2,1642.96,3285.92,2706.52,579.4,3.6
2025-02-17,Sudeste,Esporte e Lazer,Prancha Maré,Loja física,3,519.07,1557.21,1001.92,555.29,4.0
2025-02-17,Nordeste,Alimentos,Azeite Oliva,E-commerce,5,61.08,305.4,215.38,90.02,4.0
2025-02-18,Nordeste,Alimentos,Chá Manhã,E-commerce,4,80.01,320.04,234.57,85.47,
2025-02-18,Norte,Vestuário,Tênis Passo,Loja física,1,188.59,188.59,96.87,91.72,3.7
2025-02-18,Nordeste,Alimentos,Café Serra,E-commerce,5,52.09,260.45,194.9,65.55,4.0
2025-02-18,Norte,Casa e Decoração,Luminária Sol,Loja física,2,362.69,725.38,407.36,318.02,3.1
2025-02-18,Sudeste,Eletrônicos,Monitor Vista,Loja física,2,1804.96,3609.92,2779.02,830.9,3.3
2025-02-18,Norte,Alimentos,Azeite Oliva,Marketplace,2,16.8,33.6,25.63,7.97,4.1
2025-02-19,Centro-Oeste,Vestuário,Jaqueta Norte,Loja física,1,119.47,119.47,50.11,69.36,4.1
2025-02-19,Sudeste,Alimentos,Granola Cheia,Loja física,4,47.92,191.68,137.46,54.22,3.3
2025-02-19,Sul,Vestuário,Camiseta Base,Loja física,5,91.49,457.45,224.24,233.21,4.5
2025-02-19,Nordeste,Eletrônicos,Fone Pulse,E-commerce,4,1798.36,7193.44,6232.02,961.42,3.8
2025-02-19,Nordeste,Alimentos,Azeite Oliva,Loja física,7,31.43,220.01,163.31,56.7,3.9
2025-02-19,Nordeste,Casa e Decoração,Vaso Raiz,Loja física,2,394.07,788.14,414.54,373.6,4.0
2025-02-19,Sul,Esporte e Lazer,Bicicleta Rota,E-commerce,4,220.34,881.36,600.07,281.29,4.3
2025-02-20,Sudeste,Vestuário,Camiseta Base,Marketplace,3,209.81,629.43,396.92,232.51,4.1
2025-02-20,Sul,Alimentos,Granola Cheia,E-commerce,3,68.24,204.72,163.82,40.9,4.8
2025-02-20,Sul,Vestuário,Camiseta Base,E-commerce,5,118.59,592.95,321.15,271.8,3.5
2025-02-20,Sul,Alimentos,Café Serra,E-commerce,8,53.52,428.16,332.5,95.66,3.7
2025-02-21,Sudeste,Vestuário,Camiseta Base,E-commerce,7,80.6,564.2,268.63,295.57,3.9
2025-02-21,Sul,Casa e Decoração,Tapete Onda,E-commerce,2,326.77,653.54,422.39,231.15,5.0
2025-02-21,Norte,Eletrônicos,Fone Pulse,Marketplace,2,2307.59,4615.18,4298.65,316.53,3.0
2025-02-21,Sudeste,Alimentos,Granola Cheia,E-commerce,8,46.79,374.32,250.76,123.56,3.8
2025-02-21,Nordeste,Eletrônicos,Monitor Vista,Loja física,2,2481.53,4963.06,3668.25,1294.81,3.6
2025-02-22,Sul,Esporte e Lazer,Halteres Par,E-commerce,3,191.3,573.9,359.32,214.58,3.6
2025-02-22,Sul,Eletrônicos,Notebook Aura,Marketplace,2,1228.32,2456.64,2109.16,347.48,4.4
2025-02-22,Norte,Esporte e Lazer,Barraca Cume,Loja física,3,329.85,989.55,618.88,370.67,4.3
2025-02-22,Centro-Oeste,Alimentos,Chá Manhã,E-commerce,2,65.91,131.82,92.91,38.91,2.6
2025-02-22,Sul,Esporte e Lazer,Bicicleta Rota,E-commerce,4,446.2,1784.8,1284.6,500.2,3.1
2025-02-22,Nordeste,Esporte e Lazer,Barraca Cume,E-commerce,2,535.54,1071.08,591.75,479.33,3.3
2025-02-22,Sudeste,Casa e Decoração,Vaso Raiz,Loja física,9,290.04,2610.36,1321.66,1288.7,4.4
2025-02-23,Centro-Oeste,Esporte e Lazer,Halteres Par,E-commerce,3,247.84,743.52,491.19,252.33,3.4
2025-02-23,Sudeste,Vestuário,Tênis Passo,E-commerce,5,242.25,1211.25,694.57,516.68,3.3
2025-02-24,Nordeste,Esporte e Lazer,Bicicleta Rota,Loja física,5,420.23,2101.15,1362.18,738.97,3.9
2025-02-24,Sul,Esporte e Lazer,Bicicleta Rota,E-commerce,2,173.83,347.66,242.15,105.51,3.6
2025-02-24,Norte,Casa e Decoração,Tapete Onda,Loja física,4,202.79,811.16,438.14,373.02,3.9
2025-02-24,Centro-Oeste,Eletrônicos,Notebook Aura,Loja física,2,1974.72,3949.44,2954.39,995.05,4.0
2025-02-24,Centro-Oeste,Eletrônicos,Notebook Aura,E-commerce,2,1601.03,3202.06,2627.38,574.68,4.5
2025-02-24,Sudeste,Eletrônicos,Fone Pulse,Marketplace,6,930.23,5581.38,4995.73,585.65,4.0
2025-02-25,Centro-Oeste,Esporte e Lazer,Bicicleta Rota,E-commerce,2,667.83,1335.66,842.22,493.44,4.0
2025-02-26,Sul,Casa e Decoração,Tapete Onda,E-commerce,2,314.1,628.2,367.52,260.68,3.9
2025-02-26,Sul,Vestuário,Calça Trilha,E-commerce,5,98.26,491.3,208.37,282.93,4.8
2025-02-26,Nordeste,Casa e Decoração,Vaso Raiz,E-commerce,3,335.36,1006.08,682.4,323.68,4.9
2025-02-26,Nordeste,Eletrônicos,Notebook Aura,E-commerce,5,1811.18,9055.9,7205.73,1850.17,4.1
2025-02-26,Sul,Casa e Decoração,Cadeira Foco,E-commerce,2,370.62,741.24,436.89,304.35,3.7
2025-02-27,Norte,Casa e Decoração,Tapete Onda,Loja física,1,420.71,420.71,213.94,206.77,4.7
2025-02-27,Nordeste,Eletrônicos,Notebook Aura,E-commerce,3,1517.24,4551.72,3770.77,780.95,3.8
2025-02-27,Norte,Esporte e Lazer,Halteres Par,Loja física,2,212.27,424.54,295.64,128.9,4.3
2025-02-27,Centro-Oeste,Alimentos,Azeite Oliva,E-commerce,3,53.66,160.98,123.18,37.8,4.1
2025-02-27,Nordeste,Casa e Decoração,Vaso Raiz,Loja física,4,279.22,1116.88,698.8,418.08,4.1
2025-02-27,Centro-Oeste,Eletrônicos,Fone Pulse,E-commerce,2,2302.95,4605.9,3354.85,1251.05,3.5
2025-02-28,Nordeste,Vestuário,Calça Trilha,Loja física,1,128.67,128.67,69.93,58.74,3.5
2025-02-28,Sudeste,Alimentos,Azeite Oliva,E-commerce,3,46.53,139.59,106.48,33.11,2.8
2025-02-28,Centro-Oeste,Alimentos,Granola Cheia,E-commerce,3,39.53,118.59,87.51,31.08,3.6
2025-02-28,Nordeste,Eletrônicos,Notebook Aura,E-commerce,8,1654.15,13233.2,10578.18,2655.02,3.7
2025-02-28,Nordeste,Casa e Decoração,Vaso Raiz,E-commerce,2,260.85,521.7,309.9,211.8,3.0
2025-02-28,Nordeste,Casa e Decoração,Luminária Sol,E-commerce,2,168.96,337.92,214.5,123.42,3.6
2025-02-28,Sul,Casa e Decoração,Cadeira Foco,Loja física,4,375.1,1500.4,851.67,648.73,4.7
2025-03-01,Centro-Oeste,Eletrônicos,Fone Pulse,Loja física,4,2047.13,8188.52,6818.84,1369.68,3.7
2025-03-01,Norte,Alimentos,Café Serra,E-commerce,3,55.69,167.07,116.74,50.33,4.1
2025-03-01,Sul,Vestuário,Jaqueta Norte,E-commerce,5,131.99,659.95,365.82,294.13,4.7
2025-03-01,Sudeste,Casa e Decoração,Cadeira Foco,Marketplace,3,253.99,761.97,478.78,283.19,3.7
2025-03-01,Nordeste,Casa e Decoração,Luminária Sol,Marketplace,4,433.94,1735.76,1100.15,635.61,3.3
2025-03-01,Nordeste,Eletrônicos,Fone Pulse,E-commerce,3,1765.28,5295.84,4176.36,1119.48,3.8
2025-03-01,Centro-Oeste,Eletrônicos,Fone Pulse,Loja física,5,2359.91,11799.55,9734.98,2064.57,
2025-03-02,Centro-Oeste,Eletrônicos,Fone Pulse,E-commerce,5,1795.88,8979.4,7141.37,1838.03,3.8
2025-03-02,Centro-Oeste,Alimentos,Café Serra,E-commerce,7,60.18,421.26,272.68,148.58,4.7
2025-03-02,Sul,Esporte e Lazer,Halteres Par,Marketplace,2,216.95,433.9,312.27,121.63,4.1
2025-03-03,Centro-Oeste,Vestuário,Calça Trilha,E-commerce,3,142.28,426.84,213.49,213.35,4.3
2025-03-03,Nordeste,Eletrônicos,Tablet Nimbus,Marketplace,2,2313.11,4626.22,4328.51,297.71,3.5
2025-03-03,Nordeste,Eletrônicos,Tablet Nimbus,E-commerce,5,2311.82,11559.1,10077.86,1481.24,3.9
2025-03-03,Sul,Vestuário,Camiseta Base,E-commerce,1,204.98,204.98,90.11,114.87,4.0
2025-03-03,Nordeste,Eletrônicos,Fone Pulse,Loja física,2,2339.95,4679.9,4095.24,584.66,3.7
2025-03-04,Norte,Esporte e Lazer,Bicicleta Rota,E-commerce,2,354.12,708.24,417.89,290.35,3.8
2025-03-04,Sul,Esporte e Lazer,Halteres Par,E-commerce,5,154.22,771.1,494.41,276.69,3.6
2025-03-04,Norte,Esporte e Lazer,Barraca Cume,Marketplace,3,371.18,1113.54,899.92,213.62,3.2
2025-03-05,Sul,Vestuário,Jaqueta Norte,Loja física,6,111.23,667.38,397.29,270.09,3.9
2025-03-05,Sudeste,Casa e Decoração,Tapete Onda,E-commerce,6,203.84,1223.04,707.29,515.75,4.5
2025-03-05,Sudeste,Casa e Decoração,Tapete Onda,Marketplace,6,415.93,2495.58,2118.23,377.35,3.5
2025-03-05,Sudeste,Esporte e Lazer,Prancha Maré,E-commerce,5,505.4,2527.0,1403.97,1123.03,3.9
2025-03-05,Centro-Oeste,Vestuário,Camiseta Base,Marketplace,2,130.06,260.12,149.33,110.79,5.0
2025-03-06,Sul,Esporte e Lazer,Barraca Cume,E-commerce,6,328.45,1970.7,1198.06,772.64,3.7
2025-03-06,Norte,Casa e Decoração,Luminária Sol,Loja física,4,112.0,448.0,279.32,168.68,4.3
2025-03-06,Centro-Oeste,Vestuário,Tênis Passo,Marketplace,2,130.01,260.02,151.44,108.58,5.0
2025-03-06,Nordeste,Alimentos,Granola Cheia,Marketplace,3,48.86,146.58,111.82,34.76,4.2
2025-03-06,Sudeste,Vestuário,Tênis Passo,Marketplace,5,153.62,768.1,432.34,335.76,3.1
2025-03-06,Sul,Vestuário,Calça Trilha,E-commerce,5,140.84,704.2,350.36,353.84,4.6
2025-03-06,Nordeste,Vestuário,Camiseta Base,Loja física,3,121.09,363.27,177.47,185.8,4.7
2025-03-06,Sudeste,Eletrônicos,Tablet Nimbus,E-commerce,3,1575.05,4725.15,3455.01,1270.14,5.0
2025-03-06,Sudeste,Eletrônicos,Notebook Aura,Marketplace,5,1583.54,7917.7,7044.93,872.77,3.5
2025-03-07,Nordeste,Vestuário,Tênis Passo,E-commerce,2,183.08,366.16,146.32,219.84,4.4
2025-03-07,Sul,Vestuário,Jaqueta Norte,E-commerce,5,141.95,709.75,346.58,363.17,3.2
2025-03-07,Nordeste,Eletrônicos,Tablet Nimbus,Marketplace,6,1689.52,10137.12,9902.45,234.67,2.8
2025-03-07,Nordeste,Vestuário,Tênis Passo,E-commerce,5,333.18,1665.9,898.76,767.14,3.6
2025-03-07,Sul,Esporte e Lazer,Halteres Par,E-commerce,6,409.86,2459.16,1609.31,849.85,4.1
2025-03-07,Nordeste,Casa e Decoração,Vaso Raiz,E-commerce,2,404.66,809.32,513.26,296.06,4.0
2025-03-07,Sul,Alimentos,Chá Manhã,E-commerce,2,42.02,84.04,64.09,19.95,3.3
2025-03-08,Norte,Casa e Decoração,Tapete Onda,Loja física,5,507.48,2537.4,1442.39,1095.01,4.4
2025-03-08,Nordeste,Alimentos,Azeite Oliva,E-commerce,3,65.96,197.88,150.32,47.56,4.0
2025-03-09,Sul,Vestuário,Tênis Passo,Loja física,1,62.49,62.49,28.24,34.25,4.8
2025-03-09,Sudeste,Casa e Decoração,Tapete Onda,E-commerce,11,197.3,2170.3,1306.78,863.52,4.2
2025-03-09,Sudeste,Casa e Decoração,Luminária Sol,Loja física,5,303.65,1518.25,786.05,732.2,4.1
2025-03-10,Sudeste,Vestuário,Jaqueta Norte,E-commerce,5,130.56,652.8,343.07,309.73,4.8
2025-03-10,Centro-Oeste,Alimentos,Chá Manhã,Loja física,2,20.85,41.7,33.29,8.41,3.5
2025-03-10,Norte,Casa e Decoração,Cadeira Foco,E-commerce,3,333.9,1001.7,544.04,457.66,3.8
2025-03-10,Sudeste,Eletrônicos,Monitor Vista,E-commerce,3,948.5,2845.5,2618.37,227.13,3.5
2025-03-10,Nordeste,Casa e Decoração,Tapete Onda,Loja física,2,335.21,670.42,401.31,269.11,4.2
2025-03-11,Nordeste,Vestuário,Camiseta Base,E-commerce,3,151.06,453.18,216.06,237.12,4.0
2025-03-11,Sul,Vestuário,Tênis Passo,Loja física,6,199.15,1194.9,525.72,669.18,4.1
2025-03-11,Sul,Alimentos,Granola Cheia,Loja física,3,63.71,191.13,162.41,28.72,2.8
2025-03-12,Centro-Oeste,Esporte e Lazer,Bicicleta Rota,E-commerce,2,636.62,1273.24,897.38,375.86,3.8
2025-03-12,Sul,Alimentos,Granola Cheia,Loja física,2,53.97,107.94,89.83,18.11,3.7
2025-03-12,Sul,Eletrônicos,Monitor Vista,E-commerce,4,2256.0,9024.0,7880.63,1143.37,3.4
2025-03-12,Sudeste,Casa e Decoração,Tapete Onda,E-commerce,4,231.65,926.6,555.19,371.41,4.2
2025-03-12,Sudeste,Esporte e Lazer,Bicicleta Rota,E-commerce,7,638.25,4467.75,2972.37,1495.38,3.0
2025-03-13,Centro-Oeste,Vestuário,Camiseta Base,Loja física,4,149.1,596.4,224.88,371.52,4.1
2025-03-13,Nordeste,Vestuário,Jaqueta Norte,E-commerce,6,158.84,953.04,404.71,548.33,4.4
2025-03-13,Centro-Oeste,Alimentos,Granola Cheia,E-commerce,3,76.38,229.14,168.62,60.52,4.8
2025-03-13,Nordeste,Alimentos,Azeite Oliva,E-commerce,8,72.45,579.6,443.07,136.53,3.4
2025-03-13,Centro-Oeste,Alimentos,Granola Cheia,Loja física,4,52.64,210.56,169.61,40.95,3.7
2025-03-13,Centro-Oeste,Eletrônicos,Fone Pulse,Loja física,2,2044.73,4089.46,3307.53,781.93,3.6
2025-03-14,Sul,Eletrônicos,Fone Pulse,Loja física,3,1073.04,3219.12,2449.08,770.04,3.4
2025-03-14,Sudeste,Esporte e Lazer,Barraca Cume,Marketplace,7,491.61,3441.27,2660.22,781.05,4.0
2025-03-14,Nordeste,Vestuário,Tênis Passo,Loja física,2,113.94,227.88,117.39,110.49,3.5
2025-03-14,Sudeste,Vestuário,Calça Trilha,E-commerce,5,191.74,958.7,488.24,470.46,5.0
2025-03-15,Norte,Casa e Decoração,Tapete Onda,Loja física,3,310.07,930.21,505.71,424.5,3.6
2025-03-15,Sudeste,Esporte e Lazer,Halteres Par,E-commerce,4,540.2,2160.8,1409.52,751.28,3.9
2025-03-15,Centro-Oeste,Esporte e Lazer,Bicicleta Rota,Loja física,5,629.86,3149.3,2078.39,1070.91,2.7
2025-03-15,Nordeste,Alimentos,Café Serra,Loja física,8,61.06,488.48,384.53,103.95,4.3
2025-03-15,Sudeste,Esporte e Lazer,Prancha Maré,Loja física,6,182.41,1094.46,705.34,389.12,3.6
2025-03-15,Nordeste,Casa e Decoração,Vaso Raiz,Loja física,2,193.47,386.94,208.56,178.38,4.2
2025-03-15,Centro-Oeste,Alimentos,Chá Manhã,Marketplace,6,41.77,250.62,207.49,43.13,3.9
2025-03-16,Nordeste,Casa e Decoração,Cadeira Foco,Marketplace,4,487.86,1951.44,1201.34,750.1,4.5
2025-03-16,Sudeste,Eletrônicos,Tablet Nimbus,Loja física,9,1558.6,14027.4,12007.57,2019.83,3.9
2025-03-16,Centro-Oeste,Eletrônicos,Fone Pulse,Marketplace,3,2358.13,7074.39,6932.9,141.49,3.9
2025-03-16,Sul,Esporte e Lazer,Halteres Par,Marketplace,7,316.53,2215.71,1306.68,909.03,4.5
2025-03-17,Nordeste,Vestuário,Camiseta Base,Loja física,3,107.3,321.9,141.98,179.92,5.0
2025-03-17,Nordeste,Casa e Decoração,Vaso Raiz,E-commerce,3,493.17,1479.51,861.46,618.05,3.5
2025-03-17,Sudeste,Casa e Decoração,Luminária Sol,E-commerce,4,184.21,736.84,484.93,251.91,3.9
2025-03-17,Nordeste,Eletrônicos,Notebook Aura,E-commerce,3,2105.66,6316.98,5112.15,1204.83,3.5
2025-03-17,Sul,Alimentos,Azeite Oliva,E-commerce,5,44.51,222.55,173.45,49.1,3.9
2025-03-18,Sul,Esporte e Lazer,Prancha Maré,E-commerce,6,305.77,1834.62,1338.51,496.11,3.7
2025-03-18,Sudeste,Alimentos,Granola Cheia,E-commerce,3,20.15,60.45,45.54,14.91,4.0
2025-03-18,Sul,Esporte e Lazer,Barraca Cume,E-commerce,2,166.05,332.1,192.25,139.85,4.0
2025-03-18,Sudeste,Alimentos,Café Serra,E-commerce,5,46.46,232.3,166.69,65.61,4.8
2025-03-19,Sudeste,Esporte e Lazer,Prancha Maré,E-commerce,6,352.19,2113.14,1347.03,766.11,3.3
2025-03-19,Nordeste,Esporte e Lazer,Halteres Par,Loja física,4,341.29,1365.16,842.65,522.51,3.7
2025-03-19,Nordeste,Alimentos,Café Serra,Marketplace,4,59.68,238.72,177.32,61.4,4.2
2025-03-19,Sudeste,Casa e Decoração,Luminária Sol,Marketplace,5,291.79,1458.95,964.71,494.24,3.3
2025-03-19,Nordeste,Esporte e Lazer,Bicicleta Rota,E-commerce,4,584.89,2339.56,1696.7,642.86,5.0
2025-03-19,Norte,Eletrônicos,Monitor Vista,Marketplace,3,2342.71,7028.13,5719.03,1309.1,4.8
2025-03-20,Sul,Alimentos,Chá Manhã,E-commerce,2,27.68,55.36,42.1,13.26,3.8
2025-03-20,Sul,Esporte e Lazer,Prancha Maré,Loja física,3,286.5,859.5,497.49,362.01,4.7
2025-03-20,Centro-Oeste,Esporte e Lazer,Bicicleta Rota,E-commerce,1,223.91,223.91,153.16,70.75,3.6
2025-03-20,Centro-Oeste,Esporte e Lazer,Prancha Maré,E-commerce,3,267.12,801.36,517.26,284.1,3.8
2025-03-20,Sudeste,Alimentos,Chá Manhã,Marketplace,5,20.94,104.7,77.14,27.56,2.6
2025-03-21,Sudeste,Vestuário,Calça Trilha,E-commerce,1,181.75,181.75,84.15,97.6,4.5
2025-03-21,Sudeste,Eletrônicos,Monitor Vista,Loja física,4,1723.13,6892.52,5214.02,1678.5,4.1
2025-03-21,Sudeste,Eletrônicos,Notebook Aura,E-commerce,3,1918.05,5754.15,5172.59,581.56,3.8
2025-03-22,Nordeste,Vestuário,Camiseta Base,Loja física,7,188.02,1316.14,623.82,692.32,4.7
2025-03-22,Sudeste,Vestuário,Calça Trilha,Loja física,2,66.29,132.58,77.17,55.41,4.1
2025-03-22,Norte,Casa e Decoração,Vaso Raiz,E-commerce,2,388.39,776.78,471.49,305.29,4.3
2025-03-22,Norte,Eletrônicos,Fone Pulse,E-commerce,4,1271.5,5086.0,4591.32,494.68,3.3
2025-03-22,Nordeste,Eletrônicos,Notebook Aura,E-commerce,4,1573.13,6292.52,4982.97,1309.55,4.2
2025-03-22,Sudeste,Casa e Decoração,Tapete Onda,E-commerce,7,112.0,784.0,489.57,294.43,3.6
2025-03-22,Sudeste,Alimentos,Café Serra,Loja física,4,59.78,239.12,163.1,76.02,3.2
2025-03-22,Sudeste,Eletrônicos,Monitor Vista,Loja física,4,1039.25,4157.0,3521.08,635.92,3.6
2025-03-23,Nordeste,Alimentos,Café Serra,E-commerce,3,27.7,83.1,68.21,14.89,4.2
2025-03-23,Norte,Eletrônicos,Tablet Nimbus,Loja física,2,1773.55,3547.1,2821.35,725.75,4.3
2025-03-23,Centro-Oeste,Alimentos,Chá Manhã,E-commerce,4,45.68,182.72,131.64,51.08,3.0
2025-03-23,Sul,Casa e Decoração,Tapete Onda,Loja física,6,175.99,1055.94,656.35,399.59,3.8
2025-03-24,Sul,Alimentos,Chá Manhã,Loja física,2,62.61,125.22,86.78,38.44,3.5
2025-03-24,Sul,Eletrônicos,Tablet Nimbus,Loja física,6,1799.81,10798.86,8501.29,2297.57,2.4
2025-03-24,Sul,Vestuário,Camiseta Base,Loja física,5,212.12,1060.6,487.81,572.79,3.5
2025-03-24,Sudeste,Vestuário,Calça Trilha,Marketplace,3,179.86,539.58,291.49,248.09,3.9
2025-03-24,Nordeste,Esporte e Lazer,Prancha Maré,E-commerce,3,268.18,804.54,478.83,325.71,4.2
2025-03-25,Norte,Vestuário,Calça Trilha,E-commerce,3,177.43,532.29,231.64,300.65,4.5
2025-03-25,Sudeste,Eletrônicos,Monitor Vista,E-commerce,4,2073.26,8293.04,6124.43,2168.61,3.7
2025-03-25,Sudeste,Vestuário,Camiseta Base,E-commerce,9,211.55,1903.95,882.28,1021.67,4.3
2025-03-25,Nordeste,Alimentos,Granola Cheia,Loja física,6,75.19,451.14,368.3,82.84,3.0
2025-03-25,Centro-Oeste,Esporte e Lazer,Halteres Par,E-commerce,6,594.11,3564.66,2328.05,1236.61,
2025-03-25,Sul,Eletrônicos,Tablet Nimbus,E-commerce,4,1529.75,6119.0,4739.88,1379.12,3.7
2025-03-25,Sudeste,Esporte e Lazer,Prancha Maré,Loja física,3,533.61,1600.83,1138.43,462.4,3.2
2025-03-26,Norte,Casa e Decoração,Luminária Sol,Loja física,3,537.82,1613.46,1046.98,566.48,4.5
2025-03-26,Sudeste,Alimentos,Café Serra,E-commerce,11,22.25,244.75,165.02,79.73,3.3
2025-03-26,Norte,Alimentos,Chá Manhã,E-commerce,2,17.25,34.5,27.78,6.72,3.6
2025-03-26,Nordeste,Alimentos,Chá Manhã,E-commerce,6,39.64,237.84,171.85,65.99,
2025-03-26,Nordeste,Eletrônicos,Monitor Vista,Loja física,3,2665.45,7996.35,6354.93,1641.42,3.4
2025-03-26,Nordeste,Alimentos,Chá Manhã,Loja física,4,48.89,195.56,150.65,44.91,2.8
2025-03-26,Sul,Vestuário,Calça Trilha,E-commerce,2,172.22,344.44,161.32,183.12,4.5
2025-03-27,Sudeste,Alimentos,Granola Cheia,E-commerce,4,59.1,236.4,179.27,57.13,4.6
2025-03-27,Sul,Esporte e Lazer,Halteres Par,E-commerce,5,378.1,1890.5,1100.35,790.15,3.3
2025-03-27,Nordeste,Vestuário,Jaqueta Norte,E-commerce,8,163.31,1306.48,651.5,654.98,3.5
2025-03-27,Sudeste,Casa e Decoração,Luminária Sol,Loja física,6,157.03,942.18,552.15,390.03,4.1
2025-03-28,Sudeste,Vestuário,Jaqueta Norte,Loja física,7,266.29,1864.03,797.45,1066.58,3.8
2025-03-28,Sul,Casa e Decoração,Tapete Onda,Loja física,3,355.37,1066.11,711.63,354.48,4.3
2025-03-28,Sudeste,Esporte e Lazer,Bicicleta Rota,Marketplace,7,648.37,4538.59,3471.0,1067.59,4.2
2025-03-28,Norte,Esporte e Lazer,Prancha Maré,E-commerce,1,478.0,478.0,299.35,178.65,4.0
2025-03-28,Centro-Oeste,Eletrônicos,Tablet Nimbus,E-commerce,5,660.33,3301.65,2542.58,759.07,3.4
2025-03-28,Sudeste,Casa e Decoração,Vaso Raiz,Loja física,3,284.56,853.68,498.76,354.92,5.0
2025-03-28,Sul,Esporte e Lazer,Bicicleta Rota,Loja física,3,191.28,573.84,359.63,214.21,4.2
2025-03-28,Sul,Alimentos,Azeite Oliva,Loja física,3,40.29,120.87,88.72,32.15,4.0
2025-03-28,Centro-Oeste,Vestuário,Tênis Passo,Marketplace,2,196.42,392.84,219.72,173.12,3.5
2025-03-29,Sul,Alimentos,Café Serra,E-commerce,7,24.21,169.47,123.85,45.62,3.9
2025-03-29,Sul,Casa e Decoração,Tapete Onda,E-commerce,3,327.88,983.64,673.66,309.98,3.3
2025-03-29,Nordeste,Esporte e Lazer,Halteres Par,E-commerce,6,446.13,2676.78,2012.75,664.03,3.6
2025-03-29,Sudeste,Eletrônicos,Tablet Nimbus,Marketplace,7,1873.07,13111.49,12094.49,1017.0,4.0
2025-03-29,Sudeste,Alimentos,Café Serra,Loja física,8,50.92,407.36,294.74,112.62,4.7
2025-03-29,Centro-Oeste,Casa e Decoração,Cadeira Foco,Loja física,4,219.12,876.48,502.33,374.15,3.7
2025-03-29,Centro-Oeste,Alimentos,Chá Manhã,E-commerce,5,49.83,249.15,195.77,53.38,3.2
2025-03-30,Centro-Oeste,Esporte e Lazer,Barraca Cume,E-commerce,5,798.05,3990.25,2253.65,1736.6,3.0
2025-03-30,Norte,Eletrônicos,Fone Pulse,E-commerce,3,2162.69,6488.07,5520.09,967.98,3.8
2025-03-30,Nordeste,Esporte e Lazer,Halteres Par,Loja física,5,417.78,2088.9,1374.36,714.54,3.9
2025-03-30,Sudeste,Eletrônicos,Tablet Nimbus,Loja física,8,2734.1,21872.8,19035.71,2837.09,3.7
2025-03-30,Sudeste,Eletrônicos,Fone Pulse,Marketplace,4,1335.48,5341.92,4849.33,492.59,3.1
2025-03-31,Nordeste,Alimentos,Café Serra,Loja física,3,16.8,50.4,34.3,16.1,3.1
2025-03-31,Centro-Oeste,Alimentos,Chá Manhã,E-commerce,4,55.64,222.56,134.62,87.94,4.3
2025-03-31,Sudeste,Esporte e Lazer,Halteres Par,E-commerce,5,540.26,2701.3,1706.31,994.99,4.0
2025-03-31,Sudeste,Alimentos,Azeite Oliva,E-commerce,4,38.01,152.04,120.26,31.78,3.7
2025-03-31,Centro-Oeste,Esporte e Lazer,Bicicleta Rota,E-commerce,2,470.35,940.7,549.72,390.98,4.7
2025-04-01,Sudeste,Casa e Decoração,Luminária Sol,E-commerce,4,148.2,592.8,353.03,239.77,3.5
2025-04-02,Sul,Casa e Decoração,Luminária Sol,E-commerce,5,510.37,2551.85,1521.23,1030.62,3.6
2025-04-02,Sudeste,Casa e Decoração,Tapete Onda,Marketplace,3,289.74,869.22,613.39,255.83,3.9
2025-04-02,Nordeste,Vestuário,Tênis Passo,Loja física,5,269.09,1345.45,681.75,663.7,4.0
2025-04-02,Sudeste,Esporte e Lazer,Barraca Cume,E-commerce,5,606.52,3032.6,1765.25,1267.35,3.9
2025-04-02,Sudeste,Vestuário,Calça Trilha,Loja física,6,146.88,881.28,378.88,502.4,5.0
2025-04-02,Nordeste,Alimentos,Chá Manhã,E-commerce,4,42.45,169.8,135.58,34.22,
2025-04-03,Nordeste,Vestuário,Camiseta Base,E-commerce,4,164.56,658.24,301.83,356.41,4.3
2025-04-03,Nordeste,Casa e Decoração,Cadeira Foco,Loja física,3,464.31,1392.93,771.38,621.55,4.4
2025-04-03,Centro-Oeste,Vestuário,Jaqueta Norte,E-commerce,2,215.65,431.3,192.02,239.28,4.8
2025-04-03,Centro-Oeste,Alimentos,Granola Cheia,Marketplace,2,77.67,155.34,126.09,29.25,
2025-04-03,Sul,Alimentos,Café Serra,E-commerce,5,42.84,214.2,162.26,51.94,2.6
2025-04-03,Sudeste,Casa e Decoração,Vaso Raiz,Loja física,11,572.36,6295.96,3364.84,2931.12,4.0
2025-04-03,Sul,Eletrônicos,Notebook Aura,E-commerce,3,2588.32,7764.96,6449.39,1315.57,3.8
2025-04-04,Sudeste,Eletrônicos,Fone Pulse,E-commerce,5,1855.25,9276.25,8328.5,947.75,3.3
2025-04-04,Nordeste,Alimentos,Granola Cheia,E-commerce,8,27.39,219.12,155.62,63.5,4.1
2025-04-04,Centro-Oeste,Vestuário,Tênis Passo,E-commerce,2,264.1,528.2,283.05,245.15,3.8
2025-04-04,Sudeste,Esporte e Lazer,Prancha Maré,Loja física,4,309.14,1236.56,763.31,473.25,4.0
2025-04-04,Sudeste,Esporte e Lazer,Halteres Par,E-commerce,6,251.84,1511.04,922.6,588.44,3.7
2025-04-04,Sudeste,Alimentos,Granola Cheia,E-commerce,3,24.52,73.56,55.46,18.1,4.3
2025-04-05,Sudeste,Esporte e Lazer,Prancha Maré,Loja física,5,560.36,2801.8,1749.98,1051.82,3.8
2025-04-05,Centro-Oeste,Casa e Decoração,Tapete Onda,Marketplace,4,262.54,1050.16,690.19,359.97,4.6
2025-04-05,Centro-Oeste,Esporte e Lazer,Bicicleta Rota,E-commerce,5,312.35,1561.75,1048.63,513.12,4.1
2025-04-05,Centro-Oeste,Esporte e Lazer,Barraca Cume,Loja física,2,720.2,1440.4,900.06,540.34,3.5
2025-04-06,Sul,Casa e Decoração,Cadeira Foco,E-commerce,6,160.32,961.92,563.75,398.17,3.3
2025-04-06,Sul,Vestuário,Camiseta Base,Loja física,5,171.93,859.65,357.66,501.99,3.9
2025-04-06,Sul,Eletrônicos,Tablet Nimbus,E-commerce,3,1566.36,4699.08,3653.12,1045.96,5.0
2025-04-06,Sudeste,Alimentos,Granola Cheia,Loja física,9,34.49,310.41,241.19,69.22,3.6
2025-04-06,Sul,Casa e Decoração,Luminária Sol,E-commerce,7,144.34,1010.38,570.63,439.75,4.4
2025-04-07,Nordeste,Alimentos,Chá Manhã,Marketplace,3,32.37,97.11,83.81,13.3,3.3
2025-04-07,Sul,Vestuário,Jaqueta Norte,E-commerce,4,237.69,950.76,494.74,456.02,4.6
2025-04-07,Sul,Vestuário,Tênis Passo,E-commerce,3,141.81,425.43,182.1,243.33,3.5
2025-04-07,Sudeste,Eletrônicos,Monitor Vista,Loja física,5,1430.53,7152.65,6799.66,352.99,2.9
2025-04-07,Sul,Esporte e Lazer,Bicicleta Rota,E-commerce,3,498.71,1496.13,813.45,682.68,3.9
2025-04-07,Centro-Oeste,Eletrônicos,Notebook Aura,E-commerce,6,1878.6,11271.6,9663.65,1607.95,2.9
2025-04-07,Sudeste,Vestuário,Jaqueta Norte,E-commerce,6,156.41,938.46,468.05,470.41,5.0
2025-04-08,Centro-Oeste,Esporte e Lazer,Prancha Maré,Loja física,5,520.35,2601.75,1710.21,891.54,4.8
2025-04-08,Nordeste,Alimentos,Granola Cheia,Marketplace,3,35.74,107.22,87.64,19.58,3.9
2025-04-08,Sudeste,Vestuário,Calça Trilha,Loja física,9,84.24,758.16,357.24,400.92,4.5
2025-04-08,Nordeste,Vestuário,Jaqueta Norte,E-commerce,3,55.65,166.95,75.98,90.97,3.6
2025-04-08,Nordeste,Esporte e Lazer,Bicicleta Rota,Loja física,4,580.6,2322.4,1520.75,801.65,3.2
2025-04-08,Norte,Casa e Decoração,Cadeira Foco,E-commerce,3,429.1,1287.3,756.9,530.4,3.3
2025-04-08,Sudeste,Esporte e Lazer,Prancha Maré,Loja física,9,566.99,5102.91,3429.96,1672.95,3.4
2025-04-08,Sudeste,Vestuário,Calça Trilha,E-commerce,5,152.38,761.9,309.74,452.16,4.3
2025-04-08,Sudeste,Eletrônicos,Tablet Nimbus,Loja física,8,2236.89,17895.12,15849.71,2045.41,2.9
2025-04-09,Nordeste,Vestuário,Camiseta Base,Loja física,2,182.44,364.88,190.72,174.16,3.5
2025-04-09,Sudeste,Alimentos,Azeite Oliva,E-commerce,6,30.43,182.58,128.11,54.47,4.3
2025-04-09,Centro-Oeste,Esporte e Lazer,Barraca Cume,E-commerce,3,356.28,1068.84,545.7,523.14,3.8
2025-04-09,Norte,Esporte e Lazer,Bicicleta Rota,Loja física,2,564.08,1128.16,757.11,371.05,4.0
2025-04-09,Sudeste,Vestuário,Tênis Passo,E-commerce,8,155.16,1241.28,622.09,619.19,3.9
2025-04-10,Sul,Alimentos,Café Serra,E-commerce,6,58.07,348.42,243.51,104.91,4.6
2025-04-10,Nordeste,Eletrônicos,Monitor Vista,Loja física,4,1654.86,6619.44,5257.22,1362.22,4.2
2025-04-10,Sul,Vestuário,Calça Trilha,E-commerce,2,143.12,286.24,133.48,152.76,3.6
2025-04-10,Sudeste,Vestuário,Camiseta Base,Marketplace,9,147.05,1323.45,708.32,615.13,4.7
2025-04-10,Centro-Oeste,Alimentos,Café Serra,E-commerce,4,62.24,248.96,183.51,65.45,3.2
2025-04-10,Centro-Oeste,Casa e Decoração,Tapete Onda,E-commerce,3,155.08,465.24,270.52,194.72,4.7
2025-04-10,Sul,Alimentos,Granola Cheia,E-commerce,4,28.11,112.44,91.94,20.5,3.9
2025-04-10,Nordeste,Casa e Decoração,Vaso Raiz,Loja física,5,189.71,948.55,491.2,457.35,3.2
2025-04-10,Sul,Alimentos,Chá Manhã,E-commerce,4,45.33,181.32,138.23,43.09,3.1
2025-04-11,Centro-Oeste,Alimentos,Café Serra,E-commerce,2,31.53,63.06,52.84,10.22,4.1
2025-04-11,Nordeste,Eletrônicos,Notebook Aura,E-commerce,5,1422.15,7110.75,6013.84,1096.91,4.4
2025-04-11,Sul,Eletrônicos,Notebook Aura,Marketplace,3,2097.02,6291.06,5864.24,426.82,4.0
2025-04-11,Sul,Eletrônicos,Fone Pulse,E-commerce,1,2388.94,2388.94,1842.57,546.37,2.7
2025-04-11,Sudeste,Alimentos,Chá Manhã,E-commerce,8,28.76,230.08,176.06,54.02,4.2
2025-04-11,Centro-Oeste,Eletrônicos,Tablet Nimbus,Marketplace,4,2552.07,10208.28,9698.5,509.78,3.4
2025-04-11,Norte,Eletrônicos,Monitor Vista,E-commerce,3,2001.33,6003.99,5294.69,709.3,3.4
2025-04-11,Nordeste,Alimentos,Granola Cheia,E-commerce,7,55.45,388.15,272.14,116.01,3.9
2025-04-11,Sudeste,Eletrônicos,Notebook Aura,Loja física,7,2286.32,16004.24,13494.82,2509.42,3.6
2025-04-12,Sul,Esporte e Lazer,Halteres Par,E-commerce,5,404.24,2021.2,1290.75,730.45,3.7
2025-04-12,Sudeste,Eletrônicos,Notebook Aura,Loja física,7,1421.25,9948.75,7309.19,2639.56,3.3
2025-04-12,Centro-Oeste,Esporte e Lazer,Bicicleta Rota,Marketplace,3,623.76,1871.28,1423.44,447.84,3.2
2025-04-12,Nordeste,Vestuário,Tênis Passo,Loja física,3,175.43,526.29,211.51,314.78,3.6
2025-04-12,Sudeste,Alimentos,Chá Manhã,E-commerce,6,60.64,363.84,271.9,91.94,5.0
2025-04-13,Centro-Oeste,Esporte e Lazer,Bicicleta Rota,Loja física,4,308.86,1235.44,681.24,554.2,4.0
2025-04-13,Nordeste,Eletrônicos,Monitor Vista,E-commerce,4,2656.36,10625.44,8878.06,1747.38,4.2
2025-04-13,Centro-Oeste,Vestuário,Calça Trilha,E-commerce,2,150.42,300.84,150.84,150.0,4.5
2025-04-14,Sul,Eletrônicos,Tablet Nimbus,E-commerce,3,2117.76,6353.28,5143.22,1210.06,3.1
2025-04-14,Centro-Oeste,Vestuário,Jaqueta Norte,E-commerce,3,268.75,806.25,361.33,444.92,4.5
2025-04-14,Sudeste,Esporte e Lazer,Bicicleta Rota,E-commerce,9,322.58,2903.22,1641.44,1261.78,3.5
2025-04-14,Nordeste,Casa e Decoração,Tapete Onda,Marketplace,10,442.29,4422.9,3012.58,1410.32,3.9
2025-04-14,Nordeste,Eletrônicos,Notebook Aura,E-commerce,5,1930.95,9654.75,7840.47,1814.28,4.0
2025-04-15,Centro-Oeste,Vestuário,Camiseta Base,Loja física,2,134.82,269.64,141.29,128.35,3.5
2025-04-15,Norte,Vestuário,Calça Trilha,Loja física,2,170.14,340.28,157.61,182.67,3.9
2025-04-15,Sul,Eletrônicos,Tablet Nimbus,Loja física,7,2134.09,14938.63,12718.86,2219.77,3.4
2025-04-15,Centro-Oeste,Esporte e Lazer,Barraca Cume,E-commerce,5,197.77,988.85,550.23,438.62,4.8
2025-04-16,Sul,Alimentos,Café Serra,E-commerce,8,16.8,134.4,96.64,37.76,2.5
2025-04-16,Norte,Eletrônicos,Notebook Aura,E-commerce,2,1372.0,2744.0,2155.04,588.96,5.0
2025-04-17,Sudeste,Esporte e Lazer,Halteres Par,Marketplace,6,227.49,1364.94,1080.84,284.1,3.9
2025-04-17,Sul,Casa e Decoração,Luminária Sol,E-commerce,3,436.06,1308.18,905.22,402.96,3.4
2025-04-17,Norte,Alimentos,Café Serra,Loja física,4,78.9,315.6,222.39,93.21,3.8
2025-04-17,Sudeste,Alimentos,Azeite Oliva,Loja física,11,31.39,345.29,258.58,86.71,4.0
2025-04-18,Norte,Eletrônicos,Tablet Nimbus,Loja física,5,2550.38,12751.9,9542.27,3209.63,4.2
2025-04-18,Sudeste,Eletrônicos,Monitor Vista,Loja física,6,1671.54,10029.24,7917.57,2111.67,4.9
2025-04-18,Centro-Oeste,Alimentos,Chá Manhã,Loja física,3,75.63,226.89,166.82,60.07,4.3
2025-04-18,Nordeste,Alimentos,Café Serra,E-commerce,3,37.82,113.46,92.57,20.89,4.0
2025-04-19,Sudeste,Alimentos,Café Serra,Marketplace,15,71.3,1069.5,983.44,86.06,3.5
2025-04-19,Nordeste,Esporte e Lazer,Barraca Cume,E-commerce,6,550.11,3300.66,2084.36,1216.3,3.6
2025-04-19,Sudeste,Vestuário,Tênis Passo,Loja física,10,64.87,648.7,316.72,331.98,3.8
2025-04-19,Sudeste,Alimentos,Café Serra,E-commerce,8,25.35,202.8,170.25,32.55,4.4
2025-04-20,Centro-Oeste,Esporte e Lazer,Prancha Maré,Loja física,4,409.1,1636.4,925.81,710.59,4.0
2025-04-20,Sudeste,Esporte e Lazer,Bicicleta Rota,Loja física,4,639.14,2556.56,1544.89,1011.67,3.9
2025-04-20,Sul,Eletrônicos,Notebook Aura,E-commerce,6,2383.27,14299.62,12354.16,1945.46,3.6
2025-04-20,Norte,Alimentos,Chá Manhã,Marketplace,4,34.0,136.0,99.1,36.9,2.1
2025-04-20,Norte,Casa e Decoração,Vaso Raiz,Marketplace,2,358.15,716.3,464.67,251.63,4.5
2025-04-20,Sul,Vestuário,Jaqueta Norte,Loja física,7,220.63,1544.41,670.54,873.87,5.0
2025-04-20,Sul,Alimentos,Granola Cheia,E-commerce,5,41.8,209.0,149.48,59.52,2.6
2025-04-21,Sudeste,Esporte e Lazer,Barraca Cume,E-commerce,6,653.44,3920.64,2859.42,1061.22,3.1
2025-04-21,Sudeste,Eletrônicos,Tablet Nimbus,Loja física,5,2369.73,11848.65,9489.2,2359.45,3.9
2025-04-21,Sul,Eletrônicos,Monitor Vista,E-commerce,4,1595.85,6383.4,6046.47,336.93,3.6
2025-04-21,Sudeste,Casa e Decoração,Tapete Onda,E-commerce,10,343.31,3433.1,1888.14,1544.96,3.3
2025-04-21,Norte,Casa e Decoração,Luminária Sol,Loja física,1,481.17,481.17,340.55,140.62,3.9
2025-04-21,Nordeste,Vestuário,Jaqueta Norte,E-commerce,6,143.85,863.1,377.5,485.6,4.8
2025-04-21,Sudeste,Casa e Decoração,Cadeira Foco,Marketplace,6,237.57,1425.42,1002.42,423.0,4.5
2025-04-21,Centro-Oeste,Esporte e Lazer,Prancha Maré,Loja física,3,608.53,1825.59,1015.48,810.11,3.2
2025-04-22,Sudeste,Alimentos,Chá Manhã,Loja física,5,21.84,109.2,84.14,25.06,4.1
2025-04-22,Nordeste,Alimentos,Azeite Oliva,Loja física,3,43.82,131.46,92.82,38.64,2.9
2025-04-22,Sul,Eletrônicos,Fone Pulse,E-commerce,4,2404.86,9619.44,7953.37,1666.07,2.2
2025-04-22,Sudeste,Eletrônicos,Tablet Nimbus,E-commerce,6,1885.36,11312.16,8565.22,2746.94,3.3
2025-04-22,Sul,Vestuário,Tênis Passo,Marketplace,3,132.13,396.39,224.68,171.71,
2025-04-22,Sudeste,Vestuário,Calça Trilha,Loja física,7,169.19,1184.33,570.7,613.63,4.9
2025-04-22,Norte,Vestuário,Camiseta Base,Loja física,4,179.39,717.56,305.02,412.54,3.3
2025-04-22,Sul,Casa e Decoração,Cadeira Foco,Loja física,7,184.78,1293.46,784.97,508.49,3.1
2025-04-23,Centro-Oeste,Alimentos,Chá Manhã,Loja física,3,33.97,101.91,69.5,32.41,4.3
2025-04-23,Sul,Casa e Decoração,Tapete Onda,Loja física,3,261.1,783.3,464.79,318.51,4.7
2025-04-23,Norte,Vestuário,Tênis Passo,Loja física,4,163.99,655.96,315.69,340.27,4.5
2025-04-23,Nordeste,Eletrônicos,Notebook Aura,Marketplace,4,2026.32,8105.28,7332.58,772.7,3.4
2025-04-24,Sudeste,Alimentos,Azeite Oliva,E-commerce,7,38.32,268.24,207.44,60.8,4.3
2025-04-24,Nordeste,Vestuário,Calça Trilha,E-commerce,6,105.6,633.6,330.43,303.17,3.6
2025-04-24,Sudeste,Vestuário,Camiseta Base,Loja física,9,205.78,1852.02,987.28,864.74,4.3
2025-04-24,Sudeste,Casa e Decoração,Luminária Sol,E-commerce,3,201.96,605.88,422.35,183.53,5.0
2025-04-24,Sudeste,Eletrônicos,Tablet Nimbus,Loja física,4,1940.74,7762.96,5789.72,1973.24,3.9
2025-04-25,Sudeste,Esporte e Lazer,Halteres Par,Marketplace,7,353.87,2477.09,1895.07,582.02,3.7
2025-04-25,Sudeste,Esporte e Lazer,Prancha Maré,E-commerce,4,304.07,1216.28,780.77,435.51,3.7
2025-04-25,Sul,Eletrônicos,Tablet Nimbus,E-commerce,10,2508.24,25082.4,18613.67,6468.73,2.9
2025-04-25,Nordeste,Esporte e Lazer,Halteres Par,Loja física,3,390.38,1171.14,746.13,425.01,3.3
2025-04-25,Sudeste,Eletrônicos,Tablet Nimbus,E-commerce,6,1528.69,9172.14,7285.25,1886.89,3.2
2025-04-25,Sul,Casa e Decoração,Vaso Raiz,Loja física,5,228.19,1140.95,754.2,386.75,3.0
2025-04-26,Nordeste,Vestuário,Camiseta Base,Loja física,4,228.89,915.56,486.08,429.48,3.6
2025-04-26,Sudeste,Alimentos,Café Serra,E-commerce,5,43.9,219.5,143.88,75.62,3.7
2025-04-26,Nordeste,Eletrônicos,Monitor Vista,E-commerce,2,1769.52,3539.04,3082.33,456.71,4.0
2025-04-26,Sudeste,Vestuário,Camiseta Base,E-commerce,7,204.46,1431.22,695.69,735.53,2.8
2025-04-26,Nordeste,Alimentos,Café Serra,Loja física,4,54.1,216.4,145.01,71.39,3.0
2025-04-27,Nordeste,Eletrônicos,Fone Pulse,E-commerce,5,1912.86,9564.3,8123.04,1441.26,3.5
2025-04-27,Sudeste,Casa e Decoração,Tapete Onda,E-commerce,5,340.05,1700.25,1087.87,612.38,4.3
2025-04-27,Norte,Vestuário,Camiseta Base,Marketplace,4,116.54,466.16,275.81,190.35,4.9
2025-04-27,Norte,Esporte e Lazer,Halteres Par,E-commerce,3,629.36,1888.08,1185.21,702.87,5.0
2025-04-27,Sudeste,Esporte e Lazer,Barraca Cume,E-commerce,4,413.33,1653.32,1029.04,624.28,4.0
2025-04-27,Sudeste,Esporte e Lazer,Prancha Maré,E-commerce,10,490.21,4902.1,2979.41,1922.69,3.8
2025-04-27,Sudeste,Alimentos,Granola Cheia,E-commerce,11,55.64,612.04,445.73,166.31,3.6
2025-04-27,Centro-Oeste,Casa e Decoração,Cadeira Foco,E-commerce,2,368.47,736.94,410.95,325.99,4.3
2025-04-28,Centro-Oeste,Vestuário,Tênis Passo,Loja física,4,103.77,415.08,204.9,210.18,4.0
2025-04-28,Nordeste,Eletrônicos,Fone Pulse,E-commerce,1,1846.93,1846.93,1323.12,523.81,3.7
2025-04-29,Sudeste,Vestuário,Calça Trilha,E-commerce,6,246.29,1477.74,609.39,868.35,3.7
2025-04-29,Sul,Alimentos,Chá Manhã,Marketplace,4,39.05,156.2,127.27,28.93,4.5
2025-04-29,Nordeste,Vestuário,Camiseta Base,Loja física,5,55.65,278.25,156.75,121.5,4.8
2025-04-29,Nordeste,Esporte e Lazer,Barraca Cume,Loja física,4,752.11,3008.44,1968.79,1039.65,3.8
2025-04-29,Centro-Oeste,Casa e Decoração,Luminária Sol,E-commerce,1,338.84,338.84,210.06,128.78,2.7
2025-04-29,Norte,Eletrônicos,Monitor Vista,E-commerce,3,1673.91,5021.73,4476.31,545.42,3.2
2025-04-30,Nordeste,Casa e Decoração,Cadeira Foco,E-commerce,4,310.59,1242.36,660.81,581.55,4.6
2025-04-30,Sul,Casa e Decoração,Luminária Sol,Marketplace,3,281.92,845.76,623.79,221.97,3.5
2025-04-30,Norte,Vestuário,Tênis Passo,E-commerce,2,145.38,290.76,152.32,138.44,3.6
2025-04-30,Sudeste,Eletrônicos,Fone Pulse,Loja física,7,2148.77,15041.39,12043.54,2997.85,4.6
2025-05-01,Nordeste,Esporte e Lazer,Bicicleta Rota,Loja física,4,259.95,1039.8,655.21,384.59,3.3
2025-05-01,Sul,Casa e Decoração,Vaso Raiz,E-commerce,5,352.72,1763.6,1092.17,671.43,4.0
2025-05-01,Sudeste,Vestuário,Jaqueta Norte,E-commerce,9,152.94,1376.46,748.74,627.72,5.0
2025-05-01,Centro-Oeste,Vestuário,Camiseta Base,E-commerce,5,110.47,552.35,256.59,295.76,4.2
2025-05-02,Centro-Oeste,Casa e Decoração,Tapete Onda,E-commerce,6,409.74,2458.44,1390.03,1068.41,4.6
2025-05-02,Sudeste,Alimentos,Azeite Oliva,Loja física,4,78.13,312.52,221.06,91.46,3.7
2025-05-03,Sudeste,Vestuário,Tênis Passo,Marketplace,12,115.75,1389.0,789.89,599.11,4.0
2025-05-03,Nordeste,Esporte e Lazer,Bicicleta Rota,E-commerce,3,487.59,1462.77,998.76,464.01,4.0
2025-05-03,Sudeste,Esporte e Lazer,Prancha Maré,Marketplace,9,201.58,1814.22,1277.7,536.52,4.7
2025-05-03,Nordeste,Eletrônicos,Fone Pulse,E-commerce,2,1531.53,3063.06,2474.98,588.08,2.3
2025-05-03,Sudeste,Alimentos,Granola Cheia,Loja física,7,71.9,503.3,405.49,97.81,3.9
2025-05-03,Sul,Esporte e Lazer,Prancha Maré,E-commerce,8,462.73,3701.84,2388.12,1313.72,3.5
2025-05-03,Nordeste,Casa e Decoração,Cadeira Foco,E-commerce,3,352.54,1057.62,604.62,453.0,3.9
2025-05-04,Centro-Oeste,Esporte e Lazer,Halteres Par,Loja física,4,550.46,2201.84,1464.98,736.86,4.1
2025-05-04,Nordeste,Eletrônicos,Notebook Aura,E-commerce,3,2323.74,6971.22,5743.67,1227.55,3.8
2025-05-04,Nordeste,Eletrônicos,Monitor Vista,Loja física,3,2143.41,6430.23,5903.12,527.11,3.2
2025-05-04,Nordeste,Alimentos,Azeite Oliva,E-commerce,2,43.21,86.42,66.72,19.7,3.9
2025-05-04,Norte,Eletrônicos,Notebook Aura,Marketplace,9,1039.3,9353.7,8250.29,1103.41,3.7
2025-05-05,Sudeste,Eletrônicos,Notebook Aura,E-commerce,8,1817.32,14538.56,11018.69,3519.87,3.7
2025-05-05,Sudeste,Esporte e Lazer,Prancha Maré,E-commerce,8,143.5,1148.0,722.63,425.37,3.4
2025-05-05,Norte,Alimentos,Azeite Oliva,E-commerce,3,42.15,126.45,94.59,31.86,3.8
2025-05-05,Sudeste,Vestuário,Jaqueta Norte,Loja física,3,55.65,166.95,73.82,93.13,4.8
2025-05-05,Centro-Oeste,Casa e Decoração,Vaso Raiz,E-commerce,2,308.37,616.74,359.75,256.99,3.9
2025-05-05,Nordeste,Casa e Decoração,Luminária Sol,E-commerce,2,239.9,479.8,220.75,259.05,4.2
2025-05-05,Centro-Oeste,Vestuário,Camiseta Base,E-commerce,2,189.13,378.26,204.22,174.04,4.0
2025-05-06,Centro-Oeste,Vestuário,Tênis Passo,E-commerce,4,132.72,530.88,217.9,312.98,4.0
2025-05-06,Centro-Oeste,Vestuário,Tênis Passo,Loja física,4,108.95,435.8,197.48,238.32,4.4
2025-05-06,Sudeste,Alimentos,Café Serra,E-commerce,11,28.61,314.71,232.9,81.81,3.7
2025-05-06,Sudeste,Casa e Decoração,Cadeira Foco,Loja física,5,336.05,1680.25,866.72,813.53,4.7
2025-05-06,Centro-Oeste,Eletrônicos,Notebook Aura,Marketplace,2,2475.09,4950.18,4590.67,359.51,4.1
2025-05-06,Centro-Oeste,Vestuário,Jaqueta Norte,E-commerce,3,166.36,499.08,238.2,260.88,4.2
2025-05-07,Sudeste,Alimentos,Granola Cheia,E-commerce,12,71.68,860.16,646.99,213.17,4.3
2025-05-07,Sul,Casa e Decoração,Vaso Raiz,Loja física,4,275.12,1100.48,766.56,333.92,4.0
2025-05-07,Sudeste,Casa e Decoração,Vaso Raiz,Loja física,8,373.21,2985.68,1571.7,1413.98,3.4
2025-05-08,Sudeste,Eletrônicos,Monitor Vista,Loja física,8,2018.61,16148.88,14338.06,1810.82,4.4
2025-05-08,Sudeste,Alimentos,Granola Cheia,Loja física,5,64.24,321.2,236.47,84.73,4.0
2025-05-08,Sudeste,Eletrônicos,Tablet Nimbus,Loja física,1,2134.4,2134.4,1644.71,489.69,4.0
2025-05-08,Norte,Eletrônicos,Notebook Aura,Loja física,3,1670.25,5010.75,4184.84,825.91,4.1
2025-05-08,Sul,Vestuário,Tênis Passo,Loja física,4,150.32,601.28,359.87,241.41,2.9
2025-05-08,Sudeste,Vestuário,Tênis Passo,Loja física,7,233.36,1633.52,728.92,904.6,4.6
2025-05-08,Centro-Oeste,Eletrônicos,Notebook Aura,Loja física,2,1862.47,3724.94,2867.88,857.06,1.8
2025-05-09,Nordeste,Casa e Decoração,Cadeira Foco,E-commerce,1,292.47,292.47,172.17,120.3,4.0
2025-05-09,Sudeste,Esporte e Lazer,Halteres Par,Loja física,3,185.04,555.12,374.66,180.46,3.7
2025-05-10,Nordeste,Alimentos,Azeite Oliva,E-commerce,3,47.13,141.39,113.27,28.12,4.2
2025-05-10,Sudeste,Casa e Decoração,Cadeira Foco,E-commerce,8,296.97,2375.76,1298.71,1077.05,3.6
2025-05-10,Nordeste,Eletrônicos,Notebook Aura,E-commerce,5,1963.28,9816.4,7857.27,1959.13,3.6
2025-05-10,Sudeste,Casa e Decoração,Cadeira Foco,E-commerce,8,334.02,2672.16,1376.49,1295.67,4.2
2025-05-10,Centro-Oeste,Esporte e Lazer,Bicicleta Rota,Loja física,1,645.86,645.86,419.63,226.23,4.1
2025-05-10,Sudeste,Vestuário,Jaqueta Norte,E-commerce,10,120.7,1207.0,637.47,569.53,3.9
2025-05-10,Sul,Esporte e Lazer,Prancha Maré,Loja física,7,173.71,1215.97,727.22,488.75,3.7
2025-05-10,Norte,Alimentos,Chá Manhã,E-commerce,4,27.43,109.72,85.77,23.95,3.1
2025-05-10,Sul,Vestuário,Camiseta Base,E-commerce,9,124.15,1117.35,553.66,563.69,3.7
2025-05-11,Sul,Vestuário,Calça Trilha,E-commerce,11,181.76,1999.36,1099.91,899.45,3.2
2025-05-11,Sul,Vestuário,Tênis Passo,Loja física,5,94.99,474.95,239.58,235.37,4.2
2025-05-11,Nordeste,Eletrônicos,Monitor Vista,E-commerce,6,2369.36,14216.16,11284.01,2932.15,4.7
2025-05-11,Sudeste,Eletrônicos,Monitor Vista,Loja física,8,1227.32,9818.56,8113.05,1705.51,3.5
2025-05-12,Nordeste,Alimentos,Café Serra,E-commerce,6,63.29,379.74,263.22,116.52,5.0
2025-05-12,Sudeste,Casa e Decoração,Cadeira Foco,E-commerce,6,134.09,804.54,489.5,315.04,3.5
2025-05-12,Sul,Casa e Decoração,Tapete Onda,E-commerce,4,112.0,448.0,250.47,197.53,3.4
2025-05-12,Sudeste,Alimentos,Café Serra,E-commerce,6,33.84,203.04,145.32,57.72,3.8
2025-05-13,Sudeste,Eletrônicos,Notebook Aura,Marketplace,6,1480.15,8880.9,7941.4,939.5,3.2
2025-05-13,Sul,Alimentos,Granola Cheia,Marketplace,7,59.83,418.81,324.76,94.05,3.3
2025-05-13,Nordeste,Alimentos,Café Serra,E-commerce,4,50.58,202.32,152.1,50.22,4.0
2025-05-13,Sudeste,Esporte e Lazer,Barraca Cume,E-commerce,4,297.5,1190.0,770.39,419.61,3.1
2025-05-13,Centro-Oeste,Vestuário,Tênis Passo,Marketplace,3,199.67,599.01,374.63,224.38,4.6
2025-05-13,Sudeste,Esporte e Lazer,Barraca Cume,Loja física,5,428.65,2143.25,1408.4,734.85,4.4
2025-05-13,Sul,Casa e Decoração,Luminária Sol,E-commerce,4,307.09,1228.36,703.78,524.58,3.9
2025-05-13,Sudeste,Eletrônicos,Tablet Nimbus,Loja física,3,1075.11,3225.33,2776.53,448.8,2.7
2025-05-14,Norte,Esporte e Lazer,Halteres Par,Loja física,3,352.66,1057.98,688.4,369.58,4.5
2025-05-14,Sudeste,Eletrônicos,Monitor Vista,Marketplace,5,1390.74,6953.7,6784.85,168.85,2.9
2025-05-14,Sudeste,Esporte e Lazer,Halteres Par,E-commerce,10,359.56,3595.6,2345.27,1250.33,3.2
2025-05-14,Norte,Eletrônicos,Fone Pulse,E-commerce,1,2789.33,2789.33,2082.61,706.72,3.8
2025-05-15,Centro-Oeste,Alimentos,Chá Manhã,Marketplace,3,50.14,150.42,135.55,14.87,3.7
2025-05-15,Sul,Casa e Decoração,Vaso Raiz,E-commerce,7,426.0,2982.0,1560.45,1421.55,4.1
2025-05-16,Centro-Oeste,Eletrônicos,Tablet Nimbus,E-commerce,3,1788.46,5365.38,3906.75,1458.63,4.1
2025-05-16,Nordeste,Esporte e Lazer,Prancha Maré,Marketplace,3,503.16,1509.48,1080.42,429.06,4.1
2025-05-16,Nordeste,Esporte e Lazer,Bicicleta Rota,E-commerce,6,308.51,1851.06,1233.59,617.47,3.8
2025-05-16,Sul,Esporte e Lazer,Prancha Maré,Loja física,7,600.74,4205.18,2766.98,1438.2,3.9
2025-05-16,Sudeste,Casa e Decoração,Luminária Sol,Marketplace,10,417.76,4177.6,3087.69,1089.91,4.0
2025-05-16,Sudeste,Vestuário,Calça Trilha,E-commerce,3,134.52,403.56,173.31,230.25,4.6
2025-05-16,Sudeste,Esporte e Lazer,Bicicleta Rota,Loja física,11,500.1,5501.1,3876.65,1624.45,4.6
2025-05-17,Nordeste,Casa e Decoração,Cadeira Foco,E-commerce,6,137.76,826.56,497.83,328.73,3.2
2025-05-17,Nordeste,Esporte e Lazer,Bicicleta Rota,Loja física,11,571.21,6283.31,3630.73,2652.58,4.0
2025-05-17,Sudeste,Eletrônicos,Notebook Aura,Marketplace,9,1883.82,16954.38,14354.01,2600.37,4.3
2025-05-18,Nordeste,Alimentos,Chá Manhã,Marketplace,6,66.98,401.88,320.32,81.56,3.9
2025-05-18,Nordeste,Casa e Decoração,Cadeira Foco,E-commerce,2,250.9,501.8,306.3,195.5,4.3
2025-05-18,Sul,Esporte e Lazer,Prancha Maré,E-commerce,6,405.33,2431.98,1755.14,676.84,3.7
2025-05-18,Centro-Oeste,Vestuário,Tênis Passo,E-commerce,8,127.62,1020.96,478.55,542.41,3.7
2025-05-19,Sul,Eletrônicos,Notebook Aura,E-commerce,7,2106.65,14746.55,12047.09,2699.46,3.0
2025-05-19,Sudeste,Eletrônicos,Monitor Vista,Loja física,10,2861.18,28611.8,23429.84,5181.96,4.1
2025-05-19,Sudeste,Eletrônicos,Tablet Nimbus,E-commerce,6,1576.5,9459.0,7806.51,1652.49,4.7
2025-05-20,Norte,Esporte e Lazer,Bicicleta Rota,Marketplace,3,430.57,1291.71,829.13,462.58,4.1
2025-05-20,Sul,Esporte e Lazer,Bicicleta Rota,Loja física,5,456.46,2282.3,1457.82,824.48,3.8
2025-05-21,Sudeste,Casa e Decoração,Luminária Sol,E-commerce,7,427.53,2992.71,1636.37,1356.34,3.1
2025-05-21,Norte,Casa e Decoração,Tapete Onda,E-commerce,2,483.01,966.02,539.59,426.43,5.0
2025-05-21,Nordeste,Casa e Decoração,Luminária Sol,E-commerce,5,331.23,1656.15,903.53,752.62,3.7
2025-05-22,Sul,Casa e Decoração,Vaso Raiz,Loja física,3,234.69,704.07,390.51,313.56,4.1
2025-05-22,Sul,Vestuário,Jaqueta Norte,Loja física,7,166.85,1167.95,540.94,627.01,4.7
2025-05-22,Norte,Vestuário,Camiseta Base,E-commerce,7,98.79,691.53,367.02,324.51,3.3
2025-05-24,Norte,Alimentos,Granola Cheia,E-commerce,2,68.21,136.42,109.06,27.36,4.4
2025-05-24,Sul,Vestuário,Jaqueta Norte,Loja física,10,79.45,794.5,389.8,404.7,3.7
2025-05-24,Sudeste,Alimentos,Chá Manhã,E-commerce,11,26.94,296.34,185.3,111.04,3.9
2025-05-24,Sudeste,Esporte e Lazer,Halteres Par,E-commerce,17,523.57,8900.69,5781.8,3118.89,3.9
2025-05-24,Sul,Vestuário,Jaqueta Norte,E-commerce,5,87.85,439.25,218.91,220.34,4.6
2025-05-25,Sul,Eletrônicos,Tablet Nimbus,E-commerce,3,1309.99,3929.97,3134.01,795.96,4.0
2025-05-25,Sudeste,Casa e Decoração,Luminária Sol,Loja física,8,456.38,3651.04,2252.85,1398.19,4.1
2025-05-26,Nordeste,Eletrônicos,Tablet Nimbus,E-commerce,7,1961.99,13733.93,11414.69,2319.24,3.8
2025-05-26,Nordeste,Eletrônicos,Notebook Aura,E-commerce,2,1700.68,3401.36,3025.69,375.67,5.0
2025-05-26,Sudeste,Casa e Decoração,Luminária Sol,E-commerce,5,401.56,2007.8,1081.26,926.54,3.7
2025-05-26,Nordeste,Alimentos,Granola Cheia,E-commerce,2,77.33,154.66,114.09,40.57,3.7
2025-05-26,Sudeste,Casa e Decoração,Vaso Raiz,E-commerce,4,307.21,1228.84,621.07,607.77,4.8
2025-05-26,Nordeste,Casa e Decoração,Vaso Raiz,Loja física,3,192.44,577.32,342.41,234.91,4.1
2025-05-26,Sudeste,Alimentos,Azeite Oliva,E-commerce,5,72.63,363.15,261.42,101.73,4.0
2025-05-26,Sul,Vestuário,Tênis Passo,Loja física,6,142.62,855.72,429.95,425.77,3.3
2025-05-26,Sul,Eletrônicos,Fone Pulse,E-commerce,3,1743.77,5231.31,4252.94,978.37,4.2
2025-05-26,Sudeste,Casa e Decoração,Vaso Raiz,E-commerce,8,168.32,1346.56,663.05,683.51,4.1
2025-05-27,Norte,Vestuário,Jaqueta Norte,Loja física,3,169.78,509.34,257.87,251.47,4.0
2025-05-27,Norte,Vestuário,Tênis Passo,Loja física,4,204.73,818.92,333.44,485.48,3.7
2025-05-27,Sul,Eletrônicos,Tablet Nimbus,E-commerce,2,2359.24,4718.48,3970.53,747.95,3.7
2025-05-27,Sul,Vestuário,Camiseta Base,Loja física,2,120.29,240.58,127.37,113.21,4.6
2025-05-27,Sudeste,Esporte e Lazer,Halteres Par,E-commerce,3,457.72,1373.16,783.22,589.94,3.7
2025-05-28,Norte,Eletrônicos,Fone Pulse,Loja física,8,2167.95,17343.6,14316.43,3027.17,2.9
2025-05-28,Centro-Oeste,Vestuário,Tênis Passo,E-commerce,4,101.34,405.36,181.98,223.38,4.4
2025-05-28,Sudeste,Vestuário,Camiseta Base,Loja física,7,151.04,1057.28,560.26,497.02,4.6
2025-05-28,Centro-Oeste,Alimentos,Café Serra,Loja física,4,39.93,159.72,119.07,40.65,2.6
2025-05-29,Nordeste,Esporte e Lazer,Bicicleta Rota,Loja física,4,523.02,2092.08,1350.8,741.28,3.4
2025-05-30,Sudeste,Alimentos,Chá Manhã,E-commerce,6,38.67,232.02,170.78,61.24,3.7
2025-05-30,Nordeste,Vestuário,Calça Trilha,Loja física,3,172.85,518.55,265.68,252.87,3.4
2025-05-30,Nordeste,Alimentos,Café Serra,Marketplace,5,57.95,289.75,221.56,68.19,3.8
2025-05-30,Norte,Vestuário,Tênis Passo,E-commerce,2,125.83,251.66,130.41,121.25,3.7
2025-05-30,Sudeste,Esporte e Lazer,Bicicleta Rota,Loja física,6,429.11,2574.66,1756.56,818.1,4.1
2025-05-30,Nordeste,Esporte e Lazer,Barraca Cume,E-commerce,3,562.04,1686.12,1051.44,634.68,3.5
2025-05-30,Sul,Esporte e Lazer,Barraca Cume,E-commerce,2,479.24,958.48,659.02,299.46,4.5
2025-05-30,Sudeste,Casa e Decoração,Tapete Onda,E-commerce,8,112.0,896.0,523.69,372.31,4.4
2025-05-31,Sudeste,Esporte e Lazer,Prancha Maré,E-commerce,5,409.8,2049.0,1301.42,747.58,4.5
2025-05-31,Centro-Oeste,Eletrônicos,Tablet Nimbus,Loja física,3,1218.82,3656.46,2797.64,858.82,3.5
2025-05-31,Centro-Oeste,Alimentos,Azeite Oliva,Loja física,3,55.32,165.96,136.86,29.1,4.0
2025-05-31,Sudeste,Esporte e Lazer,Bicicleta Rota,Marketplace,10,429.21,4292.1,3021.04,1271.06,3.8
2025-06-01,Sudeste,Casa e Decoração,Cadeira Foco,Loja física,7,143.75,1006.25,563.7,442.55,4.6
2025-06-01,Nordeste,Vestuário,Tênis Passo,E-commerce,8,142.75,1142.0,556.03,585.97,3.8
2025-06-01,Sudeste,Vestuário,Tênis Passo,E-commerce,9,179.57,1616.13,819.29,796.84,4.9
2025-06-01,Centro-Oeste,Eletrônicos,Fone Pulse,Loja física,8,2643.54,21148.32,17504.34,3643.98,4.1
2025-06-02,Sul,Casa e Decoração,Cadeira Foco,E-commerce,8,174.61,1396.88,842.37,554.51,4.1
2025-06-02,Sul,Esporte e Lazer,Halteres Par,Loja física,6,500.75,3004.5,1925.59,1078.91,3.3
2025-06-02,Sudeste,Vestuário,Calça Trilha,Marketplace,5,89.12,445.6,246.9,198.7,3.7
2025-06-02,Sul,Eletrônicos,Monitor Vista,Loja física,8,1912.35,15298.8,12497.7,2801.1,3.4
2025-06-02,Sudeste,Alimentos,Azeite Oliva,Marketplace,2,62.22,124.44,110.82,13.62,3.8
2025-06-02,Sul,Casa e Decoração,Tapete Onda,Marketplace,4,190.82,763.28,492.3,270.98,3.7
2025-06-02,Centro-Oeste,Vestuário,Tênis Passo,E-commerce,8,99.1,792.8,351.11,441.69,4.3
2025-06-03,Sul,Eletrônicos,Tablet Nimbus,E-commerce,4,1698.95,6795.8,5008.97,1786.83,3.3
2025-06-03,Norte,Esporte e Lazer,Halteres Par,E-commerce,4,478.67,1914.68,1172.93,741.75,4.3
2025-06-03,Sudeste,Alimentos,Azeite Oliva,E-commerce,12,48.73,584.76,460.28,124.48,4.1
2025-06-03,Nordeste,Casa e Decoração,Luminária Sol,E-commerce,7,333.26,2332.82,1427.14,905.68,4.6
2025-06-03,Sudeste,Esporte e Lazer,Halteres Par,Marketplace,4,364.47,1457.88,1133.11,324.77,3.6
2025-06-04,Sul,Casa e Decoração,Cadeira Foco,Loja física,8,196.69,1573.52,1077.06,496.46,3.4
2025-06-04,Sul,Casa e Decoração,Vaso Raiz,E-commerce,7,522.96,3660.72,2372.54,1288.18,3.1
2025-06-04,Sul,Vestuário,Tênis Passo,Loja física,5,236.02,1180.1,559.36,620.74,4.3
2025-06-04,Sul,Esporte e Lazer,Barraca Cume,E-commerce,3,648.52,1945.56,1101.77,843.79,4.8
2025-06-04,Sudeste,Alimentos,Granola Cheia,E-commerce,5,38.29,191.45,132.14,59.31,3.8
2025-06-05,Sudeste,Eletrônicos,Notebook Aura,Loja física,6,1849.91,11099.46,10534.28,565.18,4.1
2025-06-05,Sudeste,Alimentos,Café Serra,Loja física,8,67.33,538.64,423.87,114.77,3.9
2025-06-05,Sul,Vestuário,Tênis Passo,E-commerce,6,121.49,728.94,392.0,336.94,4.0
2025-06-05,Sul,Alimentos,Granola Cheia,Loja física,3,40.54,121.62,94.85,26.77,3.7
2025-06-06,Nordeste,Eletrônicos,Monitor Vista,Marketplace,5,1589.27,7946.35,7297.79,648.56,4.6
2025-06-06,Sudeste,Casa e Decoração,Vaso Raiz,E-commerce,3,363.66,1090.98,599.86,491.12,4.3
2025-06-06,Centro-Oeste,Alimentos,Granola Cheia,Loja física,6,34.74,208.44,156.88,51.56,4.1
2025-06-06,Norte,Alimentos,Chá Manhã,E-commerce,2,23.6,47.2,37.92,9.28,3.6
2025-06-06,Sul,Vestuário,Calça Trilha,E-commerce,6,166.11,996.66,520.51,476.15,4.0
2025-06-06,Sudeste,Esporte e Lazer,Barraca Cume,E-commerce,5,332.59,1662.95,1075.0,587.95,3.8
2025-06-08,Nordeste,Eletrônicos,Tablet Nimbus,Marketplace,5,2186.76,10933.8,10636.3,297.5,4.0
2025-06-08,Nordeste,Vestuário,Jaqueta Norte,E-commerce,3,161.13,483.39,248.6,234.79,3.5
2025-06-08,Nordeste,Casa e Decoração,Cadeira Foco,E-commerce,11,142.11,1563.21,995.78,567.43,4.0
2025-06-08,Nordeste,Alimentos,Azeite Oliva,Marketplace,9,20.7,186.3,152.42,33.88,3.5
2025-06-08,Sul,Casa e Decoração,Vaso Raiz,E-commerce,8,318.36,2546.88,1404.58,1142.3,3.8
2025-06-08,Sudeste,Eletrônicos,Fone Pulse,E-commerce,8,1421.8,11374.4,8965.92,2408.48,4.1
2025-06-08,Centro-Oeste,Vestuário,Jaqueta Norte,E-commerce,4,55.65,222.6,108.88,113.72,4.2
2025-06-08,Centro-Oeste,Esporte e Lazer,Barraca Cume,E-commerce,6,403.24,2419.44,1534.09,885.35,4.0
2025-06-09,Sudeste,Casa e Decoração,Tapete Onda,Marketplace,8,291.32,2330.56,2004.01,326.55,3.9
2025-06-09,Norte,Eletrônicos,Notebook Aura,Loja física,3,1421.98,4265.94,3369.74,896.2,3.5
2025-06-09,Sudeste,Eletrônicos,Notebook Aura,E-commerce,7,1724.18,12069.26,10072.51,1996.75,3.0
2025-06-10,Sudeste,Eletrônicos,Notebook Aura,E-commerce,10,1100.09,11000.9,8756.08,2244.82,4.0
2025-06-10,Sudeste,Eletrônicos,Fone Pulse,E-commerce,8,2418.27,19346.16,14921.56,4424.6,3.3
2025-06-10,Sudeste,Vestuário,Tênis Passo,Loja física,5,148.94,744.7,387.68,357.02,4.4
2025-06-10,Nordeste,Alimentos,Granola Cheia,E-commerce,2,44.9,89.8,64.3,25.5,4.2
2025-06-10,Sul,Casa e Decoração,Luminária Sol,Loja física,6,364.76,2188.56,1314.2,874.36,5.0
2025-06-10,Nordeste,Eletrônicos,Fone Pulse,E-commerce,7,1101.2,7708.4,7137.14,571.26,3.4
2025-06-10,Centro-Oeste,Alimentos,Azeite Oliva,Loja física,4,64.56,258.24,165.88,92.36,3.9
2025-06-11,Sul,Casa e Decoração,Cadeira Foco,E-commerce,4,323.27,1293.08,708.73,584.35,3.0
2025-06-11,Nordeste,Esporte e Lazer,Halteres Par,Loja física,6,404.2,2425.2,1465.21,959.99,4.3
2025-06-11,Sudeste,Vestuário,Camiseta Base,E-commerce,8,157.22,1257.76,497.19,760.57,4.1
2025-06-11,Nordeste,Casa e Decoração,Luminária Sol,Marketplace,5,423.6,2118.0,1423.12,694.88,3.6
2025-06-11,Norte,Eletrônicos,Fone Pulse,Loja física,3,1454.99,4364.97,3806.81,558.16,3.9
2025-06-11,Centro-Oeste,Alimentos,Azeite Oliva,E-commerce,4,56.32,225.28,173.74,51.54,3.8
2025-06-11,Centro-Oeste,Eletrônicos,Tablet Nimbus,Marketplace,5,1917.46,9587.3,8627.89,959.41,3.9
2025-06-11,Nordeste,Casa e Decoração,Vaso Raiz,Loja física,7,446.07,3122.49,1874.07,1248.42,3.6
2025-06-11,Nordeste,Esporte e Lazer,Bicicleta Rota,E-commerce,7,361.09,2527.63,1629.76,897.87,4.4
2025-06-12,Sudeste,Esporte e Lazer,Prancha Maré,Loja física,4,570.37,2281.48,1453.51,827.97,3.0
2025-06-12,Sul,Esporte e Lazer,Halteres Par,Loja física,3,738.23,2214.69,1479.55,735.14,3.8
2025-06-12,Norte,Esporte e Lazer,Halteres Par,Marketplace,4,393.52,1574.08,1052.27,521.81,3.8
2025-06-12,Sudeste,Casa e Decoração,Cadeira Foco,E-commerce,8,376.44,3011.52,1684.84,1326.68,4.0
2025-06-12,Centro-Oeste,Alimentos,Café Serra,E-commerce,4,33.56,134.24,102.02,32.22,3.8
2025-06-12,Sul,Alimentos,Chá Manhã,Loja física,6,66.57,399.42,317.23,82.19,3.7
2025-06-12,Nordeste,Alimentos,Azeite Oliva,Marketplace,5,38.69,193.45,175.81,17.64,3.8
2025-06-13,Sudeste,Esporte e Lazer,Prancha Maré,E-commerce,12,732.12,8785.44,5014.02,3771.42,3.8
2025-06-13,Sudeste,Alimentos,Azeite Oliva,E-commerce,8,104.61,836.88,618.1,218.78,3.7
2025-06-13,Sudeste,Eletrônicos,Fone Pulse,Loja física,6,1048.04,6288.24,5234.62,1053.62,5.0
2025-06-13,Sul,Eletrônicos,Tablet Nimbus,E-commerce,9,2325.79,20932.11,16125.88,4806.23,3.1
2025-06-14,Sul,Casa e Decoração,Cadeira Foco,E-commerce,5,164.41,822.05,487.34,334.71,3.2
2025-06-14,Sul,Vestuário,Calça Trilha,E-commerce,3,150.95,452.85,203.66,249.19,4.4
2025-06-14,Sul,Esporte e Lazer,Prancha Maré,E-commerce,11,270.74,2978.14,2047.78,930.36,3.0
2025-06-14,Sudeste,Casa e Decoração,Cadeira Foco,E-commerce,8,598.33,4786.64,2843.53,1943.11,4.3
2025-06-14,Sudeste,Casa e Decoração,Luminária Sol,Marketplace,4,185.33,741.32,502.66,238.66,3.1
2025-06-14,Sul,Eletrônicos,Fone Pulse,Loja física,6,1699.12,10194.72,7818.85,2375.87,3.1
2025-06-15,Sudeste,Eletrônicos,Fone Pulse,Loja física,6,1824.71,10948.26,8333.38,2614.88,4.5
2025-06-15,Sul,Vestuário,Tênis Passo,E-commerce,7,204.65,1432.55,728.14,704.41,3.6
2025-06-15,Sudeste,Casa e Decoração,Cadeira Foco,Loja física,8,612.6,4900.8,3094.34,1806.46,4.2
2025-06-15,Sudeste,Esporte e Lazer,Bicicleta Rota,E-commerce,6,333.06,1998.36,1012.3,986.06,2.6
2025-06-15,Nordeste,Vestuário,Camiseta Base,E-commerce,7,55.65,389.55,175.41,214.14,3.7
2025-06-16,Centro-Oeste,Alimentos,Azeite Oliva,Loja física,3,34.34,103.02,79.16,23.86,3.4
2025-06-16,Sul,Esporte e Lazer,Barraca Cume,Loja física,5,507.27,2536.35,1633.23,903.12,4.2
2025-06-16,Sul,Alimentos,Café Serra,E-commerce,4,38.09,152.36,103.3,49.06,3.7
2025-06-16,Sudeste,Esporte e Lazer,Prancha Maré,Marketplace,6,682.77,4096.62,3012.71,1083.91,4.3
2025-06-16,Centro-Oeste,Esporte e Lazer,Barraca Cume,Marketplace,4,404.81,1619.24,1139.5,479.74,2.6
2025-06-17,Sudeste,Alimentos,Café Serra,E-commerce,4,23.16,92.64,69.96,22.68,5.0
2025-06-17,Sudeste,Alimentos,Granola Cheia,Loja física,10,73.46,734.6,522.45,212.15,3.4
2025-06-17,Sudeste,Alimentos,Granola Cheia,Loja física,8,44.21,353.68,273.02,80.66,3.1
2025-06-17,Norte,Eletrônicos,Monitor Vista,E-commerce,4,2554.5,10218.0,8254.68,1963.32,3.8
2025-06-17,Sul,Eletrônicos,Fone Pulse,E-commerce,9,2148.99,19340.91,16124.58,3216.33,3.9
2025-06-17,Nordeste,Alimentos,Granola Cheia,E-commerce,4,29.77,119.08,88.22,30.86,4.0
2025-06-17,Sudeste,Alimentos,Granola Cheia,Marketplace,3,43.05,129.15,112.05,17.1,3.9
2025-06-18,Sudeste,Casa e Decoração,Tapete Onda,E-commerce,6,288.37,1730.22,825.87,904.35,3.5
2025-06-18,Sudeste,Alimentos,Azeite Oliva,E-commerce,8,16.8,134.4,111.02,23.38,3.0
2025-06-18,Sul,Vestuário,Tênis Passo,Loja física,5,204.61,1023.05,459.31,563.74,3.4
2025-06-18,Sudeste,Vestuário,Tênis Passo,Loja física,3,133.46,400.38,179.42,220.96,4.5
2025-06-19,Centro-Oeste,Casa e Decoração,Tapete Onda,E-commerce,3,396.28,1188.84,672.97,515.87,3.9
2025-06-19,Sudeste,Casa e Decoração,Luminária Sol,E-commerce,13,317.74,4130.62,2226.47,1904.15,4.2
2025-06-19,Sul,Casa e Decoração,Luminária Sol,Loja física,6,198.54,1191.24,701.78,489.46,5.0
2025-06-19,Norte,Vestuário,Jaqueta Norte,Loja física,2,99.3,198.6,93.51,105.09,5.0
2025-06-20,Sul,Alimentos,Café Serra,E-commerce,5,50.91,254.55,192.1,62.45,3.5
2025-06-20,Nordeste,Alimentos,Azeite Oliva,Loja física,7,58.39,408.73,333.14,75.59,2.9
2025-06-20,Norte,Eletrônicos,Fone Pulse,Loja física,2,1369.13,2738.26,2421.88,316.38,3.9
2025-06-20,Sul,Casa e Decoração,Vaso Raiz,Marketplace,8,440.38,3523.04,2408.81,1114.23,3.9
2025-06-20,Nordeste,Alimentos,Granola Cheia,Loja física,4,62.23,248.92,180.23,68.69,4.4
2025-06-20,Norte,Vestuário,Jaqueta Norte,Marketplace,2,223.62,447.24,255.66,191.58,2.8
2025-06-20,Sudeste,Vestuário,Calça Trilha,Loja física,7,100.69,704.83,304.59,400.24,3.2
2025-06-20,Sul,Vestuário,Tênis Passo,E-commerce,6,153.01,918.06,401.99,516.07,3.4
2025-06-21,Norte,Vestuário,Jaqueta Norte,E-commerce,4,114.77,459.08,229.59,229.49,4.1
2025-06-21,Sul,Eletrônicos,Monitor Vista,Loja física,10,1666.78,16667.8,14510.54,2157.26,4.0
2025-06-21,Centro-Oeste,Esporte e Lazer,Bicicleta Rota,Marketplace,7,236.47,1655.29,1168.61,486.68,4.1
2025-06-21,Sudeste,Alimentos,Café Serra,E-commerce,8,32.35,258.8,183.5,75.3,4.0
2025-06-21,Centro-Oeste,Esporte e Lazer,Prancha Maré,E-commerce,7,342.59,2398.13,1587.36,810.77,3.8
2025-06-21,Sudeste,Casa e Decoração,Cadeira Foco,E-commerce,11,249.1,2740.1,1610.27,1129.83,3.6
2025-06-21,Sudeste,Casa e Decoração,Luminária Sol,E-commerce,6,347.93,2087.58,1244.2,843.38,3.5
2025-06-21,Nordeste,Vestuário,Camiseta Base,E-commerce,5,271.92,1359.6,484.56,875.04,4.1
2025-06-21,Sudeste,Esporte e Lazer,Barraca Cume,E-commerce,10,291.27,2912.7,1817.53,1095.17,3.0
2025-06-21,Norte,Alimentos,Café Serra,Marketplace,2,48.35,96.7,82.22,14.48,4.0
2025-06-22,Sudeste,Eletrônicos,Fone Pulse,E-commerce,6,1973.92,11843.52,9847.62,1995.9,3.5
2025-06-22,Sudeste,Alimentos,Chá Manhã,Loja física,7,70.52,493.64,386.11,107.53,3.5
2025-06-22,Sudeste,Casa e Decoração,Tapete Onda,Loja física,7,228.11,1596.77,960.55,636.22,4.3
2025-06-22,Nordeste,Casa e Decoração,Vaso Raiz,Marketplace,3,208.13,624.39,420.17,204.22,3.6
2025-06-22,Sudeste,Eletrônicos,Fone Pulse,E-commerce,9,1280.85,11527.65,9741.55,1786.1,3.5
2025-06-22,Norte,Casa e Decoração,Luminária Sol,E-commerce,2,166.16,332.32,171.9,160.42,4.6
2025-06-22,Sudeste,Alimentos,Café Serra,Marketplace,8,66.49,531.92,410.66,121.26,4.3
2025-06-23,Sul,Eletrônicos,Tablet Nimbus,Marketplace,17,1918.62,32616.54,30108.22,2508.32,3.6
2025-06-23,Sudeste,Vestuário,Camiseta Base,Loja física,11,166.95,1836.45,913.71,922.74,4.3
2025-06-23,Centro-Oeste,Alimentos,Chá Manhã,E-commerce,2,54.73,109.46,80.81,28.65,4.1
2025-06-23,Nordeste,Eletrônicos,Monitor Vista,E-commerce,11,2337.35,25710.85,20962.11,4748.74,3.6
2025-06-23,Sul,Eletrônicos,Notebook Aura,Loja física,3,1324.05,3972.15,3465.58,506.57,
2025-06-23,Centro-Oeste,Vestuário,Camiseta Base,Loja física,4,124.52,498.08,248.99,249.09,4.1
2025-06-23,Sudeste,Esporte e Lazer,Prancha Maré,Loja física,10,630.84,6308.4,3994.09,2314.31,3.5
2025-06-23,Sul,Casa e Decoração,Tapete Onda,E-commerce,3,280.0,840.0,501.22,338.78,3.8
2025-06-23,Sudeste,Esporte e Lazer,Bicicleta Rota,E-commerce,7,562.76,3939.32,2487.64,1451.68,3.2
2025-06-23,Sudeste,Casa e Decoração,Luminária Sol,Loja física,15,402.84,6042.6,3856.44,2186.16,
2025-06-24,Sudeste,Esporte e Lazer,Prancha Maré,E-commerce,9,425.93,3833.37,2428.32,1405.05,
2025-06-24,Sul,Alimentos,Azeite Oliva,E-commerce,5,53.63,268.15,197.46,70.69,2.9
2025-06-24,Sul,Vestuário,Tênis Passo,Loja física,8,233.78,1870.24,934.86,935.38,3.7
2025-06-24,Nordeste,Casa e Decoração,Luminária Sol,E-commerce,4,352.0,1408.0,805.37,602.63,4.2
2025-06-24,Centro-Oeste,Vestuário,Tênis Passo,Loja física,3,186.18,558.54,288.15,270.39,
2025-06-24,Nordeste,Eletrônicos,Monitor Vista,E-commerce,4,1169.5,4678.0,4090.43,587.57,3.4
2025-06-24,Sul,Esporte e Lazer,Prancha Maré,Loja física,9,967.87,8710.83,5875.45,2835.38,3.7
2025-06-24,Norte,Esporte e Lazer,Bicicleta Rota,Loja física,1,171.37,171.37,113.76,57.61,
2025-06-25,Sul,Vestuário,Camiseta Base,E-commerce,6,129.34,776.04,422.47,353.57,3.7
2025-06-25,Centro-Oeste,Vestuário,Camiseta Base,E-commerce,5,127.67,638.35,360.43,277.92,4.4
2025-06-26,Sudeste,Casa e Decoração,Tapete Onda,E-commerce,5,195.19,975.95,659.57,316.38,3.0
2025-06-26,Sul,Vestuário,Jaqueta Norte,Loja física,4,128.05,512.2,258.23,253.97,4.1
2025-06-26,Sul,Esporte e Lazer,Prancha Maré,E-commerce,4,726.2,2904.8,1756.9,1147.9,4.8
2025-06-26,Centro-Oeste,Casa e Decoração,Luminária Sol,E-commerce,4,247.93,991.72,521.93,469.79,3.9
2025-06-26,Sul,Vestuário,Calça Trilha,E-commerce,9,183.3,1649.7,745.85,903.85,3.7
2025-06-27,Centro-Oeste,Casa e Decoração,Vaso Raiz,E-commerce,8,388.44,3107.52,1803.61,1303.91,4.7
2025-06-27,Sudeste,Eletrônicos,Monitor Vista,E-commerce,6,1504.9,9029.4,8129.76,899.64,2.9
2025-06-27,Norte,Casa e Decoração,Cadeira Foco,Loja física,7,344.91,2414.37,1434.94,979.43,4.1
2025-06-27,Sudeste,Casa e Decoração,Vaso Raiz,Marketplace,8,395.2,3161.6,2276.29,885.31,4.0
2025-06-27,Sudeste,Vestuário,Calça Trilha,E-commerce,7,263.87,1847.09,1097.23,749.86,4.3
2025-06-27,Centro-Oeste,Vestuário,Tênis Passo,E-commerce,5,89.58,447.9,181.84,266.06,4.3
2025-06-27,Sudeste,Casa e Decoração,Tapete Onda,E-commerce,4,301.66,1206.64,787.68,418.96,3.9
2025-06-27,Sudeste,Vestuário,Calça Trilha,Marketplace,10,152.87,1528.7,898.55,630.15,4.2
2025-06-28,Sudeste,Esporte e Lazer,Halteres Par,Loja física,11,380.24,4182.64,2555.19,1627.45,
2025-06-28,Sudeste,Eletrônicos,Tablet Nimbus,E-commerce,8,1793.18,14345.44,11534.81,2810.63,2.7
2025-06-28,Sudeste,Vestuário,Tênis Passo,Loja física,4,55.65,222.6,115.1,107.5,3.0
2025-06-28,Sul,Esporte e Lazer,Barraca Cume,Loja física,9,410.14,3691.26,2349.3,1341.96,4.4
2025-06-28,Nordeste,Casa e Decoração,Vaso Raiz,E-commerce,9,628.26,5654.34,3469.07,2185.27,4.9
2025-06-28,Nordeste,Casa e Decoração,Vaso Raiz,Loja física,5,299.2,1496.0,847.89,648.11,3.4
2025-06-29,Nordeste,Casa e Decoração,Vaso Raiz,Loja física,12,291.08,3492.96,2301.47,1191.49,3.2
2025-06-29,Sudeste,Eletrônicos,Notebook Aura,Loja física,6,1505.05,9030.3,7298.36,1731.94,3.0
2025-06-29,Sudeste,Alimentos,Azeite Oliva,E-commerce,6,24.22,145.32,115.19,30.13,3.5
2025-06-29,Nordeste,Vestuário,Tênis Passo,E-commerce,10,277.77,2777.7,1495.19,1282.51,4.5
2025-06-29,Sul,Vestuário,Tênis Passo,E-commerce,4,176.51,706.04,328.64,377.4,4.5
2025-06-29,Sul,Eletrônicos,Tablet Nimbus,E-commerce,6,1757.72,10546.32,8863.31,1683.01,3.3
2025-06-29,Nordeste,Alimentos,Granola Cheia,E-commerce,8,86.3,690.4,498.02,192.38,3.5
2025-06-29,Sudeste,Vestuário,Calça Trilha,Loja física,10,111.22,1112.2,512.63,599.57,5.0
2025-06-30,Sudeste,Eletrônicos,Tablet Nimbus,E-commerce,8,2075.82,16606.56,13730.2,2876.36,4.8
2025-06-30,Sudeste,Casa e Decoração,Luminária Sol,Loja física,7,183.86,1287.02,797.09,489.93,3.8
2025-06-30,Sudeste,Eletrônicos,Monitor Vista,E-commerce,9,2210.36,19893.24,16028.96,3864.28,3.8
2025-06-30,Centro-Oeste,Vestuário,Tênis Passo,Loja física,8,192.13,1537.04,847.52,689.52,4.3
2025-06-30,Sul,Esporte e Lazer,Bicicleta Rota,E-commerce,5,222.64,1113.2,660.09,453.11,4.1
2025-07-01,Centro-Oeste,Eletrônicos,Tablet Nimbus,E-commerce,6,2787.55,16725.3,13071.54,3653.76,3.6
2025-07-01,Norte,Eletrônicos,Tablet Nimbus,Loja física,4,1894.86,7579.44,6336.26,1243.18,3.8
2025-07-01,Norte,Eletrônicos,Monitor Vista,E-commerce,3,797.56,2392.68,1708.94,683.74,2.9
2025-07-01,Sudeste,Esporte e Lazer,Halteres Par,E-commerce,12,415.37,4984.44,2768.68,2215.76,3.7
2025-07-01,Sudeste,Casa e Decoração,Tapete Onda,Loja física,2,377.65,755.3,441.22,314.08,3.7
2025-07-01,Nordeste,Esporte e Lazer,Prancha Maré,Loja física,5,545.15,2725.75,1748.29,977.46,4.2
2025-07-01,Sudeste,Vestuário,Camiseta Base,E-commerce,7,240.05,1680.35,822.08,858.27,3.7
2025-07-01,Sudeste,Alimentos,Chá Manhã,Loja física,10,75.44,754.4,580.91,173.49,3.8
2025-07-02,Nordeste,Alimentos,Café Serra,E-commerce,7,56.58,396.06,274.6,121.46,3.9
2025-07-02,Nordeste,Esporte e Lazer,Bicicleta Rota,E-commerce,5,329.01,1645.05,983.51,661.54,3.9
2025-07-02,Centro-Oeste,Alimentos,Café Serra,E-commerce,4,23.72,94.88,67.5,27.38,3.7
2025-07-02,Nordeste,Eletrônicos,Monitor Vista,E-commerce,6,1533.47,9200.82,7228.37,1972.45,3.1
2025-07-02,Sul,Eletrônicos,Fone Pulse,Marketplace,3,1787.15,5361.45,4845.35,516.1,3.3
2025-07-02,Norte,Eletrônicos,Monitor Vista,Loja física,3,1313.11,3939.33,3496.05,443.28,3.0
2025-07-02,Sul,Esporte e Lazer,Prancha Maré,E-commerce,5,270.97,1354.85,862.36,492.49,3.5
2025-07-03,Sudeste,Eletrônicos,Fone Pulse,E-commerce,7,2308.86,16162.02,12547.41,3614.61,4.6
2025-07-03,Sul,Eletrônicos,Notebook Aura,Loja física,3,937.05,2811.15,2446.73,364.42,2.8
2025-07-03,Sudeste,Alimentos,Chá Manhã,E-commerce,8,53.18,425.44,269.46,155.98,4.9
2025-07-03,Sudeste,Casa e Decoração,Tapete Onda,Loja física,5,227.37,1136.85,653.28,483.57,3.9
2025-07-03,Sudeste,Casa e Decoração,Luminária Sol,E-commerce,6,364.4,2186.4,1296.34,890.06,3.4
2025-07-03,Sudeste,Vestuário,Camiseta Base,E-commerce,5,189.93,949.65,430.64,519.01,4.1
2025-07-03,Nordeste,Casa e Decoração,Vaso Raiz,Marketplace,3,222.28,666.84,452.66,214.18,3.9
2025-07-03,Sul,Alimentos,Azeite Oliva,Loja física,3,36.36,109.08,73.63,35.45,3.7
2025-07-04,Sul,Casa e Decoração,Cadeira Foco,Loja física,3,236.49,709.47,404.33,305.14,4.7
2025-07-04,Centro-Oeste,Casa e Decoração,Cadeira Foco,Loja física,2,290.16,580.32,361.41,218.91,4.7
2025-07-04,Nordeste,Alimentos,Azeite Oliva,E-commerce,4,35.56,142.24,113.11,29.13,3.7
2025-07-04,Nordeste,Casa e Decoração,Cadeira Foco,E-commerce,7,385.34,2697.38,1559.27,1138.11,3.6
2025-07-04,Sudeste,Eletrônicos,Monitor Vista,Loja física,5,2009.92,10049.6,8270.87,1778.73,3.2
2025-07-05,Sul,Alimentos,Azeite Oliva,Loja física,9,53.52,481.68,398.88,82.8,3.2
2025-07-05,Centro-Oeste,Vestuário,Camiseta Base,Loja física,2,188.82,377.64,204.76,172.88,4.7
2025-07-05,Sul,Casa e Decoração,Luminária Sol,E-commerce,7,254.05,1778.35,1057.09,721.26,4.8
2025-07-05,Sul,Esporte e Lazer,Prancha Maré,Loja física,7,402.54,2817.78,1796.54,1021.24,3.4
2025-07-05,Sudeste,Casa e Decoração,Cadeira Foco,E-commerce,6,370.04,2220.24,1316.87,903.37,2.6
2025-07-05,Sudeste,Alimentos,Chá Manhã,E-commerce,13,75.81,985.53,705.07,280.46,3.8
2025-07-06,Sudeste,Esporte e Lazer,Bicicleta Rota,E-commerce,8,143.5,1148.0,587.33,560.67,3.6
2025-07-06,Nordeste,Alimentos,Azeite Oliva,E-commerce,5,45.03,225.15,151.68,73.47,4.1
2025-07-06,Centro-Oeste,Esporte e Lazer,Barraca Cume,E-commerce,6,450.18,2701.08,1767.44,933.64,3.8
2025-07-06,Sudeste,Vestuário,Jaqueta Norte,Marketplace,3,103.82,311.46,194.85,116.61,3.5
2025-07-07,Sul,Alimentos,Granola Cheia,Loja física,3,16.8,50.4,37.28,13.12,3.9
2025-07-07,Sudeste,Alimentos,Azeite Oliva,E-commerce,5,46.8,234.0,172.63,61.37,3.7
2025-07-08,Norte,Alimentos,Café Serra,Loja física,1,23.05,23.05,18.49,4.56,3.3
2025-07-08,Sul,Eletrônicos,Notebook Aura,E-commerce,9,1858.54,16726.86,15759.52,967.34,2.3
2025-07-08,Sudeste,Casa e Decoração,Luminária Sol,E-commerce,8,284.63,2277.04,1240.48,1036.56,4.3
2025-07-08,Norte,Eletrônicos,Notebook Aura,Marketplace,3,2274.41,6823.23,6055.74,767.49,3.4
2025-07-08,Centro-Oeste,Alimentos,Azeite Oliva,E-commerce,6,31.17,187.02,135.75,51.27,3.1
2025-07-09,Centro-Oeste,Casa e Decoração,Vaso Raiz,E-commerce,3,112.0,336.0,219.57,116.43,3.8
2025-07-09,Nordeste,Alimentos,Azeite Oliva,E-commerce,3,27.68,83.04,70.89,12.15,4.0
2025-07-09,Nordeste,Eletrônicos,Tablet Nimbus,E-commerce,8,2149.97,17199.76,14797.37,2402.39,4.0
2025-07-09,Nordeste,Alimentos,Café Serra,E-commerce,2,50.22,100.44,80.89,19.55,3.8
2025-07-09,Sul,Casa e Decoração,Tapete Onda,E-commerce,10,112.0,1120.0,614.82,505.18,2.4
2025-07-09,Sudeste,Alimentos,Café Serra,E-commerce,11,33.64,370.04,255.48,114.56,4.1
2025-07-09,Sul,Eletrônicos,Fone Pulse,E-commerce,5,1822.09,9110.45,7336.48,1773.97,4.1
2025-07-09,Sul,Vestuário,Camiseta Base,E-commerce,7,125.46,878.22,354.78,523.44,4.2
2025-07-09,Sul,Casa e Decoração,Tapete Onda,E-commerce,7,220.92,1546.44,759.31,787.13,4.2
2025-07-09,Sudeste,Alimentos,Chá Manhã,E-commerce,4,16.8,67.2,49.56,17.64,3.2
2025-07-10,Sul,Esporte e Lazer,Prancha Maré,E-commerce,7,641.78,4492.46,2974.81,1517.65,3.3
2025-07-10,Sul,Casa e Decoração,Tapete Onda,E-commerce,4,308.66,1234.64,700.77,533.87,3.8
2025-07-10,Nordeste,Alimentos,Granola Cheia,Loja física,6,52.83,316.98,238.64,78.34,3.3
2025-07-11,Sudeste,Casa e Decoração,Vaso Raiz,E-commerce,6,183.79,1102.74,620.6,482.14,4.7
2025-07-11,Sudeste,Eletrônicos,Tablet Nimbus,Marketplace,10,2089.48,20894.8,19035.64,1859.16,3.4
2025-07-11,Sudeste,Vestuário,Tênis Passo,Loja física,9,233.72,2103.48,837.24,1266.24,4.9
2025-07-11,Sudeste,Esporte e Lazer,Prancha Maré,Marketplace,7,685.52,4798.64,3585.09,1213.55,4.2
2025-07-11,Nordeste,Eletrônicos,Tablet Nimbus,E-commerce,7,1639.94,11479.58,9410.64,2068.94,3.4
2025-07-11,Norte,Alimentos,Chá Manhã,E-commerce,5,64.0,320.0,257.14,62.86,4.8
2025-07-11,Nordeste,Vestuário,Jaqueta Norte,Loja física,12,55.65,667.8,360.1,307.7,3.5
2025-07-11,Norte,Esporte e Lazer,Halteres Par,Marketplace,4,451.54,1806.16,1303.02,503.14,4.2
2025-07-11,Centro-Oeste,Eletrônicos,Notebook Aura,Marketplace,4,2445.14,9780.56,8880.21,900.35,3.3
2025-07-12,Norte,Casa e Decoração,Luminária Sol,Loja física,5,424.96,2124.8,1060.98,1063.82,4.2
2025-07-12,Sudeste,Esporte e Lazer,Prancha Maré,Loja física,7,312.94,2190.58,1335.57,855.01,4.6
2025-07-12,Centro-Oeste,Eletrônicos,Monitor Vista,Loja física,1,1980.35,1980.35,1555.61,424.74,3.9
2025-07-12,Nordeste,Vestuário,Calça Trilha,Marketplace,11,101.06,1111.66,575.11,536.55,3.6
2025-07-12,Norte,Eletrônicos,Notebook Aura,E-commerce,2,1847.48,3694.96,2896.9,798.06,3.8
2025-07-13,Centro-Oeste,Alimentos,Café Serra,E-commerce,4,47.97,191.88,140.72,51.16,2.8
2025-07-13,Sudeste,Eletrônicos,Tablet Nimbus,E-commerce,11,1683.01,18513.11,15922.85,2590.26,3.2
2025-07-13,Sudeste,Vestuário,Tênis Passo,Loja física,12,287.9,3454.8,1471.22,1983.58,4.3
2025-07-13,Sul,Casa e Decoração,Luminária Sol,E-commerce,7,385.84,2700.88,1644.04,1056.84,3.5
2025-07-13,Nordeste,Alimentos,Azeite Oliva,E-commerce,6,16.8,100.8,73.07,27.73,4.0
2025-07-13,Sudeste,Alimentos,Café Serra,E-commerce,14,54.63,764.82,522.22,242.6,3.2
2025-07-14,Sul,Alimentos,Azeite Oliva,E-commerce,5,39.47,197.35,142.16,55.19,3.4
2025-07-14,Sul,Vestuário,Calça Trilha,Loja física,2,98.35,196.7,108.05,88.65,3.9
2025-07-15,Nordeste,Eletrônicos,Fone Pulse,Loja física,5,1388.53,6942.65,5403.14,1539.51,3.3
2025-07-15,Sudeste,Alimentos,Café Serra,Loja física,3,38.39,115.17,79.76,35.41,2.5
2025-07-15,Nordeste,Eletrônicos,Monitor Vista,Marketplace,3,1347.98,4043.94,3909.94,134.0,4.0
2025-07-15,Sul,Esporte e Lazer,Bicicleta Rota,E-commerce,4,509.08,2036.32,1069.92,966.4,3.2
2025-07-15,Nordeste,Alimentos,Granola Cheia,E-commerce,3,58.36,175.08,134.38,40.7,4.2
2025-07-16,Nordeste,Eletrônicos,Monitor Vista,Marketplace,8,2308.95,18471.6,17750.35,721.25,3.2
2025-07-16,Norte,Vestuário,Jaqueta Norte,E-commerce,2,185.9,371.8,163.58,208.22,4.9
2025-07-16,Sul,Vestuário,Calça Trilha,E-commerce,6,160.73,964.38,411.35,553.03,4.4
2025-07-16,Sul,Alimentos,Granola Cheia,Loja física,7,47.46,332.22,256.64,75.58,4.0
2025-07-17,Sul,Casa e Decoração,Vaso Raiz,E-commerce,5,350.5,1752.5,1107.0,645.5,3.9
2025-07-17,Norte,Vestuário,Jaqueta Norte,E-commerce,2,92.53,185.06,81.06,104.0,3.5
2025-07-17,Sudeste,Alimentos,Granola Cheia,Loja física,7,58.88,412.16,290.01,122.15,3.6
2025-07-17,Sudeste,Esporte e Lazer,Halteres Par,E-commerce,4,639.52,2558.08,1563.97,994.11,4.0
2025-07-17,Sudeste,Alimentos,Chá Manhã,Loja física,5,58.25,291.25,212.18,79.07,4.1
2025-07-17,Sudeste,Vestuário,Camiseta Base,E-commerce,10,115.47,1154.7,581.4,573.3,3.5
2025-07-17,Sudeste,Eletrônicos,Fone Pulse,Loja física,6,1893.47,11360.82,9735.65,1625.17,4.0
2025-07-17,Sul,Vestuário,Calça Trilha,Loja física,2,75.58,151.16,80.03,71.13,4.2
2025-07-18,Nordeste,Vestuário,Calça Trilha,Loja física,4,108.26,433.04,189.78,243.26,3.8
2025-07-18,Sudeste,Alimentos,Chá Manhã,E-commerce,7,50.67,354.69,284.99,69.7,3.7
2025-07-18,Sul,Esporte e Lazer,Prancha Maré,E-commerce,5,216.65,1083.25,645.7,437.55,3.0
2025-07-18,Nordeste,Casa e Decoração,Luminária Sol,E-commerce,4,186.23,744.92,417.19,327.73,3.7
2025-07-18,Nordeste,Eletrônicos,Monitor Vista,Loja física,5,2214.87,11074.35,9904.16,1170.19,3.2
2025-07-18,Sudeste,Vestuário,Camiseta Base,Loja física,3,215.86,647.58,260.08,387.5,4.6
2025-07-18,Sudeste,Eletrônicos,Notebook Aura,E-commerce,11,2081.07,22891.77,17810.49,5081.28,3.0
2025-07-18,Sudeste,Esporte e Lazer,Bicicleta Rota,Marketplace,6,541.58,3249.48,2500.1,749.38,4.1
2025-07-18,Sul,Vestuário,Camiseta Base,Marketplace,4,246.23,984.92,587.09,397.83,4.1
2025-07-19,Norte,Casa e Decoração,Luminária Sol,Marketplace,8,124.23,993.84,733.95,259.89,3.6
2025-07-19,Sudeste,Esporte e Lazer,Barraca Cume,E-commerce,8,408.34,3266.72,1794.44,1472.28,3.3
2025-07-19,Centro-Oeste,Vestuário,Jaqueta Norte,E-commerce,2,103.5,207.0,106.3,100.7,3.1
2025-07-19,Sudeste,Alimentos,Granola Cheia,Loja física,10,69.96,699.6,528.41,171.19,3.5
2025-07-19,Norte,Vestuário,Jaqueta Norte,E-commerce,4,98.74,394.96,200.46,194.5,4.3
2025-07-20,Norte,Vestuário,Calça Trilha,E-commerce,6,220.13,1320.78,624.73,696.05,4.3
2025-07-20,Sul,Eletrônicos,Monitor Vista,Loja física,9,2056.44,18507.96,15532.99,2974.97,3.5
2025-07-20,Sul,Vestuário,Jaqueta Norte,E-commerce,4,134.86,539.44,230.93,308.51,3.8
2025-07-20,Sudeste,Casa e Decoração,Cadeira Foco,Loja física,8,310.6,2484.8,1544.35,940.45,4.5
2025-07-20,Sudeste,Casa e Decoração,Cadeira Foco,Loja física,12,327.56,3930.72,2234.56,1696.16,4.1
2025-07-20,Centro-Oeste,Vestuário,Jaqueta Norte,Loja física,5,225.72,1128.6,480.16,648.44,3.8
2025-07-20,Sudeste,Esporte e Lazer,Bicicleta Rota,E-commerce,14,587.42,8223.88,5437.49,2786.39,3.2
2025-07-20,Sudeste,Casa e Decoração,Tapete Onda,E-commerce,12,445.4,5344.8,2533.07,2811.73,4.5
2025-07-21,Sul,Eletrônicos,Monitor Vista,E-commerce,6,2033.22,12199.32,10155.14,2044.18,4.0
2025-07-21,Centro-Oeste,Alimentos,Azeite Oliva,Loja física,5,63.94,319.7,222.1,97.6,3.7
2025-07-21,Centro-Oeste,Eletrônicos,Notebook Aura,E-commerce,2,1212.7,2425.4,2037.06,388.34,4.2
2025-07-21,Sul,Vestuário,Calça Trilha,E-commerce,8,100.68,805.44,296.25,509.19,4.8
2025-07-22,Centro-Oeste,Alimentos,Café Serra,E-commerce,4,85.57,342.28,223.36,118.92,4.2
2025-07-22,Sul,Alimentos,Azeite Oliva,Loja física,8,51.25,410.0,295.03,114.97,5.0
2025-07-22,Sudeste,Vestuário,Camiseta Base,E-commerce,6,176.66,1059.96,497.17,562.79,
2025-07-22,Nordeste,Alimentos,Café Serra,Marketplace,5,65.52,327.6,270.95,56.65,3.6
2025-07-22,Nordeste,Casa e Decoração,Luminária Sol,E-commerce,5,173.39,866.95,495.16,371.79,3.7
2025-07-22,Centro-Oeste,Alimentos,Café Serra,E-commerce,6,40.43,242.58,180.08,62.5,2.9
2025-07-22,Sul,Alimentos,Café Serra,Loja física,5,25.75,128.75,95.34,33.41,3.6
2025-07-22,Sudeste,Esporte e Lazer,Prancha Maré,E-commerce,4,388.46,1553.84,1149.18,404.66,4.0
2025-07-22,Sudeste,Vestuário,Tênis Passo,Loja física,6,213.56,1281.36,596.77,684.59,4.1
2025-07-23,Nordeste,Casa e Decoração,Tapete Onda,E-commerce,5,462.19,2310.95,1357.93,953.02,4.0
2025-07-23,Norte,Vestuário,Jaqueta Norte,E-commerce,3,88.19,264.57,150.16,114.41,4.5
2025-07-23,Norte,Vestuário,Tênis Passo,Loja física,2,142.21,284.42,117.02,167.4,3.9
2025-07-23,Sul,Esporte e Lazer,Bicicleta Rota,E-commerce,4,446.16,1784.64,959.5,825.14,5.0
2025-07-23,Nordeste,Esporte e Lazer,Bicicleta Rota,E-commerce,2,329.1,658.2,505.68,152.52,3.3
2025-07-23,Centro-Oeste,Eletrônicos,Monitor Vista,E-commerce,3,1567.29,4701.87,3253.74,1448.13,3.6
2025-07-23,Sul,Alimentos,Café Serra,Loja física,7,60.51,423.57,293.99,129.58,3.7
2025-07-24,Sul,Vestuário,Camiseta Base,Marketplace,4,130.57,522.28,337.76,184.52,4.2
2025-07-24,Sul,Eletrônicos,Monitor Vista,Marketplace,4,2340.0,9360.0,9086.68,273.32,3.1
2025-07-24,Sudeste,Eletrônicos,Notebook Aura,E-commerce,8,988.57,7908.56,5905.19,2003.37,3.1
2025-07-24,Sudeste,Esporte e Lazer,Barraca Cume,Loja física,7,544.13,3808.91,2278.59,1530.32,
2025-07-24,Sul,Esporte e Lazer,Barraca Cume,E-commerce,7,584.59,4092.13,2311.11,1781.02,2.9
2025-07-24,Sul,Esporte e Lazer,Barraca Cume,Loja física,8,260.41,2083.28,1524.21,559.07,3.7
2025-07-24,Nordeste,Vestuário,Jaqueta Norte,Loja física,6,227.57,1365.42,630.01,735.41,
2025-07-24,Centro-Oeste,Esporte e Lazer,Barraca Cume,Marketplace,4,373.08,1492.32,949.4,542.92,4.7
2025-07-25,Nordeste,Eletrônicos,Notebook Aura,E-commerce,5,2635.92,13179.6,10796.43,2383.17,3.4
2025-07-25,Sudeste,Eletrônicos,Fone Pulse,Loja física,6,2193.44,13160.64,9914.51,3246.13,3.4
2025-07-25,Sudeste,Casa e Decoração,Cadeira Foco,Loja física,7,272.41,1906.87,971.4,935.47,4.6
2025-07-25,Norte,Eletrônicos,Tablet Nimbus,Loja física,3,1385.2,4155.6,3558.39,597.21,2.7
2025-07-25,Norte,Vestuário,Tênis Passo,E-commerce,4,190.17,760.68,380.58,380.1,4.5
2025-07-25,Sudeste,Esporte e Lazer,Prancha Maré,Loja física,4,346.1,1384.4,673.37,711.03,4.3
2025-07-26,Centro-Oeste,Alimentos,Azeite Oliva,E-commerce,7,80.52,563.64,403.71,159.93,3.6
2025-07-26,Sudeste,Eletrônicos,Notebook Aura,E-commerce,10,2273.24,22732.4,19154.14,3578.26,3.9
2025-07-26,Sul,Alimentos,Chá Manhã,Marketplace,3,66.48,199.44,174.17,25.27,3.4
2025-07-26,Nordeste,Esporte e Lazer,Barraca Cume,Loja física,6,352.47,2114.82,1390.79,724.03,3.9
2025-07-26,Sudeste,Esporte e Lazer,Halteres Par,E-commerce,12,376.38,4516.56,2692.92,1823.64,3.7
2025-07-27,Nordeste,Eletrônicos,Fone Pulse,E-commerce,3,1854.58,5563.74,4795.34,768.4,3.7
2025-07-27,Nordeste,Esporte e Lazer,Bicicleta Rota,E-commerce,4,275.12,1100.48,713.7,386.78,4.8
2025-07-27,Sudeste,Casa e Decoração,Luminária Sol,E-commerce,5,400.11,2000.55,1234.86,765.69,3.1
2025-07-27,Centro-Oeste,Esporte e Lazer,Barraca Cume,Loja física,5,659.82,3299.1,2128.6,1170.5,4.2
2025-07-28,Sul,Eletrônicos,Monitor Vista,Loja física,6,2331.7,13990.2,11104.13,2886.07,3.6
2025-07-28,Sul,Alimentos,Café Serra,E-commerce,7,51.74,362.18,233.78,128.4,3.8
2025-07-28,Sudeste,Eletrônicos,Notebook Aura,E-commerce,11,1615.27,17767.97,15094.34,2673.63,2.8
2025-07-28,Norte,Esporte e Lazer,Barraca Cume,Loja física,6,461.78,2770.68,1882.46,888.22,2.9
2025-07-29,Sul,Esporte e Lazer,Bicicleta Rota,Loja física,6,262.5,1575.0,1144.01,430.99,3.5
2025-07-29,Nordeste,Alimentos,Café Serra,Marketplace,4,67.03,268.12,220.74,47.38,3.5
2025-07-29,Sudeste,Esporte e Lazer,Bicicleta Rota,Loja física,9,563.49,5071.41,3200.18,1871.23,4.3
2025-07-29,Sudeste,Casa e Decoração,Cadeira Foco,E-commerce,8,295.77,2366.16,1563.54,802.62,4.1
2025-07-29,Nordeste,Esporte e Lazer,Barraca Cume,Loja física,7,434.61,3042.27,2005.58,1036.69,3.4
2025-07-29,Sudeste,Eletrônicos,Notebook Aura,E-commerce,8,1422.35,11378.8,9229.06,2149.74,3.4
2025-07-29,Sudeste,Vestuário,Tênis Passo,E-commerce,8,121.2,969.6,413.81,555.79,3.6
2025-07-29,Norte,Vestuário,Jaqueta Norte,Marketplace,3,153.31,459.93,299.76,160.17,4.5
2025-07-29,Centro-Oeste,Eletrônicos,Fone Pulse,E-commerce,7,1961.51,13730.57,11843.54,1887.03,2.9
2025-07-29,Sudeste,Alimentos,Granola Cheia,E-commerce,8,68.78,550.24,406.92,143.32,4.0
2025-07-29,Norte,Eletrônicos,Monitor Vista,E-commerce,1,3092.92,3092.92,2523.74,569.18,4.0
2025-07-30,Nordeste,Eletrônicos,Monitor Vista,Loja física,6,1267.14,7602.84,6183.54,1419.3,
2025-07-31,Sudeste,Alimentos,Granola Cheia,E-commerce,5,34.4,172.0,133.02,38.98,3.8
2025-07-31,Sul,Eletrônicos,Notebook Aura,E-commerce,9,1429.8,12868.2,11100.73,1767.47,2.9
2025-07-31,Sudeste,Esporte e Lazer,Barraca Cume,Marketplace,8,527.68,4221.44,3080.22,1141.22,4.0
2025-08-01,Nordeste,Alimentos,Café Serra,Loja física,7,27.73,194.11,152.33,41.78,2.8
2025-08-01,Sudeste,Esporte e Lazer,Bicicleta Rota,E-commerce,4,298.62,1194.48,791.85,402.63,3.2
2025-08-01,Norte,Eletrônicos,Notebook Aura,E-commerce,2,1671.68,3343.36,2838.38,504.98,2.2
2025-08-01,Sudeste,Vestuário,Camiseta Base,E-commerce,4,182.56,730.24,337.48,392.76,4.0
2025-08-01,Norte,Vestuário,Tênis Passo,E-commerce,4,170.9,683.6,360.17,323.43,3.8
2025-08-02,Sul,Casa e Decoração,Vaso Raiz,E-commerce,6,164.0,984.0,602.83,381.17,3.8
2025-08-02,Centro-Oeste,Eletrônicos,Notebook Aura,Loja física,4,1919.84,7679.36,6718.74,960.62,3.6
2025-08-02,Sudeste,Esporte e Lazer,Barraca Cume,E-commerce,6,431.25,2587.5,1687.76,899.74,3.4
2025-08-02,Centro-Oeste,Alimentos,Chá Manhã,E-commerce,5,30.28,151.4,102.68,48.72,4.2
2025-08-03,Centro-Oeste,Eletrônicos,Notebook Aura,Loja física,8,2096.54,16772.32,12797.85,3974.47,2.6
2025-08-03,Sul,Vestuário,Calça Trilha,E-commerce,2,141.05,282.1,109.51,172.59,4.9
2025-08-03,Nordeste,Eletrônicos,Fone Pulse,E-commerce,3,1846.94,5540.82,4464.63,1076.19,4.4
2025-08-03,Sudeste,Casa e Decoração,Vaso Raiz,E-commerce,11,446.85,4915.35,3204.53,1710.82,3.7
2025-08-03,Nordeste,Casa e Decoração,Vaso Raiz,E-commerce,6,370.55,2223.3,1344.49,878.81,3.9
2025-08-03,Sul,Esporte e Lazer,Halteres Par,Marketplace,6,255.43,1532.58,1276.52,256.06,3.7
2025-08-03,Nordeste,Alimentos,Café Serra,E-commerce,10,23.3,233.0,158.87,74.13,3.5
2025-08-04,Sul,Esporte e Lazer,Bicicleta Rota,E-commerce,4,672.16,2688.64,1616.58,1072.06,4.2
2025-08-04,Nordeste,Alimentos,Granola Cheia,E-commerce,3,49.64,148.92,109.79,39.13,4.2
2025-08-04,Nordeste,Esporte e Lazer,Bicicleta Rota,Loja física,4,384.93,1539.72,934.64,605.08,3.1
2025-08-04,Sul,Eletrônicos,Tablet Nimbus,E-commerce,3,1749.92,5249.76,4405.18,844.58,3.8
2025-08-04,Sudeste,Vestuário,Tênis Passo,Marketplace,8,64.51,516.08,293.2,222.88,2.9
2025-08-04,Sul,Vestuário,Calça Trilha,E-commerce,5,151.97,759.85,292.21,467.64,3.6
2025-08-04,Sul,Casa e Decoração,Luminária Sol,Marketplace,6,507.92,3047.52,2138.91,908.61,4.3
2025-08-04,Nordeste,Alimentos,Chá Manhã,E-commerce,5,44.93,224.65,180.17,44.48,3.2
2025-08-04,Nordeste,Alimentos,Chá Manhã,E-commerce,9,39.47,355.23,264.21,91.02,3.6
2025-08-04,Nordeste,Esporte e Lazer,Barraca Cume,E-commerce,6,343.88,2063.28,1245.44,817.84,3.5
2025-08-05,Centro-Oeste,Esporte e Lazer,Prancha Maré,E-commerce,6,344.29,2065.74,1361.0,704.74,4.0
2025-08-05,Nordeste,Eletrônicos,Fone Pulse,E-commerce,5,1703.54,8517.7,6973.49,1544.21,4.0
2025-08-05,Sul,Esporte e Lazer,Barraca Cume,E-commerce,5,497.62,2488.1,1499.94,988.16,3.1
2025-08-05,Norte,Vestuário,Calça Trilha,E-commerce,3,141.98,425.94,218.55,207.39,4.2
2025-08-05,Sul,Alimentos,Granola Cheia,Loja física,7,20.72,145.04,96.84,48.2,3.5
2025-08-05,Sul,Esporte e Lazer,Bicicleta Rota,E-commerce,3,309.23,927.69,585.38,342.31,4.2
2025-08-05,Sul,Esporte e Lazer,Halteres Par,Marketplace,6,400.3,2401.8,1537.34,864.46,3.4
2025-08-06,Sudeste,Casa e Decoração,Cadeira Foco,Marketplace,5,226.71,1133.55,719.53,414.02,4.4
2025-08-06,Norte,Alimentos,Granola Cheia,E-commerce,2,48.81,97.62,75.34,22.28,3.4
2025-08-06,Sul,Vestuário,Camiseta Base,E-commerce,4,126.95,507.8,227.12,280.68,4.0
2025-08-06,Nordeste,Alimentos,Café Serra,E-commerce,5,57.64,288.2,233.33,54.87,4.3
2025-08-06,Norte,Casa e Decoração,Vaso Raiz,E-commerce,2,284.45,568.9,360.98,207.92,3.6
2025-08-07,Sudeste,Casa e Decoração,Cadeira Foco,Loja física,8,308.99,2471.92,1486.67,985.25,3.6
2025-08-07,Centro-Oeste,Casa e Decoração,Cadeira Foco,E-commerce,4,376.07,1504.28,692.16,812.12,4.7
2025-08-07,Sul,Casa e Decoração,Cadeira Foco,E-commerce,3,177.62,532.86,300.59,232.27,4.1
2025-08-07,Sudeste,Eletrônicos,Notebook Aura,Loja física,5,1997.1,9985.5,8535.49,1450.01,2.9
2025-08-07,Nordeste,Esporte e Lazer,Barraca Cume,E-commerce,2,246.45,492.9,297.72,195.18,4.0
2025-08-08,Nordeste,Esporte e Lazer,Bicicleta Rota,Marketplace,9,702.19,6319.71,5119.99,1199.72,3.7
2025-08-08,Norte,Alimentos,Granola Cheia,E-commerce,4,46.3,185.2,149.54,35.66,4.7
2025-08-08,Norte,Alimentos,Azeite Oliva,E-commerce,2,46.18,92.36,72.22,20.14,3.3
2025-08-08,Sudeste,Eletrônicos,Monitor Vista,Loja física,8,1647.43,13179.44,10742.88,2436.56,4.0
2025-08-08,Nordeste,Casa e Decoração,Vaso Raiz,Loja física,3,460.06,1380.18,742.41,637.77,5.0
2025-08-08,Sudeste,Esporte e Lazer,Prancha Maré,E-commerce,2,490.9,981.8,652.95,328.85,3.5
2025-08-08,Nordeste,Casa e Decoração,Vaso Raiz,E-commerce,3,264.33,792.99,460.0,332.99,4.6
2025-08-08,Nordeste,Casa e Decoração,Cadeira Foco,E-commerce,10,114.18,1141.8,650.44,491.36,4.3
2025-08-08,Nordeste,Eletrônicos,Notebook Aura,E-commerce,7,2505.4,17537.8,14640.72,2897.08,3.7
2025-08-08,Sudeste,Esporte e Lazer,Bicicleta Rota,E-commerce,4,310.58,1242.32,730.98,511.34,3.2
2025-08-08,Nordeste,Eletrônicos,Tablet Nimbus,Loja física,3,1336.26,4008.78,3334.74,674.04,3.7
2025-08-08,Norte,Casa e Decoração,Tapete Onda,Marketplace,3,316.83,950.49,642.61,307.88,4.5
2025-08-09,Sul,Alimentos,Chá Manhã,Loja física,5,49.68,248.4,207.99,40.41,3.8
2025-08-09,Nordeste,Casa e Decoração,Cadeira Foco,Loja física,10,112.59,1125.9,685.19,440.71,3.9
2025-08-09,Nordeste,Esporte e Lazer,Halteres Par,E-commerce,6,478.61,2871.66,1581.62,1290.04,3.8
2025-08-09,Sudeste,Alimentos,Café Serra,Loja física,5,32.52,162.6,123.65,38.95,4.0
2025-08-09,Nordeste,Vestuário,Calça Trilha,Loja física,4,183.79,735.16,332.94,402.22,4.7
2025-08-09,Sudeste,Vestuário,Tênis Passo,Marketplace,8,156.37,1250.96,691.95,559.01,3.6
2025-08-09,Sudeste,Eletrônicos,Monitor Vista,E-commerce,8,1088.98,8711.84,7246.22,1465.62,4.6
2025-08-09,Sudeste,Eletrônicos,Notebook Aura,Loja física,7,1981.17,13868.19,11801.66,2066.53,4.7
2025-08-10,Nordeste,Eletrônicos,Notebook Aura,Loja física,9,2494.25,22448.25,18794.34,3653.91,3.9
2025-08-10,Nordeste,Alimentos,Azeite Oliva,E-commerce,6,44.07,264.42,195.05,69.37,4.6
2025-08-10,Sudeste,Eletrônicos,Tablet Nimbus,Loja física,11,1380.48,15185.28,14881.57,303.71,3.8
2025-08-11,Norte,Esporte e Lazer,Halteres Par,Loja física,3,428.6,1285.8,851.76,434.04,4.9
2025-08-11,Centro-Oeste,Esporte e Lazer,Bicicleta Rota,E-commerce,2,143.5,287.0,168.13,118.87,4.3
2025-08-11,Sudeste,Casa e Decoração,Luminária Sol,Loja física,7,264.36,1850.52,1021.33,829.19,3.9
2025-08-11,Sudeste,Alimentos,Azeite Oliva,E-commerce,4,22.35,89.4,60.76,28.64,3.4
2025-08-11,Nordeste,Casa e Decoração,Luminária Sol,Loja física,2,431.36,862.72,558.71,304.01,2.9
2025-08-11,Nordeste,Vestuário,Jaqueta Norte,Loja física,4,180.48,721.92,350.1,371.82,4.5
2025-08-11,Nordeste,Vestuário,Jaqueta Norte,E-commerce,3,155.91,467.73,246.96,220.77,3.8
2025-08-12,Sudeste,Vestuário,Camiseta Base,Loja física,8,121.09,968.72,530.63,438.09,4.1
2025-08-12,Sudeste,Vestuário,Camiseta Base,Loja física,5,124.25,621.25,294.13,327.12,3.9
2025-08-13,Sudeste,Vestuário,Camiseta Base,E-commerce,4,173.07,692.28,276.89,415.39,3.4
2025-08-13,Sul,Casa e Decoração,Cadeira Foco,Loja física,3,513.97,1541.91,885.49,656.42,3.6
2025-08-13,Sul,Alimentos,Café Serra,E-commerce,6,16.8,100.8,71.74,29.06,4.3
2025-08-13,Nordeste,Eletrônicos,Notebook Aura,E-commerce,3,1049.48,3148.44,2670.37,478.07,3.6
2025-08-13,Nordeste,Alimentos,Azeite Oliva,Loja física,6,52.16,312.96,233.5,79.46,3.5
2025-08-13,Sudeste,Esporte e Lazer,Prancha Maré,E-commerce,6,352.2,2113.2,1329.19,784.01,4.4
2025-08-13,Sul,Esporte e Lazer,Barraca Cume,E-commerce,4,332.18,1328.72,772.86,555.86,4.6
2025-08-13,Nordeste,Casa e Decoração,Luminária Sol,E-commerce,5,352.72,1763.6,923.31,840.29,3.5
2025-08-14,Sudeste,Casa e Decoração,Tapete Onda,E-commerce,7,325.95,2281.65,1230.59,1051.06,3.3
2025-08-14,Sul,Eletrônicos,Tablet Nimbus,Marketplace,2,1930.2,3860.4,3626.72,233.68,3.0
2025-08-14,Sudeste,Vestuário,Tênis Passo,Marketplace,7,105.45,738.15,372.67,365.48,4.0
2025-08-14,Sudeste,Alimentos,Azeite Oliva,E-commerce,10,37.35,373.5,242.52,130.98,3.3
2025-08-15,Nordeste,Esporte e Lazer,Barraca Cume,Marketplace,6,462.06,2772.36,1668.34,1104.02,5.0
2025-08-15,Sul,Alimentos,Chá Manhã,Marketplace,7,56.7,396.9,298.99,97.91,4.4
2025-08-15,Nordeste,Eletrônicos,Monitor Vista,E-commerce,6,1570.08,9420.48,8373.12,1047.36,4.0
2025-08-16,Centro-Oeste,Casa e Decoração,Vaso Raiz,E-commerce,4,434.04,1736.16,1108.99,627.17,3.6
2025-08-16,Sudeste,Vestuário,Camiseta Base,Loja física,13,161.58,2100.54,915.03,1185.51,4.9
2025-08-16,Nordeste,Eletrônicos,Monitor Vista,E-commerce,4,1800.64,7202.56,5385.98,1816.58,4.1
2025-08-17,Sudeste,Eletrônicos,Tablet Nimbus,E-commerce,7,1736.94,12158.58,9690.82,2467.76,3.4
2025-08-17,Centro-Oeste,Esporte e Lazer,Bicicleta Rota,E-commerce,5,317.39,1586.95,1162.47,424.48,3.7
2025-08-17,Centro-Oeste,Casa e Decoração,Luminária Sol,Loja física,3,207.44,622.32,396.67,225.65,3.6
2025-08-18,Centro-Oeste,Esporte e Lazer,Halteres Par,E-commerce,3,365.28,1095.84,670.83,425.01,4.1
2025-08-18,Sul,Esporte e Lazer,Halteres Par,E-commerce,4,477.62,1910.48,1142.89,767.59,4.5
2025-08-18,Sudeste,Eletrônicos,Tablet Nimbus,Loja física,6,1423.21,8539.26,7078.53,1460.73,3.5
2025-08-18,Sudeste,Vestuário,Jaqueta Norte,E-commerce,9,154.85,1393.65,663.77,729.88,4.6
2025-08-18,Nordeste,Esporte e Lazer,Barraca Cume,Marketplace,3,381.28,1143.84,907.57,236.27,4.4
2025-08-19,Nordeste,Casa e Decoração,Cadeira Foco,E-commerce,5,404.79,2023.95,1114.31,909.64,4.0
2025-08-19,Norte,Alimentos,Chá Manhã,E-commerce,5,64.56,322.8,216.22,106.58,4.3
2025-08-19,Sul,Casa e Decoração,Vaso Raiz,E-commerce,1,406.73,406.73,247.66,159.07,3.3
2025-08-19,Sul,Casa e Decoração,Vaso Raiz,E-commerce,6,533.34,3200.04,1604.12,1595.92,4.9
2025-08-20,Sudeste,Esporte e Lazer,Barraca Cume,E-commerce,4,328.15,1312.6,902.74,409.86,3.3
2025-08-20,Nordeste,Esporte e Lazer,Bicicleta Rota,E-commerce,3,616.51,1849.53,1153.37,696.16,3.2
2025-08-21,Sudeste,Alimentos,Azeite Oliva,Loja física,7,50.87,356.09,258.56,97.53,3.8
2025-08-21,Centro-Oeste,Casa e Decoração,Tapete Onda,E-commerce,4,314.64,1258.56,758.79,499.77,3.7
2025-08-21,Norte,Vestuário,Jaqueta Norte,E-commerce,3,92.19,276.57,119.93,156.64,4.1
2025-08-21,Sudeste,Eletrônicos,Monitor Vista,Loja física,9,1657.23,14915.07,12727.96,2187.11,3.4
2025-08-22,Norte,Alimentos,Granola Cheia,E-commerce,6,16.8,100.8,74.31,26.49,5.0
2025-08-22,Centro-Oeste,Eletrônicos,Notebook Aura,Loja física,1,1730.87,1730.87,1451.41,279.46,3.4
2025-08-22,Centro-Oeste,Alimentos,Chá Manhã,Marketplace,6,37.63,225.78,161.14,64.64,4.1
2025-08-22,Centro-Oeste,Casa e Decoração,Cadeira Foco,E-commerce,2,272.2,544.4,339.24,205.16,4.2
2025-08-22,Sudeste,Alimentos,Azeite Oliva,Loja física,6,23.05,138.3,97.19,41.11,2.9
2025-08-23,Centro-Oeste,Vestuário,Jaqueta Norte,Loja física,4,167.59,670.36,389.24,281.12,4.0
2025-08-23,Nordeste,Casa e Decoração,Vaso Raiz,E-commerce,8,519.38,4155.04,2656.4,1498.64,4.5
2025-08-23,Sul,Casa e Decoração,Cadeira Foco,Marketplace,5,522.77,2613.85,1764.96,848.89,4.0
2025-08-23,Sul,Casa e Decoração,Cadeira Foco,Loja física,4,391.1,1564.4,994.83,569.57,4.3
2025-08-23,Centro-Oeste,Esporte e Lazer,Prancha Maré,Marketplace,4,515.54,2062.16,1299.51,762.65,4.7
2025-08-24,Norte,Eletrônicos,Tablet Nimbus,E-commerce,5,2341.23,11706.15,10058.52,1647.63,4.1
2025-08-24,Sudeste,Eletrônicos,Monitor Vista,E-commerce,7,1975.43,13828.01,11733.32,2094.69,2.6
2025-08-24,Norte,Alimentos,Café Serra,Marketplace,6,40.31,241.86,206.92,34.94,4.1
2025-08-24,Sudeste,Esporte e Lazer,Bicicleta Rota,E-commerce,10,368.28,3682.8,2375.34,1307.46,4.0
2025-08-24,Nordeste,Eletrônicos,Tablet Nimbus,Marketplace,9,2156.68,19410.12,17657.26,1752.86,3.7
2025-08-24,Nordeste,Vestuário,Calça Trilha,Loja física,3,383.84,1151.52,621.64,529.88,3.6
2025-08-24,Centro-Oeste,Alimentos,Chá Manhã,Marketplace,5,69.0,345.0,280.28,64.72,3.6
2025-08-24,Sul,Alimentos,Café Serra,Marketplace,7,52.44,367.08,282.41,84.67,3.6
2025-08-25,Sudeste,Alimentos,Chá Manhã,Loja física,6,56.71,340.26,229.15,111.11,3.2
2025-08-25,Sul,Alimentos,Chá Manhã,Marketplace,6,56.55,339.3,286.03,53.27,3.9
2025-08-26,Sul,Vestuário,Tênis Passo,E-commerce,6,192.84,1157.04,628.5,528.54,4.1
2025-08-26,Centro-Oeste,Vestuário,Camiseta Base,E-commerce,3,185.49,556.47,276.42,280.05,3.8
2025-08-26,Sul,Eletrônicos,Fone Pulse,E-commerce,5,1364.47,6822.35,5458.38,1363.97,3.5
2025-08-26,Centro-Oeste,Casa e Decoração,Cadeira Foco,Loja física,2,301.34,602.68,365.93,236.75,4.2
2025-08-26,Sudeste,Vestuário,Jaqueta Norte,Loja física,6,200.61,1203.66,618.74,584.92,3.3
2025-08-26,Sudeste,Eletrônicos,Tablet Nimbus,Loja física,5,1806.66,9033.3,7003.57,2029.73,4.6
2025-08-27,Norte,Esporte e Lazer,Bicicleta Rota,E-commerce,1,388.13,388.13,228.35,159.78,4.0
2025-08-27,Sudeste,Vestuário,Camiseta Base,E-commerce,6,176.04,1056.24,550.76,505.48,4.2
2025-08-27,Sudeste,Esporte e Lazer,Bicicleta Rota,E-commerce,8,554.13,4433.04,2908.07,1524.97,3.3
2025-08-27,Nordeste,Alimentos,Granola Cheia,Loja física,4,47.07,188.28,129.37,58.91,4.5
2025-08-27,Sul,Alimentos,Café Serra,Loja física,5,39.95,199.75,142.45,57.3,3.9
2025-08-27,Sul,Esporte e Lazer,Prancha Maré,Marketplace,3,303.6,910.8,647.76,263.04,4.2
2025-08-27,Centro-Oeste,Esporte e Lazer,Prancha Maré,Marketplace,3,371.93,1115.79,885.34,230.45,4.4
2025-08-27,Sudeste,Vestuário,Calça Trilha,Marketplace,6,243.42,1460.52,917.45,543.07,2.9
2025-08-28,Nordeste,Casa e Decoração,Tapete Onda,Loja física,5,296.2,1481.0,844.37,636.63,4.3
2025-08-28,Sul,Casa e Decoração,Luminária Sol,E-commerce,5,363.13,1815.65,1014.04,801.61,3.9
2025-08-28,Norte,Esporte e Lazer,Barraca Cume,Marketplace,5,361.33,1806.65,1277.93,528.72,4.4
2025-08-28,Sudeste,Eletrônicos,Monitor Vista,E-commerce,4,1653.09,6612.36,5578.76,1033.6,3.2
2025-08-29,Sudeste,Vestuário,Calça Trilha,E-commerce,6,164.52,987.12,463.17,523.95,3.5
2025-08-29,Sul,Alimentos,Granola Cheia,Loja física,5,47.2,236.0,187.06,48.94,3.2
2025-08-29,Sudeste,Esporte e Lazer,Halteres Par,E-commerce,7,382.97,2680.79,1665.01,1015.78,3.7
2025-08-29,Sudeste,Vestuário,Camiseta Base,E-commerce,8,153.09,1224.72,672.91,551.81,3.9
2025-08-29,Nordeste,Casa e Decoração,Luminária Sol,E-commerce,3,214.48,643.44,395.93,247.51,4.5
2025-08-29,Sudeste,Vestuário,Jaqueta Norte,Loja física,7,130.56,913.92,495.88,418.04,4.3
2025-08-29,Sudeste,Alimentos,Chá Manhã,Loja física,6,70.93,425.58,312.98,112.6,4.0
2025-08-30,Sudeste,Alimentos,Café Serra,E-commerce,6,54.68,328.08,233.21,94.87,4.3
2025-08-30,Nordeste,Eletrônicos,Monitor Vista,E-commerce,8,2565.64,20525.12,16479.82,4045.3,4.5
2025-08-31,Nordeste,Esporte e Lazer,Barraca Cume,Loja física,5,532.08,2660.4,1804.02,856.38,3.7
2025-08-31,Nordeste,Esporte e Lazer,Prancha Maré,Marketplace,6,218.63,1311.78,797.94,513.84,4.0
2025-08-31,Centro-Oeste,Eletrônicos,Fone Pulse,Loja física,5,1132.44,5662.2,4949.14,713.06,3.9
2025-08-31,Sul,Casa e Decoração,Tapete Onda,E-commerce,7,307.02,2149.14,1166.51,982.63,5.0
2025-08-31,Nordeste,Alimentos,Granola Cheia,Loja física,8,18.04,144.32,103.46,40.86,3.7
2025-08-31,Sudeste,Casa e Decoração,Tapete Onda,E-commerce,5,131.75,658.75,388.94,269.81,4.1
2025-08-31,Sudeste,Casa e Decoração,Cadeira Foco,Loja física,12,353.34,4240.08,2898.31,1341.77,4.1
2025-08-31,Norte,Eletrônicos,Tablet Nimbus,E-commerce,4,1350.91,5403.64,4732.11,671.53,4.7
2025-08-31,Nordeste,Alimentos,Azeite Oliva,E-commerce,5,70.02,350.1,292.32,57.78,3.9
2025-09-01,Sul,Alimentos,Granola Cheia,Marketplace,2,53.01,106.02,91.9,14.12,3.9
2025-09-01,Norte,Esporte e Lazer,Prancha Maré,E-commerce,1,345.72,345.72,220.71,125.01,3.5
2025-09-01,Sudeste,Casa e Decoração,Cadeira Foco,E-commerce,6,296.63,1779.78,1033.7,746.08,3.6
2025-09-01,Sudeste,Eletrônicos,Notebook Aura,E-commerce,7,1526.55,10685.85,8302.75,2383.1,3.7
2025-09-02,Centro-Oeste,Alimentos,Chá Manhã,E-commerce,1,30.85,30.85,21.26,9.59,3.6
2025-09-02,Centro-Oeste,Casa e Decoração,Cadeira Foco,E-commerce,2,261.51,523.02,289.56,233.46,4.3
2025-09-02,Sudeste,Alimentos,Granola Cheia,E-commerce,10,58.3,583.0,401.17,181.83,4.2
2025-09-02,Nordeste,Alimentos,Chá Manhã,E-commerce,4,42.73,170.92,131.75,39.17,3.9
2025-09-02,Sudeste,Casa e Decoração,Vaso Raiz,E-commerce,5,370.55,1852.75,1033.02,819.73,4.3
2025-09-03,Sudeste,Casa e Decoração,Vaso Raiz,E-commerce,5,205.56,1027.8,591.42,436.38,3.5
2025-09-03,Nordeste,Esporte e Lazer,Halteres Par,E-commerce,4,287.99,1151.96,772.25,379.71,4.4
2025-09-03,Centro-Oeste,Alimentos,Chá Manhã,Loja física,3,38.27,114.81,81.4,33.41,4.2
2025-09-03,Sudeste,Casa e Decoração,Cadeira Foco,E-commerce,6,434.68,2608.08,1439.61,1168.47,4.5
2025-09-03,Sul,Casa e Decoração,Tapete Onda,E-commerce,5,393.35,1966.75,1063.4,903.35,1.9
2025-09-03,Centro-Oeste,Vestuário,Calça Trilha,E-commerce,3,145.68,437.04,217.23,219.81,4.1
2025-09-03,Sul,Alimentos,Chá Manhã,Marketplace,3,55.47,166.41,137.16,29.25,3.2
2025-09-04,Centro-Oeste,Vestuário,Camiseta Base,E-commerce,4,186.54,746.16,416.8,329.36,3.9
2025-09-04,Sul,Eletrônicos,Tablet Nimbus,E-commerce,4,1864.92,7459.68,5748.07,1711.61,3.4
2025-09-04,Sudeste,Alimentos,Azeite Oliva,E-commerce,6,39.66,237.96,160.09,77.87,3.9
2025-09-04,Nordeste,Esporte e Lazer,Prancha Maré,Loja física,4,474.42,1897.68,1206.54,691.14,3.9
2025-09-05,Sul,Vestuário,Camiseta Base,Loja física,2,133.46,266.92,126.01,140.91,3.3
2025-09-05,Centro-Oeste,Casa e Decoração,Luminária Sol,Marketplace,4,186.54,746.16,564.45,181.71,3.5
2025-09-05,Norte,Eletrônicos,Monitor Vista,Loja física,3,1046.35,3139.05,2846.38,292.67,2.2
2025-09-05,Centro-Oeste,Casa e Decoração,Cadeira Foco,Loja física,1,395.06,395.06,265.27,129.79,2.6
2025-09-05,Sul,Vestuário,Camiseta Base,Loja física,4,166.11,664.44,339.58,324.86,
2025-09-05,Sul,Alimentos,Azeite Oliva,Loja física,4,72.62,290.48,203.17,87.31,4.2
2025-09-05,Nordeste,Casa e Decoração,Tapete Onda,Loja física,2,514.58,1029.16,602.99,426.17,3.4
2025-09-06,Sudeste,Casa e Decoração,Luminária Sol,E-commerce,4,315.15,1260.6,744.62,515.98,4.2
2025-09-06,Sul,Vestuário,Tênis Passo,E-commerce,3,212.66,637.98,322.23,315.75,4.7
2025-09-06,Centro-Oeste,Esporte e Lazer,Halteres Par,E-commerce,6,545.27,3271.62,2156.44,1115.18,5.0
2025-09-06,Sudeste,Esporte e Lazer,Halteres Par,E-commerce,7,211.43,1480.01,948.5,531.51,3.0
2025-09-06,Sul,Vestuário,Tênis Passo,Loja física,4,237.06,948.24,483.87,464.37,3.9
2025-09-06,Norte,Esporte e Lazer,Barraca Cume,Loja física,3,152.56,457.68,297.64,160.04,4.1
2025-09-06,Norte,Casa e Decoração,Luminária Sol,Loja física,4,433.14,1732.56,1052.24,680.32,3.7
2025-09-06,Sul,Vestuário,Jaqueta Norte,E-commerce,6,135.0,810.0,440.78,369.22,3.9
2025-09-07,Nordeste,Esporte e Lazer,Barraca Cume,E-commerce,6,450.2,2701.2,1729.3,971.9,4.3
2025-09-07,Nordeste,Alimentos,Granola Cheia,E-commerce,2,40.35,80.7,56.41,24.29,3.7
2025-09-07,Norte,Alimentos,Café Serra,Marketplace,3,46.28,138.84,115.89,22.95,3.4
2025-09-07,Norte,Casa e Decoração,Vaso Raiz,E-commerce,6,401.99,2411.94,1655.35,756.59,3.5
2025-09-08,Centro-Oeste,Esporte e Lazer,Halteres Par,E-commerce,2,648.33,1296.66,861.35,435.31,4.0
2025-09-08,Norte,Casa e Decoração,Vaso Raiz,E-commerce,3,601.68,1805.04,1172.72,632.32,4.0
2025-09-08,Sudeste,Casa e Decoração,Vaso Raiz,E-commerce,4,177.79,711.16,386.45,324.71,3.4
2025-09-08,Centro-Oeste,Alimentos,Azeite Oliva,Loja física,2,52.39,104.78,78.0,26.78,3.4
2025-09-09,Nordeste,Alimentos,Granola Cheia,E-commerce,6,53.93,323.58,216.07,107.51,4.0
2025-09-09,Norte,Esporte e Lazer,Bicicleta Rota,E-commerce,2,620.63,1241.26,915.33,325.93,4.5
2025-09-09,Nordeste,Alimentos,Chá Manhã,E-commerce,2,51.33,102.66,72.73,29.93,3.5
2025-09-09,Sudeste,Eletrônicos,Notebook Aura,Loja física,4,2243.72,8974.88,6495.62,2479.26,2.9
2025-09-10,Sul,Casa e Decoração,Vaso Raiz,Loja física,9,242.15,2179.35,1269.51,909.84,2.0
2025-09-10,Sul,Vestuário,Tênis Passo,Marketplace,4,183.76,735.04,405.4,329.64,3.6
2025-09-10,Sul,Alimentos,Chá Manhã,Marketplace,4,68.28,273.12,222.54,50.58,4.2
2025-09-10,Sudeste,Alimentos,Granola Cheia,E-commerce,5,48.0,240.0,166.64,73.36,3.7
2025-09-10,Sul,Vestuário,Camiseta Base,Loja física,4,55.65,222.6,107.74,114.86,4.4
2025-09-10,Sudeste,Casa e Decoração,Luminária Sol,Loja física,4,306.21,1224.84,813.39,411.45,3.7
2025-09-10,Centro-Oeste,Vestuário,Camiseta Base,Marketplace,2,164.39,328.78,182.09,146.69,4.1
2025-09-10,Sudeste,Eletrônicos,Notebook Aura,E-commerce,6,1828.43,10970.58,9753.84,1216.74,3.6
2025-09-10,Sul,Eletrônicos,Fone Pulse,E-commerce,4,1612.17,6448.68,4702.19,1746.49,3.4
2025-09-11,Sudeste,Vestuário,Calça Trilha,E-commerce,5,183.51,917.55,419.64,497.91,3.9
2025-09-11,Nordeste,Vestuário,Camiseta Base,Loja física,3,158.21,474.63,243.93,230.7,4.6
2025-09-11,Nordeste,Esporte e Lazer,Barraca Cume,E-commerce,5,724.23,3621.15,2199.06,1422.09,3.5
2025-09-11,Centro-Oeste,Casa e Decoração,Cadeira Foco,E-commerce,5,332.96,1664.8,954.0,710.8,4.0
2025-09-11,Sudeste,Casa e Decoração,Tapete Onda,Loja física,4,331.28,1325.12,826.61,498.51,4.1
2025-09-11,Nordeste,Casa e Decoração,Luminária Sol,E-commerce,2,112.0,224.0,132.74,91.26,4.8
2025-09-11,Centro-Oeste,Eletrônicos,Notebook Aura,E-commerce,6,2485.05,14910.3,12496.43,2413.87,4.0
2025-09-12,Norte,Vestuário,Tênis Passo,Marketplace,2,165.88,331.76,187.98,143.78,4.3
2025-09-12,Sul,Vestuário,Jaqueta Norte,Loja física,3,164.19,492.57,238.79,253.78,4.5
2025-09-12,Sudeste,Casa e Decoração,Tapete Onda,Marketplace,9,531.56,4784.04,3432.92,1351.12,4.4
2025-09-12,Norte,Vestuário,Calça Trilha,Loja física,3,97.86,293.58,106.95,186.63,4.8
2025-09-12,Sudeste,Vestuário,Jaqueta Norte,E-commerce,2,122.3,244.6,102.94,141.66,4.7
2025-09-12,Sudeste,Alimentos,Café Serra,E-commerce,3,61.58,184.74,129.98,54.76,3.1
2025-09-12,Sudeste,Esporte e Lazer,Halteres Par,Marketplace,2,448.53,897.06,595.36,301.7,
2025-09-13,Sudeste,Eletrônicos,Monitor Vista,E-commerce,6,1826.09,10956.54,8873.53,2083.01,3.3
2025-09-13,Nordeste,Eletrônicos,Notebook Aura,E-commerce,3,1964.13,5892.39,4489.94,1402.45,3.7
2025-09-13,Sul,Esporte e Lazer,Halteres Par,E-commerce,3,303.06,909.18,474.36,434.82,3.4
2025-09-13,Nordeste,Casa e Decoração,Luminária Sol,Loja física,4,376.45,1505.8,1007.19,498.61,5.0
2025-09-13,Sul,Vestuário,Jaqueta Norte,Loja física,6,209.27,1255.62,768.63,486.99,4.8
2025-09-13,Sudeste,Vestuário,Camiseta Base,E-commerce,6,143.42,860.52,400.15,460.37,3.4
2025-09-13,Nordeste,Casa e Decoração,Luminária Sol,E-commerce,3,378.21,1134.63,738.59,396.04,3.4
2025-09-13,Sudeste,Eletrônicos,Notebook Aura,E-commerce,7,1816.13,12712.91,10646.64,2066.27,2.9
2025-09-14,Sul,Esporte e Lazer,Bicicleta Rota,E-commerce,2,361.84,723.68,432.95,290.73,3.8
2025-09-14,Centro-Oeste,Casa e Decoração,Vaso Raiz,E-commerce,2,175.0,350.0,211.37,138.63,4.2
2025-09-14,Sudeste,Esporte e Lazer,Bicicleta Rota,E-commerce,9,510.86,4597.74,2736.12,1861.62,3.5
2025-09-14,Nordeste,Alimentos,Granola Cheia,Loja física,7,57.88,405.16,322.34,82.82,2.8
2025-09-14,Centro-Oeste,Casa e Decoração,Tapete Onda,E-commerce,5,162.05,810.25,442.19,368.06,3.6
2025-09-14,Sudeste,Alimentos,Granola Cheia,Loja física,4,46.73,186.92,120.3,66.62,3.5
2025-09-14,Centro-Oeste,Casa e Decoração,Luminária Sol,E-commerce,5,292.35,1461.75,910.56,551.19,3.1
2025-09-14,Sudeste,Eletrônicos,Fone Pulse,Loja física,5,1659.82,8299.1,7220.06,1079.04,3.7
2025-09-14,Nordeste,Eletrônicos,Tablet Nimbus,E-commerce,7,1110.31,7772.17,5975.68,1796.49,3.6
2025-09-14,Centro-Oeste,Alimentos,Azeite Oliva,E-commerce,6,28.81,172.86,138.81,34.05,2.9
2025-09-14,Sudeste,Eletrônicos,Monitor Vista,E-commerce,5,2529.34,12646.7,10680.11,1966.59,3.3
2025-09-15,Sudeste,Alimentos,Azeite Oliva,Loja física,7,90.73,635.11,481.72,153.39,3.4
2025-09-15,Nordeste,Vestuário,Jaqueta Norte,E-commerce,4,237.67,950.68,496.67,454.01,2.7
2025-09-15,Norte,Vestuário,Calça Trilha,E-commerce,3,113.55,340.65,127.99,212.66,4.9
2025-09-15,Sudeste,Casa e Decoração,Vaso Raiz,E-commerce,8,352.46,2819.68,1831.1,988.58,4.0
2025-09-15,Nordeste,Casa e Decoração,Cadeira Foco,Marketplace,5,260.03,1300.15,866.81,433.34,4.3
2025-09-16,Sudeste,Eletrônicos,Monitor Vista,E-commerce,8,1822.91,14583.28,11877.13,2706.15,2.9
2025-09-16,Sudeste,Casa e Decoração,Vaso Raiz,Loja física,6,139.74,838.44,514.5,323.94,3.6
2025-09-16,Centro-Oeste,Vestuário,Tênis Passo,Marketplace,5,180.8,904.0,595.14,308.86,4.7
2025-09-16,Nordeste,Alimentos,Granola Cheia,Loja física,1,16.8,16.8,11.76,5.04,3.4
2025-09-16,Norte,Alimentos,Café Serra,E-commerce,1,23.7,23.7,17.32,6.38,3.5
2025-09-16,Sul,Casa e Decoração,Vaso Raiz,E-commerce,3,369.64,1108.92,633.92,475.0,3.5
2025-09-17,Sudeste,Eletrônicos,Fone Pulse,E-commerce,5,1555.83,7779.15,7234.07,545.08,4.2
2025-09-17,Sudeste,Alimentos,Azeite Oliva,Marketplace,6,68.22,409.32,305.69,103.63,2.8
2025-09-17,Sul,Vestuário,Camiseta Base,Marketplace,3,162.09,486.27,303.36,182.91,3.5
2025-09-17,Norte,Vestuário,Jaqueta Norte,Marketplace,2,82.89,165.78,95.67,70.11,4.9
2025-09-17,Centro-Oeste,Vestuário,Calça Trilha,E-commerce,3,142.72,428.16,173.12,255.04,2.9
2025-09-17,Norte,Vestuário,Tênis Passo,E-commerce,6,77.4,464.4,234.63,229.77,3.8
2025-09-18,Sudeste,Alimentos,Chá Manhã,E-commerce,1,22.56,22.56,15.61,6.95,3.8
2025-09-18,Norte,Casa e Decoração,Luminária Sol,E-commerce,3,280.18,840.54,437.7,402.84,3.6
2025-09-18,Centro-Oeste,Alimentos,Azeite Oliva,E-commerce,2,62.15,124.3,99.35,24.95,2.8
2025-09-18,Sul,Eletrônicos,Notebook Aura,E-commerce,5,1840.68,9203.4,7617.56,1585.84,2.7
2025-09-18,Centro-Oeste,Vestuário,Tênis Passo,Loja física,4,117.98,471.92,229.22,242.7,4.1
2025-09-18,Nordeste,Esporte e Lazer,Bicicleta Rota,E-commerce,5,285.29,1426.45,1009.3,417.15,3.4
2025-09-18,Sudeste,Casa e Decoração,Tapete Onda,Loja física,4,222.1,888.4,527.51,360.89,3.7
2025-09-19,Nordeste,Casa e Decoração,Luminária Sol,E-commerce,2,369.18,738.36,451.04,287.32,4.4
2025-09-19,Nordeste,Casa e Decoração,Luminária Sol,Loja física,7,429.18,3004.26,1912.31,1091.95,4.2
2025-09-19,Centro-Oeste,Eletrônicos,Monitor Vista,E-commerce,4,2061.49,8245.96,7497.55,748.41,4.7
2025-09-19,Centro-Oeste,Casa e Decoração,Vaso Raiz,E-commerce,5,311.28,1556.4,845.08,711.32,4.1
2025-09-19,Centro-Oeste,Esporte e Lazer,Prancha Maré,Loja física,4,324.67,1298.68,753.26,545.42,4.3
2025-09-20,Sudeste,Esporte e Lazer,Barraca Cume,E-commerce,7,469.34,3285.38,2075.2,1210.18,3.6
2025-09-20,Norte,Vestuário,Camiseta Base,E-commerce,3,209.89,629.67,390.74,238.93,3.7
2025-09-20,Sudeste,Eletrônicos,Fone Pulse,E-commerce,11,1433.73,15771.03,14843.62,927.41,4.5
2025-09-20,Centro-Oeste,Casa e Decoração,Luminária Sol,Marketplace,5,217.74,1088.7,732.87,355.83,3.9
2025-09-20,Sudeste,Vestuário,Jaqueta Norte,E-commerce,4,233.39,933.56,435.68,497.88,4.1
2025-09-20,Sul,Alimentos,Granola Cheia,Marketplace,8,54.48,435.84,372.15,63.69,4.0
2025-09-21,Nordeste,Esporte e Lazer,Halteres Par,E-commerce,7,246.64,1726.48,1248.84,477.64,4.3
2025-09-21,Sul,Vestuário,Jaqueta Norte,Loja física,6,111.75,670.5,347.24,323.26,4.2
2025-09-21,Norte,Vestuário,Jaqueta Norte,E-commerce,3,158.0,474.0,243.5,230.5,4.0
2025-09-21,Nordeste,Esporte e Lazer,Prancha Maré,E-commerce,4,499.78,1999.12,1284.16,714.96,3.6
2025-09-21,Centro-Oeste,Esporte e Lazer,Bicicleta Rota,E-commerce,2,194.35,388.7,262.39,126.31,4.3
2025-09-21,Sul,Vestuário,Calça Trilha,Loja física,5,153.78,768.9,368.06,400.84,4.4
2025-09-21,Nordeste,Eletrônicos,Notebook Aura,Loja física,5,1970.56,9852.8,8085.33,1767.47,4.0
2025-09-22,Sul,Alimentos,Azeite Oliva,Loja física,5,47.16,235.8,176.56,59.24,3.2
2025-09-22,Nordeste,Vestuário,Tênis Passo,Loja física,3,84.32,252.96,111.26,141.7,4.2
2025-09-22,Nordeste,Eletrônicos,Tablet Nimbus,E-commerce,3,1781.16,5343.48,4468.64,874.84,2.1
2025-09-22,Sul,Alimentos,Azeite Oliva,E-commerce,6,43.25,259.5,196.62,62.88,4.2
2025-09-23,Centro-Oeste,Vestuário,Calça Trilha,E-commerce,3,206.84,620.52,296.0,324.52,5.0
2025-09-23,Centro-Oeste,Alimentos,Granola Cheia,E-commerce,2,44.05,88.1,70.29,17.81,2.9
2025-09-23,Nordeste,Eletrônicos,Tablet Nimbus,Loja física,2,1508.48,3016.96,2133.43,883.53,4.2
2025-09-23,Nordeste,Esporte e Lazer,Bicicleta Rota,Loja física,7,470.4,3292.8,1905.71,1387.09,3.6
2025-09-23,Nordeste,Alimentos,Granola Cheia,E-commerce,2,45.86,91.72,62.11,29.61,3.4
2025-09-23,Centro-Oeste,Casa e Decoração,Tapete Onda,E-commerce,4,394.63,1578.52,794.42,784.1,4.0
2025-09-24,Nordeste,Vestuário,Camiseta Base,Loja física,2,255.43,510.86,258.52,252.34,3.6
2025-09-24,Sul,Eletrônicos,Notebook Aura,E-commerce,3,1569.0,4707.0,3724.88,982.12,3.9
2025-09-24,Nordeste,Esporte e Lazer,Bicicleta Rota,E-commerce,4,168.3,673.2,375.64,297.56,3.6
2025-09-24,Sul,Casa e Decoração,Cadeira Foco,Loja física,5,420.04,2100.2,1349.26,750.94,4.4
2025-09-24,Nordeste,Vestuário,Tênis Passo,Loja física,5,182.41,912.05,426.14,485.91,4.0
2025-09-25,Sudeste,Eletrônicos,Monitor Vista,Loja física,5,1597.78,7988.9,6361.13,1627.77,2.8
2025-09-25,Sudeste,Vestuário,Jaqueta Norte,E-commerce,8,216.55,1732.4,655.51,1076.89,5.0
2025-09-25,Nordeste,Casa e Decoração,Luminária Sol,Loja física,4,297.33,1189.32,679.03,510.29,3.5
2025-09-25,Sul,Eletrônicos,Fone Pulse,Loja física,2,2086.05,4172.1,3510.79,661.31,3.3
2025-09-25,Sudeste,Alimentos,Café Serra,E-commerce,12,53.57,642.84,480.42,162.42,3.6
2025-09-25,Norte,Casa e Decoração,Cadeira Foco,E-commerce,1,464.2,464.2,292.28,171.92,4.4
2025-09-25,Sul,Eletrônicos,Fone Pulse,E-commerce,4,2973.2,11892.8,9848.2,2044.6,4.0
2025-09-26,Norte,Casa e Decoração,Cadeira Foco,Marketplace,5,401.36,2006.8,1424.31,582.49,3.0
2025-09-26,Nordeste,Casa e Decoração,Tapete Onda,E-commerce,1,419.91,419.91,251.75,168.16,4.4
2025-09-26,Nordeste,Casa e Decoração,Cadeira Foco,E-commerce,3,413.16,1239.48,785.32,454.16,4.2
2025-09-26,Sudeste,Alimentos,Granola Cheia,E-commerce,3,16.8,50.4,36.94,13.46,3.1
2025-09-28,Norte,Alimentos,Chá Manhã,E-commerce,4,42.9,171.6,136.94,34.66,4.1
2025-09-28,Norte,Esporte e Lazer,Barraca Cume,Marketplace,2,353.32,706.64,513.44,193.2,4.0
2025-09-28,Norte,Casa e Decoração,Luminária Sol,E-commerce,2,250.99,501.98,301.47,200.51,3.6
2025-09-28,Sudeste,Casa e Decoração,Tapete Onda,E-commerce,4,311.76,1247.04,886.1,360.94,4.4
2025-09-29,Nordeste,Esporte e Lazer,Barraca Cume,E-commerce,4,556.62,2226.48,1445.22,781.26,3.8
2025-09-29,Sudeste,Vestuário,Tênis Passo,Loja física,7,170.14,1190.98,504.98,686.0,4.7
2025-09-30,Sudeste,Eletrônicos,Notebook Aura,Loja física,6,1539.29,9235.74,8265.3,970.44,2.6
2025-09-30,Centro-Oeste,Alimentos,Chá Manhã,Marketplace,6,38.86,233.16,179.63,53.53,3.7
2025-09-30,Sudeste,Alimentos,Café Serra,E-commerce,2,21.57,43.14,33.07,10.07,3.9
2025-09-30,Sul,Casa e Decoração,Vaso Raiz,Loja física,4,503.97,2015.88,1136.61,879.27,3.9
2025-10-01,Sudeste,Esporte e Lazer,Bicicleta Rota,Loja física,8,151.73,1213.84,682.27,531.57,4.2
2025-10-01,Sul,Esporte e Lazer,Prancha Maré,E-commerce,3,342.95,1028.85,625.1,403.75,3.8
2025-10-01,Nordeste,Casa e Decoração,Luminária Sol,Loja física,4,262.21,1048.84,636.66,412.18,3.2
2025-10-01,Sudeste,Vestuário,Calça Trilha,E-commerce,4,171.77,687.08,322.62,364.46,4.8
2025-10-01,Nordeste,Casa e Decoração,Cadeira Foco,E-commerce,4,127.29,509.16,323.61,185.55,3.8
2025-10-01,Sudeste,Alimentos,Chá Manhã,E-commerce,10,36.84,368.4,244.49,123.91,4.6
2025-10-01,Sudeste,Casa e Decoração,Cadeira Foco,E-commerce,3,304.32,912.96,552.17,360.79,3.9
2025-10-01,Norte,Eletrônicos,Fone Pulse,E-commerce,2,1717.67,3435.34,2612.09,823.25,3.0
2025-10-01,Centro-Oeste,Esporte e Lazer,Prancha Maré,Loja física,4,730.83,2923.32,1807.96,1115.36,3.5
2025-10-02,Nordeste,Alimentos,Chá Manhã,Loja física,9,50.42,453.78,338.58,115.2,3.4
2025-10-02,Sul,Vestuário,Calça Trilha,E-commerce,2,105.21,210.42,80.04,130.38,5.0
2025-10-02,Centro-Oeste,Eletrônicos,Fone Pulse,E-commerce,7,2058.31,14408.17,12254.18,2153.99,3.3
2025-10-03,Sudeste,Esporte e Lazer,Halteres Par,Loja física,2,143.5,287.0,167.66,119.34,4.6
2025-10-03,Nordeste,Casa e Decoração,Vaso Raiz,E-commerce,4,311.57,1246.28,740.69,505.59,4.6
2025-10-03,Sudeste,Esporte e Lazer,Bicicleta Rota,Loja física,6,464.03,2784.18,1674.81,1109.37,4.6
2025-10-03,Centro-Oeste,Esporte e Lazer,Prancha Maré,E-commerce,4,459.27,1837.08,1008.56,828.52,3.7
2025-10-04,Sudeste,Eletrônicos,Monitor Vista,E-commerce,6,1562.26,9373.56,7362.31,2011.25,3.3
2025-10-04,Sudeste,Casa e Decoração,Vaso Raiz,Loja física,6,468.08,2808.48,1594.41,1214.07,3.7
2025-10-04,Nordeste,Casa e Decoração,Luminária Sol,E-commerce,4,437.37,1749.48,1073.35,676.13,4.2
2025-10-04,Nordeste,Eletrônicos,Monitor Vista,E-commerce,5,1533.04,7665.2,6310.53,1354.67,4.8
2025-10-04,Sul,Casa e Decoração,Cadeira Foco,Loja física,1,300.47,300.47,207.39,93.08,4.8
2025-10-04,Sul,Esporte e Lazer,Halteres Par,E-commerce,7,381.22,2668.54,1800.47,868.07,4.1
2025-10-05,Norte,Eletrônicos,Monitor Vista,Marketplace,2,2395.88,4791.76,4485.58,306.18,3.6
2025-10-05,Nordeste,Vestuário,Calça Trilha,E-commerce,4,63.53,254.12,119.39,134.73,4.2
2025-10-05,Nordeste,Vestuário,Camiseta Base,E-commerce,6,151.95,911.7,495.66,416.04,3.3
2025-10-05,Nordeste,Casa e Decoração,Cadeira Foco,E-commerce,6,202.67,1216.02,697.19,518.83,4.0
2025-10-06,Sul,Casa e Decoração,Luminária Sol,Loja física,3,139.78,419.34,264.56,154.78,
2025-10-06,Sudeste,Esporte e Lazer,Barraca Cume,Loja física,3,528.8,1586.4,941.24,645.16,4.4
2025-10-06,Sudeste,Vestuário,Calça Trilha,Loja física,6,185.03,1110.18,606.04,504.14,3.8
2025-10-06,Sudeste,Alimentos,Granola Cheia,Loja física,6,52.74,316.44,243.14,73.3,3.7
2025-10-06,Sul,Esporte e Lazer,Bicicleta Rota,E-commerce,3,247.18,741.54,495.02,246.52,3.1
2025-10-06,Sudeste,Alimentos,Café Serra,E-commerce,4,51.79,207.16,156.39,50.77,3.4
2025-10-06,Norte,Vestuário,Tênis Passo,E-commerce,2,86.92,173.84,71.48,102.36,4.0
2025-10-07,Centro-Oeste,Alimentos,Granola Cheia,Loja física,2,41.46,82.92,57.69,25.23,4.3
2025-10-07,Norte,Casa e Decoração,Vaso Raiz,Loja física,2,446.09,892.18,547.82,344.36,3.4
2025-10-07,Nordeste,Vestuário,Jaqueta Norte,E-commerce,4,122.61,490.44,247.17,243.27,3.7
2025-10-07,Sudeste,Alimentos,Chá Manhã,Loja física,6,49.39,296.34,206.76,89.58,4.2
2025-10-08,Sudeste,Vestuário,Camiseta Base,Loja física,4,171.72,686.88,369.68,317.2,3.8
2025-10-08,Centro-Oeste,Eletrônicos,Monitor Vista,E-commerce,1,1962.02,1962.02,1606.66,355.36,3.2
2025-10-08,Sul,Esporte e Lazer,Prancha Maré,E-commerce,4,398.63,1594.52,1052.84,541.68,4.3
2025-10-09,Sudeste,Alimentos,Granola Cheia,Marketplace,8,49.9,399.2,334.76,64.44,3.9
2025-10-09,Centro-Oeste,Eletrônicos,Tablet Nimbus,Loja física,2,1995.81,3991.62,3111.65,879.97,3.6
2025-10-09,Centro-Oeste,Vestuário,Tênis Passo,E-commerce,2,109.7,219.4,112.65,106.75,3.9
2025-10-10,Sudeste,Vestuário,Jaqueta Norte,Loja física,4,181.16,724.64,312.53,412.11,4.4
2025-10-10,Sul,Esporte e Lazer,Barraca Cume,Marketplace,3,539.58,1618.74,987.46,631.28,4.2
2025-10-10,Sudeste,Esporte e Lazer,Halteres Par,E-commerce,8,469.6,3756.8,2253.33,1503.47,4.1
2025-10-10,Nordeste,Alimentos,Café Serra,Marketplace,3,41.62,124.86,104.16,20.7,3.7
2025-10-11,Sul,Alimentos,Café Serra,E-commerce,6,72.84,437.04,276.03,161.01,3.3
2025-10-11,Sul,Eletrônicos,Monitor Vista,E-commerce,8,1279.91,10239.28,8781.75,1457.53,3.1
2025-10-11,Sul,Eletrônicos,Fone Pulse,Marketplace,6,1675.39,10052.34,9704.95,347.39,3.2
2025-10-11,Norte,Casa e Decoração,Vaso Raiz,E-commerce,1,340.93,340.93,181.42,159.51,3.7
2025-10-11,Sul,Vestuário,Tênis Passo,E-commerce,6,152.47,914.82,369.54,545.28,4.1
2025-10-12,Sudeste,Eletrônicos,Monitor Vista,Loja física,8,2779.03,22232.24,19027.6,3204.64,3.6
2025-10-12,Norte,Alimentos,Granola Cheia,Marketplace,3,35.33,105.99,84.47,21.52,4.3
2025-10-12,Sul,Esporte e Lazer,Barraca Cume,E-commerce,9,527.93,4751.37,3363.87,1387.5,2.7
2025-10-12,Sul,Vestuário,Jaqueta Norte,E-commerce,4,239.18,956.72,469.43,487.29,3.9
2025-10-12,Sudeste,Alimentos,Chá Manhã,E-commerce,5,30.76,153.8,122.11,31.69,3.9
2025-10-13,Nordeste,Vestuário,Camiseta Base,Marketplace,1,130.43,130.43,79.14,51.29,5.0
2025-10-13,Sudeste,Esporte e Lazer,Bicicleta Rota,E-commerce,4,143.5,574.0,402.99,171.01,4.4
2025-10-13,Nordeste,Casa e Decoração,Luminária Sol,Loja física,5,502.02,2510.1,1329.66,1180.44,5.0
2025-10-13,Sudeste,Casa e Decoração,Tapete Onda,E-commerce,4,318.76,1275.04,830.53,444.51,3.8
2025-10-13,Sul,Casa e Decoração,Luminária Sol,Marketplace,4,325.68,1302.72,941.32,361.4,4.1
2025-10-14,Nordeste,Alimentos,Chá Manhã,Loja física,6,71.26,427.56,287.54,140.02,3.5
2025-10-14,Sudeste,Vestuário,Tênis Passo,Marketplace,5,129.81,649.05,328.73,320.32,4.3
2025-10-14,Sul,Casa e Decoração,Tapete Onda,Marketplace,3,359.28,1077.84,775.32,302.52,4.3
2025-10-14,Norte,Esporte e Lazer,Barraca Cume,E-commerce,2,354.64,709.28,406.43,302.85,4.4
2025-10-14,Sudeste,Alimentos,Chá Manhã,Loja física,6,101.27,607.62,418.73,188.89,3.3
2025-10-15,Norte,Eletrônicos,Fone Pulse,E-commerce,1,2467.97,2467.97,2121.84,346.13,2.2
2025-10-15,Sudeste,Alimentos,Café Serra,E-commerce,9,67.73,609.57,474.08,135.49,3.8
2025-10-15,Nordeste,Vestuário,Calça Trilha,Loja física,3,135.59,406.77,209.46,197.31,3.9
2025-10-15,Nordeste,Vestuário,Tênis Passo,E-commerce,2,150.63,301.26,154.58,146.68,4.8
2025-10-16,Norte,Casa e Decoração,Tapete Onda,Loja física,2,112.0,224.0,133.18,90.82,3.7
2025-10-16,Sudeste,Casa e Decoração,Cadeira Foco,Loja física,12,311.06,3732.72,2358.84,1373.88,3.5
2025-10-17,Nordeste,Esporte e Lazer,Bicicleta Rota,E-commerce,4,570.6,2282.4,1514.3,768.1,3.1
2025-10-17,Centro-Oeste,Alimentos,Café Serra,Loja física,1,48.2,48.2,34.45,13.75,4.2
2025-10-17,Sul,Casa e Decoração,Tapete Onda,Marketplace,1,474.12,474.12,300.04,174.08,5.0
2025-10-17,Nordeste,Esporte e Lazer,Barraca Cume,E-commerce,2,407.38,814.76,539.59,275.17,3.9
2025-10-17,Norte,Vestuário,Tênis Passo,Marketplace,1,198.12,198.12,123.72,74.4,3.1
2025-10-17,Nordeste,Vestuário,Camiseta Base,E-commerce,2,257.75,515.5,241.56,273.94,5.0
2025-10-17,Nordeste,Vestuário,Camiseta Base,E-commerce,3,199.79,599.37,365.9,233.47,3.6
2025-10-17,Sul,Esporte e Lazer,Barraca Cume,E-commerce,4,414.92,1659.68,1026.39,633.29,3.3
2025-10-18,Sudeste,Esporte e Lazer,Barraca Cume,Loja física,5,581.09,2905.45,1854.48,1050.97,4.8
2025-10-18,Nordeste,Esporte e Lazer,Halteres Par,Loja física,6,530.67,3184.02,2119.8,1064.22,3.7
2025-10-18,Norte,Alimentos,Granola Cheia,E-commerce,3,55.07,165.21,115.79,49.42,3.1
2025-10-18,Sul,Casa e Decoração,Luminária Sol,Marketplace,8,135.11,1080.88,638.01,442.87,3.7
2025-10-19,Centro-Oeste,Esporte e Lazer,Barraca Cume,Marketplace,3,574.0,1722.0,1242.25,479.75,3.7
2025-10-20,Centro-Oeste,Vestuário,Calça Trilha,E-commerce,3,179.8,539.4,302.02,237.38,4.0
2025-10-20,Sul,Vestuário,Tênis Passo,E-commerce,4,197.64,790.56,407.25,383.31,3.9
2025-10-21,Sul,Esporte e Lazer,Prancha Maré,E-commerce,6,293.38,1760.28,1243.97,516.31,3.9
2025-10-21,Sudeste,Casa e Decoração,Luminária Sol,Loja física,6,389.2,2335.2,1381.81,953.39,4.6
2025-10-21,Norte,Eletrônicos,Notebook Aura,Marketplace,3,2074.47,6223.41,5634.78,588.63,3.7
2025-10-21,Sul,Esporte e Lazer,Halteres Par,Loja física,5,338.91,1694.55,1144.01,550.54,3.2
2025-10-21,Sul,Casa e Decoração,Luminária Sol,Loja física,3,476.08,1428.24,903.98,524.26,3.4
2025-10-21,Sudeste,Eletrônicos,Tablet Nimbus,Loja física,3,2083.25,6249.75,5263.14,986.61,3.3
2025-10-21,Sudeste,Alimentos,Café Serra,E-commerce,5,53.64,268.2,190.97,77.23,4.2
2025-10-22,Sudeste,Esporte e Lazer,Barraca Cume,Loja física,4,447.69,1790.76,1120.26,670.5,4.8
2025-10-22,Sul,Alimentos,Café Serra,E-commerce,2,36.64,73.28,55.87,17.41,3.1
2025-10-22,Sudeste,Eletrônicos,Notebook Aura,E-commerce,5,1894.96,9474.8,8263.38,1211.42,3.6
2025-10-22,Centro-Oeste,Alimentos,Azeite Oliva,Loja física,3,37.76,113.28,78.06,35.22,3.7
2025-10-22,Sul,Eletrônicos,Tablet Nimbus,Loja física,3,1668.56,5005.68,4438.23,567.45,2.8
2025-10-22,Nordeste,Vestuário,Camiseta Base,E-commerce,4,178.51,714.04,336.57,377.47,3.8
2025-10-23,Sul,Esporte e Lazer,Bicicleta Rota,Loja física,1,450.26,450.26,267.28,182.98,4.8
2025-10-23,Sul,Esporte e Lazer,Halteres Par,E-commerce,4,143.5,574.0,357.04,216.96,3.6
2025-10-24,Sudeste,Vestuário,Jaqueta Norte,Loja física,5,97.01,485.05,244.01,241.04,3.9
2025-10-24,Sul,Eletrônicos,Notebook Aura,E-commerce,6,1651.13,9906.78,8515.33,1391.45,4.1
2025-10-24,Norte,Eletrônicos,Tablet Nimbus,E-commerce,5,2027.83,10139.15,7689.95,2449.2,3.3
2025-10-24,Sudeste,Vestuário,Camiseta Base,Loja física,4,142.32,569.28,305.57,263.71,4.0
2025-10-25,Sul,Esporte e Lazer,Halteres Par,Loja física,3,403.19,1209.57,563.01,646.56,4.2
2025-10-25,Nordeste,Eletrônicos,Notebook Aura,E-commerce,5,1598.95,7994.75,6352.71,1642.04,2.5
2025-10-25,Norte,Alimentos,Azeite Oliva,E-commerce,3,70.92,212.76,150.05,62.71,4.1
2025-10-25,Norte,Esporte e Lazer,Barraca Cume,E-commerce,4,147.59,590.36,352.64,237.72,4.1
2025-10-26,Sul,Esporte e Lazer,Bicicleta Rota,E-commerce,6,265.41,1592.46,996.97,595.49,4.4
2025-10-26,Sul,Vestuário,Tênis Passo,Loja física,1,102.26,102.26,43.72,58.54,3.1
2025-10-26,Nordeste,Alimentos,Café Serra,E-commerce,5,52.66,263.3,219.46,43.84,3.5
2025-10-26,Sul,Casa e Decoração,Cadeira Foco,Marketplace,5,460.78,2303.9,1534.75,769.15,4.4
2025-10-26,Sudeste,Eletrônicos,Fone Pulse,E-commerce,5,2091.5,10457.5,8351.25,2106.25,
2025-10-26,Sul,Vestuário,Camiseta Base,E-commerce,7,98.79,691.53,296.71,394.82,4.2
2025-10-27,Sul,Alimentos,Azeite Oliva,Loja física,6,39.91,239.46,170.95,68.51,3.0
2025-10-27,Sudeste,Casa e Decoração,Cadeira Foco,Loja física,4,380.93,1523.72,976.62,547.1,4.6
2025-10-27,Sul,Alimentos,Café Serra,Marketplace,6,22.57,135.42,108.77,26.65,3.7
2025-10-27,Nordeste,Alimentos,Café Serra,Marketplace,1,40.27,40.27,35.75,4.52,3.4
2025-10-27,Sul,Alimentos,Chá Manhã,E-commerce,2,33.43,66.86,53.09,13.77,3.5
2025-10-28,Sudeste,Vestuário,Camiseta Base,E-commerce,5,191.16,955.8,504.18,451.62,4.2
2025-10-29,Sul,Casa e Decoração,Tapete Onda,Marketplace,3,283.05,849.15,628.96,220.19,4.1
2025-10-29,Sudeste,Eletrônicos,Fone Pulse,Loja física,9,962.44,8661.96,6934.12,1727.84,3.8
2025-10-29,Sudeste,Alimentos,Chá Manhã,Loja física,4,16.8,67.2,46.6,20.6,3.9
2025-10-29,Sul,Esporte e Lazer,Halteres Par,Loja física,6,403.29,2419.74,1295.79,1123.95,4.4
2025-10-29,Sul,Esporte e Lazer,Halteres Par,E-commerce,2,428.06,856.12,534.04,322.08,4.5
2025-10-29,Sudeste,Vestuário,Camiseta Base,E-commerce,7,228.48,1599.36,614.61,984.75,4.7
2025-10-29,Nordeste,Eletrônicos,Tablet Nimbus,Loja física,2,1126.98,2253.96,1871.65,382.31,3.7
2025-10-29,Centro-Oeste,Esporte e Lazer,Halteres Par,Marketplace,1,383.2,383.2,270.42,112.78,3.8
2025-10-30,Nordeste,Alimentos,Azeite Oliva,E-commerce,3,57.83,173.49,141.79,31.7,3.1
2025-10-30,Sul,Alimentos,Azeite Oliva,Loja física,4,44.44,177.76,138.12,39.64,3.9
2025-10-31,Centro-Oeste,Alimentos,Azeite Oliva,Loja física,2,65.78,131.56,93.71,37.85,4.1
2025-10-31,Centro-Oeste,Vestuário,Camiseta Base,E-commerce,3,206.97,620.91,311.33,309.58,4.9
2025-10-31,Nordeste,Esporte e Lazer,Halteres Par,Marketplace,3,361.63,1084.89,712.17,372.72,3.3
2025-10-31,Sudeste,Casa e Decoração,Vaso Raiz,E-commerce,6,199.59,1197.54,730.11,467.43,4.2
2025-10-31,Sudeste,Casa e Decoração,Tapete Onda,E-commerce,5,112.0,560.0,300.11,259.89,3.8
2025-10-31,Nordeste,Vestuário,Camiseta Base,Marketplace,3,237.85,713.55,436.36,277.19,4.1
2025-10-31,Sudeste,Eletrônicos,Notebook Aura,Marketplace,6,1397.59,8385.54,7134.81,1250.73,3.1
2025-10-31,Nordeste,Casa e Decoração,Luminária Sol,E-commerce,3,140.43,421.29,219.72,201.57,4.0
2025-11-01,Sudeste,Alimentos,Azeite Oliva,E-commerce,6,67.86,407.16,290.83,116.33,3.7
2025-11-01,Nordeste,Alimentos,Café Serra,Marketplace,3,64.63,193.89,148.48,45.41,4.1
2025-11-01,Sul,Esporte e Lazer,Halteres Par,E-commerce,6,359.55,2157.3,1303.36,853.94,3.1
2025-11-01,Sul,Casa e Decoração,Vaso Raiz,E-commerce,2,420.4,840.8,455.16,385.64,2.7
2025-11-01,Sul,Alimentos,Café Serra,E-commerce,1,21.22,21.22,15.18,6.04,3.3
2025-11-01,Nordeste,Vestuário,Calça Trilha,Loja física,4,166.14,664.56,337.76,326.8,4.2
2025-11-01,Sudeste,Vestuário,Tênis Passo,E-commerce,4,166.09,664.36,310.0,354.36,4.9
2025-11-02,Centro-Oeste,Alimentos,Chá Manhã,Loja física,3,51.71,155.13,109.65,45.48,4.1
2025-11-02,Centro-Oeste,Alimentos,Chá Manhã,E-commerce,2,32.55,65.1,52.31,12.79,4.1
2025-11-02,Sudeste,Casa e Decoração,Vaso Raiz,E-commerce,3,195.57,586.71,347.36,239.35,3.9
2025-11-02,Sul,Esporte e Lazer,Barraca Cume,E-commerce,2,330.4,660.8,452.7,208.1,3.7
2025-11-02,Sudeste,Vestuário,Tênis Passo,Loja física,4,268.69,1074.76,516.86,557.9,4.4
2025-11-03,Norte,Alimentos,Granola Cheia,Loja física,2,34.52,69.04,49.08,19.96,2.6
2025-11-03,Nordeste,Esporte e Lazer,Halteres Par,E-commerce,5,448.19,2240.95,1529.09,711.86,3.8
2025-11-03,Sul,Casa e Decoração,Cadeira Foco,Loja física,2,290.1,580.2,309.92,270.28,4.6
2025-11-03,Nordeste,Vestuário,Jaqueta Norte,Loja física,2,167.86,335.72,161.26,174.46,4.9
2025-11-03,Sudeste,Casa e Decoração,Luminária Sol,E-commerce,7,502.23,3515.61,2514.64,1000.97,3.1
2025-11-04,Nordeste,Casa e Decoração,Cadeira Foco,Loja física,7,244.82,1713.74,944.29,769.45,2.9
2025-11-04,Nordeste,Esporte e Lazer,Prancha Maré,Loja física,4,680.31,2721.24,1707.35,1013.89,4.2
2025-11-04,Sudeste,Eletrônicos,Fone Pulse,Loja física,2,1566.56,3133.12,2925.19,207.93,3.5
2025-11-04,Centro-Oeste,Eletrônicos,Monitor Vista,E-commerce,3,2482.11,7446.33,5545.07,1901.26,3.4
2025-11-04,Centro-Oeste,Esporte e Lazer,Halteres Par,E-commerce,2,650.01,1300.02,861.6,438.42,3.5
2025-11-04,Sudeste,Alimentos,Chá Manhã,E-commerce,7,53.2,372.4,298.05,74.35,4.2
2025-11-04,Nordeste,Eletrônicos,Fone Pulse,E-commerce,4,1612.73,6450.92,5150.43,1300.49,3.6
2025-11-04,Norte,Casa e Decoração,Vaso Raiz,Marketplace,1,342.36,342.36,219.28,123.08,4.1
2025-11-04,Sul,Esporte e Lazer,Prancha Maré,E-commerce,2,345.73,691.46,408.52,282.94,3.6
2025-11-04,Sudeste,Vestuário,Camiseta Base,E-commerce,3,199.16,597.48,302.9,294.58,3.3
2025-11-04,Sudeste,Casa e Decoração,Tapete Onda,E-commerce,4,381.46,1525.84,871.12,654.72,3.7
2025-11-05,Sul,Casa e Decoração,Luminária Sol,Marketplace,2,217.34,434.68,334.84,99.84,3.6
2025-11-05,Nordeste,Alimentos,Café Serra,E-commerce,2,40.91,81.82,64.07,17.75,4.0
2025-11-05,Sudeste,Vestuário,Tênis Passo,Loja física,4,241.95,967.8,502.22,465.58,4.6
2025-11-05,Sul,Eletrônicos,Monitor Vista,E-commerce,7,2595.07,18165.49,14956.06,3209.43,4.3
2025-11-05,Sudeste,Casa e Decoração,Vaso Raiz,Loja física,4,418.21,1672.84,955.4,717.44,4.1
2025-11-06,Sudeste,Vestuário,Tênis Passo,E-commerce,2,116.28,232.56,149.95,82.61,4.9
2025-11-06,Sul,Vestuário,Camiseta Base,E-commerce,3,88.02,264.06,106.59,157.47,4.3
2025-11-06,Centro-Oeste,Vestuário,Camiseta Base,Marketplace,1,197.33,197.33,102.05,95.28,4.1
2025-11-06,Sul,Casa e Decoração,Tapete Onda,Marketplace,2,217.3,434.6,318.96,115.64,3.2
2025-11-06,Sul,Vestuário,Camiseta Base,Loja física,2,163.53,327.06,152.67,174.39,3.4
2025-11-06,Norte,Alimentos,Azeite Oliva,Marketplace,4,28.53,114.12,89.56,24.56,3.1
2025-11-06,Centro-Oeste,Alimentos,Chá Manhã,Loja física,3,48.02,144.06,101.75,42.31,3.2
2025-11-07,Sul,Vestuário,Jaqueta Norte,Loja física,4,69.85,279.4,115.29,164.11,4.1
2025-11-07,Norte,Alimentos,Granola Cheia,Marketplace,1,78.82,78.82,62.46,16.36,4.3
2025-11-07,Nordeste,Vestuário,Camiseta Base,E-commerce,4,130.92,523.68,193.0,330.68,3.8
2025-11-07,Sul,Alimentos,Chá Manhã,E-commerce,3,39.19,117.57,97.61,19.96,4.3
2025-11-07,Centro-Oeste,Vestuário,Tênis Passo,Loja física,4,102.31,409.24,180.49,228.75,4.7
2025-11-07,Sudeste,Vestuário,Calça Trilha,E-commerce,5,234.24,1171.2,554.26,616.94,4.1
2025-11-07,Centro-Oeste,Esporte e Lazer,Halteres Par,E-commerce,1,202.96,202.96,125.39,77.57,5.0
2025-11-07,Sudeste,Esporte e Lazer,Barraca Cume,E-commerce,8,229.38,1835.04,1262.84,572.2,4.5
2025-11-08,Nordeste,Casa e Decoração,Vaso Raiz,E-commerce,5,505.32,2526.6,1656.76,869.84,3.8
2025-11-08,Nordeste,Eletrônicos,Notebook Aura,E-commerce,8,1525.71,12205.68,10050.58,2155.1,3.6
2025-11-08,Sul,Vestuário,Camiseta Base,Loja física,3,157.81,473.43,219.01,254.42,4.0
2025-11-08,Nordeste,Casa e Decoração,Vaso Raiz,E-commerce,6,281.38,1688.28,962.76,725.52,4.0
2025-11-08,Sudeste,Alimentos,Chá Manhã,E-commerce,3,59.86,179.58,139.08,40.5,3.5
2025-11-09,Nordeste,Casa e Decoração,Cadeira Foco,E-commerce,4,239.75,959.0,584.77,374.23,3.8
2025-11-09,Centro-Oeste,Alimentos,Azeite Oliva,E-commerce,3,29.85,89.55,61.96,27.59,3.7
2025-11-09,Norte,Eletrônicos,Notebook Aura,E-commerce,4,1320.19,5280.76,4071.25,1209.51,3.1
2025-11-09,Sul,Eletrônicos,Monitor Vista,E-commerce,8,1478.53,11828.24,9244.54,2583.7,3.4
2025-11-09,Nordeste,Vestuário,Tênis Passo,Loja física,2,94.73,189.46,81.84,107.62,3.3
2025-11-09,Sul,Eletrônicos,Tablet Nimbus,E-commerce,4,2210.43,8841.72,6819.86,2021.86,4.0
2025-11-09,Centro-Oeste,Casa e Decoração,Vaso Raiz,E-commerce,1,199.9,199.9,124.37,75.53,4.0
2025-11-10,Centro-Oeste,Vestuário,Calça Trilha,Marketplace,4,78.08,312.32,194.43,117.89,4.3
2025-11-10,Nordeste,Alimentos,Café Serra,E-commerce,3,70.84,212.52,176.24,36.28,4.2
2025-11-10,Norte,Vestuário,Jaqueta Norte,E-commerce,2,219.86,439.72,241.52,198.2,3.6
2025-11-10,Centro-Oeste,Eletrônicos,Notebook Aura,E-commerce,1,2619.33,2619.33,2336.53,282.8,2.8
2025-11-10,Sudeste,Vestuário,Jaqueta Norte,E-commerce,2,102.37,204.74,87.15,117.59,4.7
2025-11-10,Centro-Oeste,Esporte e Lazer,Halteres Par,E-commerce,3,390.08,1170.24,717.38,452.86,3.9
2025-11-10,Nordeste,Casa e Decoração,Tapete Onda,E-commerce,2,179.06,358.12,235.99,122.13,3.4
2025-11-11,Nordeste,Casa e Decoração,Tapete Onda,E-commerce,4,160.09,640.36,394.64,245.72,4.7
2025-11-11,Nordeste,Alimentos,Granola Cheia,E-commerce,2,83.61,167.22,111.1,56.12,4.8
2025-11-11,Centro-Oeste,Esporte e Lazer,Barraca Cume,Loja física,4,371.85,1487.4,969.6,517.8,3.7
2025-11-11,Sul,Eletrônicos,Monitor Vista,E-commerce,2,1190.1,2380.2,2132.23,247.97,3.2
2025-11-11,Sudeste,Casa e Decoração,Tapete Onda,Loja física,5,449.87,2249.35,1308.43,940.92,3.0
2025-11-11,Norte,Esporte e Lazer,Prancha Maré,E-commerce,3,420.11,1260.33,805.92,454.41,3.3
2025-11-11,Centro-Oeste,Casa e Decoração,Luminária Sol,E-commerce,5,388.34,1941.7,1221.54,720.16,3.7
2025-11-11,Nordeste,Eletrônicos,Fone Pulse,Marketplace,4,775.81,3103.24,2915.27,187.97,2.4
2025-11-11,Sul,Vestuário,Camiseta Base,E-commerce,4,141.05,564.2,240.71,323.49,3.6
2025-11-11,Centro-Oeste,Alimentos,Azeite Oliva,E-commerce,4,65.08,260.32,210.99,49.33,3.7
2025-11-12,Centro-Oeste,Alimentos,Granola Cheia,Loja física,3,27.28,81.84,60.97,20.87,4.4
2025-11-12,Nordeste,Vestuário,Camiseta Base,Loja física,4,152.81,611.24,245.96,365.28,5.0
2025-11-12,Nordeste,Vestuário,Tênis Passo,E-commerce,4,249.47,997.88,486.68,511.2,3.1
2025-11-12,Norte,Vestuário,Calça Trilha,Marketplace,1,226.93,226.93,124.05,102.88,3.6
2025-11-12,Sul,Alimentos,Café Serra,Loja física,6,36.47,218.82,180.15,38.67,4.2
2025-11-12,Sul,Eletrônicos,Monitor Vista,E-commerce,6,1217.96,7307.76,6216.7,1091.06,3.7
2025-11-13,Norte,Esporte e Lazer,Barraca Cume,E-commerce,4,450.72,1802.88,1064.91,737.97,4.2
2025-11-13,Nordeste,Eletrônicos,Notebook Aura,Loja física,1,2130.85,2130.85,1925.45,205.4,4.3
2025-11-14,Norte,Eletrônicos,Notebook Aura,Marketplace,3,2377.93,7133.79,6344.47,789.32,3.8
2025-11-14,Centro-Oeste,Alimentos,Granola Cheia,Loja física,3,22.15,66.45,50.37,16.08,3.8
2025-11-14,Nordeste,Esporte e Lazer,Barraca Cume,Loja física,4,439.48,1757.92,1164.34,593.58,3.1
2025-11-14,Norte,Eletrônicos,Monitor Vista,Loja física,2,1800.72,3601.44,2921.34,680.1,3.4
2025-11-14,Centro-Oeste,Alimentos,Café Serra,Loja física,4,43.5,174.0,131.94,42.06,3.4
2025-11-14,Nordeste,Alimentos,Azeite Oliva,E-commerce,1,49.65,49.65,35.9,13.75,4.3
2025-11-14,Nordeste,Alimentos,Café Serra,E-commerce,3,32.23,96.69,66.59,30.1,3.9
2025-11-15,Nordeste,Esporte e Lazer,Halteres Par,Loja física,1,425.88,425.88,282.49,143.39,3.4
2025-11-15,Norte,Alimentos,Café Serra,Marketplace,5,16.8,84.0,65.25,18.75,3.3
2025-11-15,Sul,Casa e Decoração,Luminária Sol,E-commerce,3,346.55,1039.65,618.27,421.38,3.7
2025-11-15,Sul,Esporte e Lazer,Halteres Par,E-commerce,5,273.02,1365.1,797.08,568.02,3.4
2025-11-15,Norte,Eletrônicos,Tablet Nimbus,Loja física,2,1156.74,2313.48,2036.3,277.18,3.1
2025-11-15,Sudeste,Alimentos,Chá Manhã,Loja física,3,25.81,77.43,54.93,22.5,4.5
2025-11-15,Norte,Eletrônicos,Notebook Aura,Loja física,2,2512.9,5025.8,4732.84,292.96,3.6
2025-11-15,Sudeste,Alimentos,Chá Manhã,Loja física,5,43.35,216.75,156.03,60.72,4.0
2025-11-15,Norte,Casa e Decoração,Tapete Onda,E-commerce,1,170.91,170.91,81.3,89.61,3.4
2025-11-15,Sudeste,Alimentos,Café Serra,Marketplace,5,31.93,159.65,134.79,24.86,4.3
2025-11-15,Norte,Eletrônicos,Monitor Vista,E-commerce,3,1564.07,4692.21,3436.28,1255.93,3.6
2025-11-15,Sudeste,Casa e Decoração,Vaso Raiz,Loja física,5,150.76,753.8,434.86,318.94,4.9
2025-11-15,Sul,Esporte e Lazer,Halteres Par,E-commerce,5,273.49,1367.45,878.66,488.79,4.3
2025-11-15,Sul,Vestuário,Tênis Passo,E-commerce,2,183.64,367.28,169.14,198.14,4.0
2025-11-16,Sul,Esporte e Lazer,Prancha Maré,Loja física,2,162.87,325.74,195.33,130.41,2.6
2025-11-16,Sul,Eletrônicos,Notebook Aura,Loja física,5,1905.41,9527.05,8394.91,1132.14,3.7
2025-11-16,Centro-Oeste,Esporte e Lazer,Prancha Maré,Loja física,3,734.33,2202.99,1332.27,870.72,4.2
2025-11-16,Norte,Eletrônicos,Tablet Nimbus,Loja física,5,1244.73,6223.65,4678.13,1545.52,3.2
2025-11-17,Norte,Casa e Decoração,Luminária Sol,Loja física,7,369.42,2585.94,1431.51,1154.43,3.7
2025-11-17,Nordeste,Esporte e Lazer,Halteres Par,Loja física,2,464.38,928.76,566.26,362.5,3.1
2025-11-17,Sudeste,Eletrônicos,Fone Pulse,Loja física,6,1879.89,11279.34,8787.96,2491.38,3.8
2025-11-17,Norte,Casa e Decoração,Cadeira Foco,E-commerce,3,579.18,1737.54,900.34,837.2,4.4
2025-11-17,Nordeste,Esporte e Lazer,Halteres Par,Marketplace,5,211.97,1059.85,744.31,315.54,3.8
2025-11-17,Nordeste,Vestuário,Tênis Passo,Marketplace,2,127.99,255.98,149.97,106.01,3.8
2025-11-17,Sul,Esporte e Lazer,Halteres Par,Loja física,1,532.45,532.45,373.97,158.48,3.7
2025-11-17,Norte,Eletrônicos,Notebook Aura,E-commerce,1,2600.78,2600.78,2119.89,480.89,4.1
2025-11-18,Sudeste,Esporte e Lazer,Bicicleta Rota,E-commerce,1,429.11,429.11,271.89,157.22,5.0
2025-11-18,Sul,Alimentos,Chá Manhã,Marketplace,1,77.94,77.94,60.83,17.11,3.5
2025-11-18,Nordeste,Eletrônicos,Monitor Vista,Marketplace,3,1599.09,4797.27,4543.75,253.52,3.7
2025-11-18,Centro-Oeste,Alimentos,Chá Manhã,E-commerce,3,54.12,162.36,119.81,42.55,3.5
2025-11-18,Centro-Oeste,Eletrônicos,Notebook Aura,Marketplace,1,1778.84,1778.84,1550.77,228.07,3.3
2025-11-18,Nordeste,Eletrônicos,Monitor Vista,E-commerce,3,2174.54,6523.62,5465.1,1058.52,3.8
2025-11-19,Sudeste,Casa e Decoração,Tapete Onda,E-commerce,6,309.39,1856.34,1202.61,653.73,4.3
2025-11-19,Nordeste,Esporte e Lazer,Halteres Par,E-commerce,4,563.61,2254.44,1337.82,916.62,4.7
2025-11-20,Norte,Eletrônicos,Notebook Aura,E-commerce,2,2285.78,4571.56,3858.41,713.15,3.9
2025-11-20,Nordeste,Eletrônicos,Tablet Nimbus,E-commerce,3,3002.04,9006.12,6830.01,2176.11,4.1
2025-11-20,Norte,Vestuário,Camiseta Base,E-commerce,2,217.22,434.44,228.85,205.59,4.1
2025-11-20,Centro-Oeste,Casa e Decoração,Cadeira Foco,E-commerce,2,415.79,831.58,497.03,334.55,4.3
2025-11-21,Sudeste,Vestuário,Tênis Passo,Loja física,3,291.79,875.37,358.16,517.21,4.2
2025-11-21,Sudeste,Eletrônicos,Tablet Nimbus,Loja física,9,2458.36,22125.24,16953.1,5172.14,4.2
2025-11-22,Sudeste,Alimentos,Granola Cheia,Loja física,4,17.66,70.64,53.97,16.67,3.0
2025-11-22,Sul,Alimentos,Granola Cheia,E-commerce,2,58.79,117.58,105.18,12.4,2.8
2025-11-22,Sudeste,Eletrônicos,Fone Pulse,E-commerce,7,647.5,4532.5,3455.4,1077.1,4.0
2025-11-22,Centro-Oeste,Eletrônicos,Notebook Aura,E-commerce,1,2306.65,2306.65,1886.25,420.4,3.1
2025-11-22,Centro-Oeste,Alimentos,Azeite Oliva,Marketplace,3,57.92,173.76,143.8,29.96,4.1
2025-11-22,Centro-Oeste,Vestuário,Calça Trilha,E-commerce,3,128.92,386.76,167.01,219.75,4.9
2025-11-23,Sudeste,Alimentos,Café Serra,Loja física,5,16.8,84.0,63.69,20.31,3.6
2025-11-23,Sul,Vestuário,Tênis Passo,Loja física,2,158.21,316.42,161.85,154.57,4.7
2025-11-23,Sudeste,Vestuário,Tênis Passo,Marketplace,5,171.26,856.3,503.32,352.98,4.1
2025-11-23,Nordeste,Vestuário,Calça Trilha,E-commerce,5,155.53,777.65,354.26,423.39,4.1
2025-11-23,Sul,Vestuário,Calça Trilha,E-commerce,5,124.82,624.1,272.14,351.96,4.2
2025-11-23,Sul,Alimentos,Café Serra,Loja física,6,31.86,191.16,125.85,65.31,3.4
2025-11-24,Sudeste,Casa e Decoração,Luminária Sol,Loja física,4,369.7,1478.8,889.4,589.4,3.5
2025-11-24,Centro-Oeste,Esporte e Lazer,Barraca Cume,E-commerce,1,436.5,436.5,270.38,166.12,3.3
2025-11-24,Sudeste,Casa e Decoração,Vaso Raiz,Loja física,6,113.04,678.24,352.03,326.21,3.2
2025-11-24,Nordeste,Alimentos,Chá Manhã,Loja física,6,33.57,201.42,150.51,50.91,2.9
2025-11-24,Norte,Eletrônicos,Notebook Aura,E-commerce,2,2238.46,4476.92,3472.7,1004.22,3.3
2025-11-24,Sul,Casa e Decoração,Luminária Sol,E-commerce,2,313.79,627.58,357.61,269.97,3.5
2025-11-24,Norte,Casa e Decoração,Cadeira Foco,Marketplace,1,310.56,310.56,226.26,84.3,5.0
2025-11-25,Centro-Oeste,Eletrônicos,Notebook Aura,Loja física,3,2626.63,7879.89,6842.91,1036.98,3.2
2025-11-25,Norte,Alimentos,Azeite Oliva,Loja física,3,64.71,194.13,137.57,56.56,4.0
2025-11-25,Centro-Oeste,Eletrônicos,Tablet Nimbus,E-commerce,1,1418.63,1418.63,1183.18,235.45,3.3
2025-11-26,Centro-Oeste,Esporte e Lazer,Halteres Par,E-commerce,1,623.87,623.87,395.98,227.89,3.8
2025-11-26,Sudeste,Vestuário,Tênis Passo,Loja física,6,82.77,496.62,279.88,216.74,3.5
2025-11-26,Centro-Oeste,Alimentos,Chá Manhã,E-commerce,1,48.51,48.51,36.95,11.56,3.5
2025-11-27,Sudeste,Vestuário,Camiseta Base,E-commerce,8,257.88,2063.04,959.85,1103.19,4.2
2025-11-27,Sudeste,Vestuário,Calça Trilha,Loja física,3,152.64,457.92,258.47,199.45,4.3
2025-11-27,Sul,Esporte e Lazer,Halteres Par,E-commerce,2,303.58,607.16,352.03,255.13,2.9
2025-11-27,Norte,Esporte e Lazer,Barraca Cume,E-commerce,2,443.66,887.32,605.28,282.04,4.0
2025-11-27,Sul,Alimentos,Granola Cheia,E-commerce,5,58.43,292.15,237.44,54.71,2.3
2025-11-27,Centro-Oeste,Eletrônicos,Tablet Nimbus,E-commerce,2,2461.87,4923.74,4689.58,234.16,3.5
2025-11-27,Nordeste,Casa e Decoração,Cadeira Foco,Loja física,4,546.67,2186.68,1319.4,867.28,5.0
2025-11-27,Nordeste,Casa e Decoração,Cadeira Foco,E-commerce,3,495.04,1485.12,845.14,639.98,3.9
2025-11-27,Sul,Alimentos,Chá Manhã,Marketplace,4,61.57,246.28,211.41,34.87,3.6
2025-11-27,Sul,Eletrônicos,Tablet Nimbus,Loja física,6,1784.42,10706.52,9001.51,1705.01,3.6
2025-11-28,Sul,Vestuário,Camiseta Base,Loja física,3,194.54,583.62,294.94,288.68,4.5
2025-11-28,Centro-Oeste,Alimentos,Granola Cheia,E-commerce,1,85.07,85.07,65.93,19.14,3.4
2025-11-29,Sul,Alimentos,Café Serra,Loja física,5,28.52,142.6,112.51,30.09,3.7
2025-11-29,Sul,Alimentos,Azeite Oliva,Loja física,10,41.13,411.3,297.79,113.51,4.2
2025-11-29,Centro-Oeste,Esporte e Lazer,Barraca Cume,E-commerce,2,472.29,944.58,574.69,369.89,3.4
2025-11-29,Sul,Vestuário,Calça Trilha,E-commerce,7,199.83,1398.81,792.09,606.72,4.3
2025-11-29,Centro-Oeste,Alimentos,Azeite Oliva,E-commerce,5,45.9,229.5,156.63,72.87,4.2
2025-11-30,Nordeste,Casa e Decoração,Cadeira Foco,Loja física,6,416.06,2496.36,1620.92,875.44,3.8
2025-12-01,Sul,Esporte e Lazer,Prancha Maré,E-commerce,3,143.5,430.5,275.54,154.96,4.4
2025-12-01,Sul,Alimentos,Azeite Oliva,Loja física,7,53.33,373.31,286.12,87.19,3.4
2025-12-01,Sul,Vestuário,Camiseta Base,Loja física,5,218.03,1090.15,592.98,497.17,4.6
2025-12-01,Sul,Vestuário,Camiseta Base,E-commerce,2,82.66,165.32,89.12,76.2,4.3
2025-12-01,Centro-Oeste,Esporte e Lazer,Barraca Cume,Marketplace,1,528.94,528.94,370.56,158.38,4.7
2025-12-01,Nordeste,Eletrônicos,Monitor Vista,Loja física,2,2211.65,4423.3,3728.63,694.67,2.7
2025-12-02,Sudeste,Alimentos,Chá Manhã,E-commerce,6,24.86,149.16,97.05,52.11,3.1
2025-12-02,Nordeste,Eletrônicos,Monitor Vista,Loja física,3,1848.05,5544.15,4628.53,915.62,4.3
2025-12-02,Sul,Eletrônicos,Monitor Vista,E-commerce,3,1942.59,5827.77,5349.45,478.32,3.1
2025-12-02,Centro-Oeste,Esporte e Lazer,Bicicleta Rota,Marketplace,2,412.62,825.24,667.17,158.07,4.1
2025-12-02,Sul,Esporte e Lazer,Halteres Par,Marketplace,2,430.17,860.34,568.84,291.5,3.7
2025-12-02,Sudeste,Eletrônicos,Tablet Nimbus,E-commerce,3,2290.79,6872.37,4705.5,2166.87,3.7
2025-12-02,Nordeste,Casa e Decoração,Tapete Onda,Loja física,4,216.12,864.48,490.79,373.69,4.3
2025-12-02,Sudeste,Eletrônicos,Monitor Vista,E-commerce,4,2060.21,8240.84,6627.93,1612.91,
2025-12-02,Centro-Oeste,Esporte e Lazer,Prancha Maré,Marketplace,2,368.47,736.94,572.95,163.99,3.9
2025-12-02,Sudeste,Vestuário,Calça Trilha,Loja física,5,199.13,995.65,431.68,563.97,3.9
2025-12-03,Sudeste,Esporte e Lazer,Halteres Par,E-commerce,4,356.57,1426.28,853.28,573.0,
2025-12-03,Sul,Casa e Decoração,Tapete Onda,Loja física,3,228.45,685.35,340.31,345.04,3.5
2025-12-03,Sul,Esporte e Lazer,Barraca Cume,Loja física,4,298.55,1194.2,674.45,519.75,3.5
2025-12-03,Sudeste,Alimentos,Granola Cheia,E-commerce,1,85.33,85.33,51.56,33.77,3.6
2025-12-03,Sul,Alimentos,Granola Cheia,E-commerce,6,22.71,136.26,102.0,34.26,
2025-12-03,Sul,Casa e Decoração,Luminária Sol,E-commerce,3,328.7,986.1,615.7,370.4,4.4
2025-12-03,Sul,Esporte e Lazer,Prancha Maré,E-commerce,3,513.81,1541.43,929.18,612.25,4.1
2025-12-03,Sudeste,Esporte e Lazer,Halteres Par,Loja física,3,622.79,1868.37,1231.84,636.53,4.3
2025-12-03,Nordeste,Casa e Decoração,Vaso Raiz,Loja física,5,268.39,1341.95,625.73,716.22,4.3
2025-12-03,Nordeste,Eletrônicos,Fone Pulse,Loja física,6,1719.56,10317.36,9411.57,905.79,4.6
2025-12-03,Centro-Oeste,Esporte e Lazer,Halteres Par,E-commerce,3,630.85,1892.55,1210.96,681.59,3.8
2025-12-03,Centro-Oeste,Esporte e Lazer,Halteres Par,Loja física,3,712.72,2138.16,1232.14,906.02,3.0
2025-12-04,Sudeste,Esporte e Lazer,Barraca Cume,Loja física,2,670.86,1341.72,794.14,547.58,3.8
2025-12-04,Sul,Vestuário,Tênis Passo,Loja física,6,196.29,1177.74,589.04,588.7,4.4
2025-12-04,Norte,Esporte e Lazer,Barraca Cume,E-commerce,3,358.32,1074.96,655.52,419.44,5.0
2025-12-04,Sudeste,Alimentos,Café Serra,Loja física,3,47.72,143.16,111.26,31.9,3.1
2025-12-04,Sudeste,Alimentos,Azeite Oliva,Loja física,3,38.05,114.15,87.23,26.92,4.3
2025-12-04,Nordeste,Casa e Decoração,Vaso Raiz,E-commerce,4,367.04,1468.16,766.58,701.58,3.5
2025-12-04,Sudeste,Vestuário,Calça Trilha,E-commerce,2,189.66,379.32,150.28,229.04,3.5
2025-12-04,Sul,Esporte e Lazer,Bicicleta Rota,E-commerce,4,309.27,1237.08,838.11,398.97,4.5
2025-12-04,Sudeste,Casa e Decoração,Tapete Onda,E-commerce,4,112.0,448.0,250.79,197.21,3.4
2025-12-05,Norte,Esporte e Lazer,Barraca Cume,Loja física,1,358.31,358.31,200.29,158.02,4.0
2025-12-05,Sudeste,Casa e Decoração,Luminária Sol,E-commerce,3,622.14,1866.42,950.86,915.56,4.1
2025-12-05,Nordeste,Eletrônicos,Notebook Aura,Marketplace,4,1508.46,6033.84,5745.83,288.01,3.2
2025-12-05,Centro-Oeste,Esporte e Lazer,Bicicleta Rota,E-commerce,1,208.55,208.55,126.43,82.12,3.5
2025-12-05,Norte,Eletrônicos,Notebook Aura,E-commerce,1,2511.23,2511.23,2001.07,510.16,3.4
2025-12-05,Centro-Oeste,Eletrônicos,Tablet Nimbus,E-commerce,1,1825.7,1825.7,1505.75,319.95,4.2
2025-12-05,Nordeste,Vestuário,Tênis Passo,E-commerce,5,174.58,872.9,377.89,495.01,4.5
2025-12-06,Nordeste,Alimentos,Azeite Oliva,E-commerce,3,22.75,68.25,52.47,15.78,3.4
2025-12-06,Sudeste,Eletrônicos,Monitor Vista,E-commerce,3,2921.12,8763.36,6970.83,1792.53,4.4
2025-12-06,Centro-Oeste,Casa e Decoração,Luminária Sol,Loja física,4,296.54,1186.16,708.26,477.9,4.3
2025-12-07,Sul,Vestuário,Jaqueta Norte,E-commerce,4,128.58,514.32,249.07,265.25,3.6
2025-12-07,Sul,Eletrônicos,Tablet Nimbus,E-commerce,2,2010.89,4021.78,3444.16,577.62,3.9
2025-12-07,Sul,Vestuário,Camiseta Base,Marketplace,4,91.01,364.04,213.86,150.18,4.1
2025-12-08,Sudeste,Alimentos,Azeite Oliva,Marketplace,2,26.89,53.78,48.12,5.66,3.0
2025-12-08,Sul,Alimentos,Chá Manhã,E-commerce,4,61.18,244.72,175.29,69.43,4.1
2025-12-08,Nordeste,Vestuário,Camiseta Base,Loja física,3,159.57,478.71,196.17,282.54,4.7
2025-12-08,Sul,Eletrônicos,Tablet Nimbus,E-commerce,3,1249.22,3747.66,3063.62,684.04,
2025-12-08,Centro-Oeste,Casa e Decoração,Cadeira Foco,E-commerce,2,177.16,354.32,192.28,162.04,4.4
2025-12-08,Sul,Alimentos,Granola Cheia,E-commerce,4,51.74,206.96,151.54,55.42,4.5
2025-12-09,Sul,Eletrônicos,Notebook Aura,E-commerce,3,1981.68,5945.04,4404.77,1540.27,3.8
2025-12-09,Sudeste,Vestuário,Jaqueta Norte,E-commerce,2,90.16,180.32,84.61,95.71,4.1
2025-12-09,Nordeste,Alimentos,Chá Manhã,Marketplace,2,36.78,73.56,63.88,9.68,3.4
2025-12-09,Nordeste,Eletrônicos,Notebook Aura,Marketplace,4,1915.42,7661.68,5993.17,1668.51,3.6
2025-12-09,Sul,Eletrônicos,Notebook Aura,Loja física,2,2492.99,4985.98,4692.41,293.57,2.8
2025-12-09,Centro-Oeste,Alimentos,Café Serra,Loja física,2,52.09,104.18,66.64,37.54,3.1
2025-12-09,Sudeste,Eletrônicos,Fone Pulse,E-commerce,3,1048.03,3144.09,2738.83,405.26,3.4
2025-12-09,Nordeste,Vestuário,Camiseta Base,E-commerce,4,195.69,782.76,375.32,407.44,3.7
2025-12-10,Sudeste,Esporte e Lazer,Barraca Cume,Loja física,7,604.9,4234.3,2444.6,1789.7,4.4
2025-12-10,Sudeste,Alimentos,Azeite Oliva,E-commerce,5,38.91,194.55,132.02,62.53,3.8
2025-12-10,Sudeste,Eletrônicos,Tablet Nimbus,E-commerce,2,2212.04,4424.08,3762.6,661.48,3.5
2025-12-10,Sul,Eletrônicos,Fone Pulse,Loja física,3,1338.52,4015.56,3377.05,638.51,3.3
2025-12-10,Nordeste,Vestuário,Jaqueta Norte,Marketplace,3,141.02,423.06,240.38,182.68,4.4
2025-12-10,Sul,Eletrônicos,Monitor Vista,E-commerce,3,900.81,2702.43,2066.46,635.97,4.3
2025-12-10,Sudeste,Vestuário,Jaqueta Norte,E-commerce,2,193.3,386.6,218.63,167.97,4.7
2025-12-10,Nordeste,Alimentos,Café Serra,Loja física,4,29.29,117.16,91.16,26.0,3.3
2025-12-10,Nordeste,Vestuário,Calça Trilha,E-commerce,4,93.78,375.12,195.71,179.41,4.5
2025-12-11,Centro-Oeste,Alimentos,Chá Manhã,E-commerce,2,49.9,99.8,76.12,23.68,3.4
2025-12-11,Norte,Vestuário,Camiseta Base,E-commerce,6,162.2,973.2,552.59,420.61,3.6
2025-12-11,Sudeste,Eletrônicos,Monitor Vista,E-commerce,3,1844.36,5533.08,5105.79,427.29,3.2
2025-12-11,Nordeste,Alimentos,Chá Manhã,Loja física,7,72.69,508.83,357.1,151.73,3.2
2025-12-11,Sudeste,Vestuário,Jaqueta Norte,Marketplace,7,59.14,413.98,217.88,196.1,5.0
2025-12-12,Nordeste,Casa e Decoração,Cadeira Foco,Marketplace,6,412.59,2475.54,1639.15,836.39,2.8
2025-12-12,Centro-Oeste,Casa e Decoração,Tapete Onda,Loja física,4,259.02,1036.08,601.59,434.49,3.4
2025-12-12,Nordeste,Casa e Decoração,Tapete Onda,E-commerce,3,380.36,1141.08,713.53,427.55,4.3
2025-12-13,Sul,Vestuário,Camiseta Base,Marketplace,4,199.33,797.32,525.59,271.73,3.7
2025-12-13,Sul,Alimentos,Azeite Oliva,Marketplace,1,76.51,76.51,65.3,11.21,3.9
2025-12-13,Norte,Eletrônicos,Notebook Aura,Marketplace,5,2093.73,10468.65,8758.0,1710.65,3.3
2025-12-14,Centro-Oeste,Esporte e Lazer,Prancha Maré,E-commerce,4,204.34,817.36,508.37,308.99,4.5
2025-12-14,Nordeste,Eletrônicos,Monitor Vista,E-commerce,2,2332.61,4665.22,3825.58,839.64,3.5
2025-12-14,Centro-Oeste,Casa e Decoração,Luminária Sol,Loja física,4,312.34,1249.36,737.25,512.11,4.5
2025-12-14,Nordeste,Esporte e Lazer,Bicicleta Rota,E-commerce,3,340.87,1022.61,670.79,351.82,3.0
2025-12-14,Centro-Oeste,Vestuário,Tênis Passo,E-commerce,4,270.86,1083.44,490.75,592.69,3.8
2025-12-14,Sul,Casa e Decoração,Luminária Sol,E-commerce,2,404.23,808.46,526.12,282.34,4.2
2025-12-14,Nordeste,Esporte e Lazer,Barraca Cume,Loja física,4,347.42,1389.68,885.5,504.18,5.0
2025-12-14,Centro-Oeste,Esporte e Lazer,Prancha Maré,E-commerce,2,553.6,1107.2,673.63,433.57,3.4
2025-12-14,Nordeste,Alimentos,Café Serra,Loja física,3,47.17,141.51,107.07,34.44,3.1
2025-12-14,Nordeste,Alimentos,Azeite Oliva,Loja física,4,40.21,160.84,118.98,41.86,4.0
2025-12-15,Centro-Oeste,Alimentos,Chá Manhã,E-commerce,4,37.09,148.36,108.19,40.17,3.8
2025-12-15,Sudeste,Vestuário,Jaqueta Norte,E-commerce,3,175.75,527.25,299.5,227.75,3.6
2025-12-15,Norte,Esporte e Lazer,Prancha Maré,Marketplace,2,317.92,635.84,510.81,125.03,3.0
2025-12-16,Norte,Esporte e Lazer,Barraca Cume,Loja física,1,411.98,411.98,279.92,132.06,3.8
2025-12-16,Sudeste,Alimentos,Granola Cheia,E-commerce,6,49.99,299.94,230.17,69.77,3.6
2025-12-16,Nordeste,Esporte e Lazer,Barraca Cume,E-commerce,3,706.48,2119.44,1274.95,844.49,4.6
2025-12-16,Sul,Eletrônicos,Tablet Nimbus,E-commerce,3,1924.61,5773.83,4695.88,1077.95,3.4
2025-12-16,Sul,Eletrônicos,Fone Pulse,E-commerce,2,2275.77,4551.54,3870.72,680.82,3.9
2025-12-17,Nordeste,Alimentos,Granola Cheia,E-commerce,3,72.28,216.84,186.63,30.21,4.0
2025-12-17,Sul,Vestuário,Camiseta Base,Marketplace,5,212.7,1063.5,518.08,545.42,4.2
2025-12-17,Sudeste,Vestuário,Tênis Passo,E-commerce,2,242.89,485.78,203.79,281.99,4.0
2025-12-17,Sudeste,Casa e Decoração,Luminária Sol,Marketplace,4,556.65,2226.6,1380.81,845.79,4.4
2025-12-17,Sul,Vestuário,Camiseta Base,Loja física,2,62.13,124.26,66.61,57.65,3.4
2025-12-17,Centro-Oeste,Casa e Decoração,Luminária Sol,E-commerce,4,351.82,1407.28,835.74,571.54,3.7
2025-12-17,Centro-Oeste,Eletrônicos,Fone Pulse,Loja física,4,1796.3,7185.2,6347.56,837.64,3.4
2025-12-18,Centro-Oeste,Vestuário,Camiseta Base,E-commerce,4,165.13,660.52,319.03,341.49,4.3
2025-12-18,Sudeste,Esporte e Lazer,Halteres Par,Marketplace,6,350.39,2102.34,1550.27,552.07,4.1
2025-12-18,Sudeste,Alimentos,Café Serra,Loja física,6,38.22,229.32,182.06,47.26,3.3
2025-12-18,Nordeste,Eletrônicos,Fone Pulse,E-commerce,2,1322.2,2644.4,2101.86,542.54,3.2
2025-12-19,Sul,Vestuário,Tênis Passo,Loja física,4,131.85,527.4,250.89,276.51,4.7
2025-12-19,Centro-Oeste,Esporte e Lazer,Bicicleta Rota,E-commerce,3,305.29,915.87,659.98,255.89,3.2
2025-12-19,Nordeste,Alimentos,Café Serra,E-commerce,5,42.09,210.45,182.54,27.91,3.5
2025-12-19,Sudeste,Vestuário,Jaqueta Norte,Marketplace,3,210.37,631.11,305.37,325.74,3.3
2025-12-19,Centro-Oeste,Vestuário,Calça Trilha,E-commerce,3,164.36,493.08,243.06,250.02,4.1
2025-12-20,Centro-Oeste,Alimentos,Chá Manhã,E-commerce,3,30.1,90.3,57.36,32.94,3.3
2025-12-20,Centro-Oeste,Casa e Decoração,Cadeira Foco,Loja física,2,291.66,583.32,354.63,228.69,4.1
2025-12-20,Nordeste,Eletrônicos,Notebook Aura,Loja física,5,2014.74,10073.7,8139.55,1934.15,3.9
2025-12-20,Norte,Eletrônicos,Monitor Vista,Loja física,2,2453.53,4907.06,4021.4,885.66,3.3
2025-12-20,Sudeste,Esporte e Lazer,Bicicleta Rota,Loja física,7,231.18,1618.26,904.91,713.35,3.9
2025-12-20,Sudeste,Alimentos,Café Serra,Loja física,3,47.45,142.35,118.91,23.44,3.1
2025-12-20,Sudeste,Casa e Decoração,Tapete Onda,E-commerce,3,461.38,1384.14,724.65,659.49,3.9
2025-12-20,Sudeste,Casa e Decoração,Cadeira Foco,Loja física,3,178.54,535.62,282.26,253.36,4.9
2025-12-20,Sul,Esporte e Lazer,Barraca Cume,E-commerce,5,600.05,3000.25,1889.23,1111.02,5.0
2025-12-20,Sudeste,Esporte e Lazer,Prancha Maré,Marketplace,4,344.16,1376.64,962.73,413.91,3.7
2025-12-20,Sudeste,Eletrônicos,Notebook Aura,E-commerce,5,2191.44,10957.2,9187.94,1769.26,3.9
2025-12-21,Nordeste,Vestuário,Tênis Passo,Loja física,3,213.81,641.43,292.42,349.01,4.4
2025-12-21,Centro-Oeste,Eletrônicos,Notebook Aura,E-commerce,3,1981.83,5945.49,5054.95,890.54,4.7
2025-12-21,Sul,Alimentos,Azeite Oliva,E-commerce,3,45.81,137.43,99.86,37.57,2.5
2025-12-21,Sul,Vestuário,Camiseta Base,Loja física,10,147.01,1470.1,829.52,640.58,4.2
2025-12-21,Centro-Oeste,Eletrônicos,Monitor Vista,Marketplace,3,2070.2,6210.6,5471.45,739.15,2.7
2025-12-21,Sul,Vestuário,Calça Trilha,Loja física,3,247.5,742.5,347.25,395.25,3.5
2025-12-22,Nordeste,Casa e Decoração,Vaso Raiz,E-commerce,4,225.68,902.72,465.2,437.52,4.6
2025-12-22,Sudeste,Casa e Decoração,Vaso Raiz,Loja física,7,302.53,2117.71,1248.59,869.12,4.0
2025-12-22,Nordeste,Alimentos,Azeite Oliva,Loja física,1,44.25,44.25,31.55,12.7,3.8
2025-12-22,Sul,Eletrônicos,Fone Pulse,E-commerce,2,1172.33,2344.66,1954.52,390.14,3.5
2025-12-23,Sudeste,Vestuário,Tênis Passo,Marketplace,2,184.25,368.5,190.69,177.81,4.6
2025-12-23,Sul,Alimentos,Azeite Oliva,E-commerce,2,59.84,119.68,87.94,31.74,3.9
2025-12-23,Sudeste,Alimentos,Chá Manhã,Marketplace,4,62.62,250.48,208.96,41.52,3.7
2025-12-23,Sudeste,Esporte e Lazer,Bicicleta Rota,Loja física,4,624.47,2497.88,1422.87,1075.01,3.4
2025-12-23,Sudeste,Esporte e Lazer,Barraca Cume,Marketplace,6,553.09,3318.54,2675.22,643.32,4.0
2025-12-24,Nordeste,Alimentos,Granola Cheia,Marketplace,2,58.49,116.98,95.2,21.78,3.1
2025-12-24,Sudeste,Casa e Decoração,Luminária Sol,E-commerce,6,256.31,1537.86,909.19,628.67,3.7
2025-12-24,Sul,Vestuário,Calça Trilha,Loja física,3,110.89,332.67,171.56,161.11,3.8
2025-12-24,Nordeste,Esporte e Lazer,Bicicleta Rota,E-commerce,1,407.33,407.33,256.86,150.47,3.8
2025-12-24,Sudeste,Casa e Decoração,Tapete Onda,Marketplace,3,273.18,819.54,582.39,237.15,4.0
2025-12-24,Sul,Esporte e Lazer,Prancha Maré,Loja física,2,535.81,1071.62,655.09,416.53,4.5
2025-12-24,Nordeste,Esporte e Lazer,Barraca Cume,Loja física,4,319.55,1278.2,823.16,455.04,3.8
2025-12-24,Sul,Casa e Decoração,Luminária Sol,E-commerce,6,366.76,2200.56,1263.58,936.98,3.1
2025-12-25,Nordeste,Vestuário,Jaqueta Norte,E-commerce,3,55.65,166.95,81.63,85.32,3.7
2025-12-25,Sudeste,Eletrônicos,Monitor Vista,Marketplace,6,726.81,4360.86,3726.89,633.97,3.1
2025-12-25,Sudeste,Esporte e Lazer,Bicicleta Rota,E-commerce,6,514.01,3084.06,1848.58,1235.48,4.4
2025-12-26,Sul,Alimentos,Chá Manhã,E-commerce,6,17.95,107.7,81.2,26.5,3.6
2025-12-26,Centro-Oeste,Alimentos,Azeite Oliva,Loja física,3,43.02,129.06,93.55,35.51,4.8
2025-12-26,Sudeste,Esporte e Lazer,Barraca Cume,Loja física,3,258.04,774.12,463.31,310.81,5.0
2025-12-26,Sudeste,Alimentos,Chá Manhã,Loja física,2,35.67,71.34,53.59,17.75,4.2
2025-12-26,Sudeste,Esporte e Lazer,Prancha Maré,Marketplace,5,480.28,2401.4,2010.69,390.71,
2025-12-26,Sul,Casa e Decoração,Tapete Onda,Loja física,4,255.98,1023.92,603.14,420.78,4.2
2025-12-26,Centro-Oeste,Vestuário,Jaqueta Norte,E-commerce,1,245.72,245.72,120.63,125.09,3.0
2025-12-27,Nordeste,Vestuário,Calça Trilha,E-commerce,4,157.61,630.44,295.28,335.16,4.0
2025-12-27,Sul,Esporte e Lazer,Barraca Cume,E-commerce,4,490.7,1962.8,1099.07,863.73,5.0
2025-12-27,Norte,Esporte e Lazer,Prancha Maré,E-commerce,1,459.0,459.0,271.11,187.89,4.3
2025-12-27,Norte,Alimentos,Azeite Oliva,E-commerce,4,48.83,195.32,157.19,38.13,3.6
2025-12-28,Centro-Oeste,Esporte e Lazer,Halteres Par,Loja física,1,229.9,229.9,115.8,114.1,5.0
2025-12-28,Sul,Casa e Decoração,Tapete Onda,E-commerce,3,322.66,967.98,584.11,383.87,3.6
2025-12-28,Sul,Eletrônicos,Fone Pulse,Loja física,3,2360.6,7081.8,4966.74,2115.06,3.4
2025-12-28,Sul,Esporte e Lazer,Halteres Par,Marketplace,3,178.16,534.48,390.43,144.05,3.5
2025-12-28,Centro-Oeste,Esporte e Lazer,Barraca Cume,E-commerce,3,510.6,1531.8,931.14,600.66,4.5
2025-12-28,Sudeste,Alimentos,Granola Cheia,Marketplace,1,44.73,44.73,34.51,10.22,3.5
2025-12-28,Sudeste,Esporte e Lazer,Prancha Maré,Loja física,1,568.72,568.72,405.44,163.28,3.6
2025-12-28,Nordeste,Casa e Decoração,Cadeira Foco,Marketplace,2,396.23,792.46,604.67,187.79,3.6
2025-12-29,Sudeste,Esporte e Lazer,Bicicleta Rota,Marketplace,2,541.82,1083.64,871.86,211.78,3.5
2025-12-29,Norte,Casa e Decoração,Tapete Onda,Loja física,1,322.93,322.93,194.1,128.83,4.9
2025-12-29,Nordeste,Vestuário,Jaqueta Norte,E-commerce,4,181.58,726.32,395.09,331.23,3.7
2025-12-29,Sudeste,Esporte e Lazer,Halteres Par,Loja física,1,347.5,347.5,233.24,114.26,4.4
2025-12-29,Sul,Vestuário,Tênis Passo,Marketplace,2,216.06,432.12,260.29,171.83,4.1
2025-12-29,Sudeste,Eletrônicos,Fone Pulse,E-commerce,4,1481.52,5926.08,5067.67,858.41,3.4
2025-12-30,Sudeste,Eletrônicos,Fone Pulse,E-commerce,5,1435.0,7175.0,5831.53,1343.47,3.9
2025-12-30,Nordeste,Eletrônicos,Tablet Nimbus,Loja física,2,1819.33,3638.66,3114.11,524.55,4.1
2025-12-30,Sul,Vestuário,Jaqueta Norte,E-commerce,6,81.48,488.88,246.3,242.58,4.2
2025-12-30,Norte,Vestuário,Camiseta Base,Loja física,4,132.12,528.48,215.46,313.02,
2025-12-31,Centro-Oeste,Alimentos,Granola Cheia,E-commerce,1,69.52,69.52,51.66,17.86,4.2
2025-12-31,Norte,Eletrônicos,Fone Pulse,E-commerce,3,1318.53,3955.59,3051.39,904.2,3.8
2025-12-31,Sul,Casa e Decoração,Cadeira Foco,E-commerce,5,314.37,1571.85,947.72,624.13,3.4
2025-12-31,Sudeste,Casa e Decoração,Luminária Sol,E-commerce,6,167.68,1006.08,571.96,434.12,4.7
2025-12-31,Sul,Eletrônicos,Notebook Aura,E-commerce,4,1890.04,7560.16,6817.91,742.25,3.2
2025-12-31,Centro-Oeste,Vestuário,Jaqueta Norte,E-commerce,4,221.31,885.24,412.98,472.26,3.8
2025-12-31,Centro-Oeste,Esporte e Lazer,Halteres Par,E-commerce,1,223.18,223.18,144.78,78.4,3.5
